country,iso_code,continent,un_region,income_group,year,population,gdp_billion_intl_dollars,gdp_per_capita_intl_dollars,co2_Mt,co2_per_capita_tonnes,coal_co2_Mt,oil_co2_Mt,gas_co2_Mt,cement_co2_Mt,methane_Mt_co2eq,nitrous_oxide_Mt_co2eq,total_ghg_Mt_co2eq,energy_per_capita_kWh,share_global_co2_pct,temp_change_from_co2_celsius
Afghanistan,AFG,Asia,Southern Asia,Low income,2013,31622709.0,63.0,1992.0,8.89,0.28,2.97,5.59,0.3,0.04,15.18,4.56,30.17,1007.8,0.02,0.0
Afghanistan,AFG,Asia,Southern Asia,Low income,2014,32792528.0,64.3,1962.0,8.7,0.26,3.24,5.16,0.27,0.03,15.55,4.84,30.69,812.08,0.02,0.0
Afghanistan,AFG,Asia,Southern Asia,Low income,2015,33831767.0,62.8,1856.0,9.38,0.28,2.44,6.62,0.28,0.04,14.82,4.81,30.71,914.92,0.03,0.0
Afghanistan,AFG,Asia,Southern Asia,Low income,2016,34700613.0,64.4,1855.0,8.61,0.25,2.42,5.79,0.32,0.08,14.81,4.78,29.95,809.07,0.02,0.0
Afghanistan,AFG,Asia,Southern Asia,Low income,2017,35688941.0,65.2,1826.0,9.31,0.26,2.89,6.07,0.3,0.04,14.78,4.98,33.68,1023.21,0.03,0.0
Afghanistan,AFG,Asia,Southern Asia,Low income,2018,36743040.0,66.0,1796.0,10.19,0.28,3.22,6.62,0.29,0.06,15.19,4.84,33.58,1265.34,0.03,0.0
Afghanistan,AFG,Asia,Southern Asia,Low income,2019,37856125.0,73.1,1931.0,10.4,0.28,3.27,6.84,0.25,0.04,15.22,4.6,36.55,1244.49,0.03,0.0
Afghanistan,AFG,Asia,Southern Asia,Low income,2020,39068977.0,71.4,1828.0,11.12,0.28,3.64,7.27,0.15,0.06,15.25,4.57,35.76,1200.74,0.03,0.0
Afghanistan,AFG,Asia,Southern Asia,Low income,2021,40000410.0,56.6,1416.0,9.87,0.25,2.99,6.7,0.16,0.02,15.43,4.43,33.33,1189.22,0.03,0.0
Afghanistan,AFG,Asia,Southern Asia,Low income,2022,40578847.0,53.3,1314.0,10.17,0.25,3.49,6.53,0.14,0.01,16.08,4.42,36.65,1111.57,0.03,0.0
Albania,ALB,Europe,Southern Europe,Lower-middle,2013,2907571.0,28.1,9664.0,5.35,1.84,0.85,3.34,0.03,1.13,3.01,1.14,9.96,9065.4,0.02,0.0
Albania,ALB,Europe,Southern Europe,Lower-middle,2014,2903748.0,28.6,9848.0,6.07,2.09,1.1,3.86,0.06,1.04,3.06,1.16,10.84,8866.9,0.02,0.0
Albania,ALB,Europe,Southern Europe,Lower-middle,2015,2898634.0,29.2,10085.0,4.71,1.63,0.32,3.34,0.06,0.95,3.11,1.2,10.13,8292.75,0.01,0.0
Albania,ALB,Europe,Southern Europe,Lower-middle,2016,2897868.0,30.2,10422.0,4.56,1.57,0.19,3.36,0.08,0.88,3.06,1.23,9.36,9234.72,0.01,0.0
Albania,ALB,Europe,Southern Europe,Lower-middle,2017,2898245.0,31.3,10817.0,5.34,1.84,0.44,3.78,0.08,1.01,3.06,1.21,10.08,10106.21,0.02,0.0
Albania,ALB,Europe,Southern Europe,Lower-middle,2018,2894229.0,32.6,11267.0,5.2,1.8,0.85,3.33,0.07,0.93,3.08,1.11,9.62,9672.06,0.01,0.0
Albania,ALB,Europe,Southern Europe,Lower-middle,2019,2885011.0,33.3,11539.0,4.94,1.71,0.45,3.43,0.13,0.93,2.84,1.13,8.94,8630.01,0.01,0.0
Albania,ALB,Europe,Southern Europe,Lower-middle,2020,2871950.0,32.1,11188.0,4.86,1.69,0.57,2.88,0.1,1.32,2.63,1.03,8.3,7353.77,0.01,0.0
Albania,ALB,Europe,Southern Europe,Upper-middle,2021,2849641.0,34.9,12236.0,5.14,1.8,0.86,2.86,0.1,1.31,2.58,0.82,8.34,8945.9,0.01,0.0
Albania,ALB,Europe,Southern Europe,Upper-middle,2022,2827614.0,36.2,12792.0,4.5,1.59,0.54,2.95,0.09,0.91,2.43,0.86,7.42,9148.74,0.01,0.0
Algeria,DZA,Africa,Northern Africa,Upper-middle,2013,38414176.0,512.4,13338.0,141.53,3.68,0.78,52.02,65.45,7.9,59.81,7.66,209.3,13978.61,0.4,0.0
Algeria,DZA,Africa,Northern Africa,Upper-middle,2014,39205035.0,531.8,13566.0,152.44,3.89,0.58,53.58,73.83,8.09,62.76,7.99,223.07,14937.2,0.43,0.0
Algeria,DZA,Africa,Northern Africa,Upper-middle,2015,40019528.0,551.5,13781.0,160.32,4.01,0.54,55.59,78.77,8.26,62.78,8.14,231.05,15430.42,0.45,0.0
Algeria,DZA,Africa,Northern Africa,Upper-middle,2016,40850719.0,569.2,13933.0,158.31,3.88,0.0,54.63,78.68,8.93,64.47,8.14,230.96,15103.67,0.45,0.0
Algeria,DZA,Africa,Northern Africa,Upper-middle,2017,41689302.0,577.1,13844.0,165.25,3.96,0.92,55.32,82.35,10.1,64.0,8.12,237.6,14962.94,0.46,0.0
Algeria,DZA,Africa,Northern Africa,Upper-middle,2018,42505033.0,584.1,13741.0,174.46,4.1,1.55,56.23,88.89,11.4,64.05,8.26,248.32,15753.89,0.48,0.0
Algeria,DZA,Africa,Northern Africa,Upper-middle,2019,43294551.0,589.9,13625.0,182.42,4.21,1.27,59.64,92.0,12.54,63.56,8.34,254.63,16037.79,0.49,0.0
Algeria,DZA,Africa,Northern Africa,Upper-middle,2020,44042094.0,559.8,12711.0,171.14,3.89,0.57,54.13,87.03,11.88,60.41,7.98,239.32,14733.6,0.49,0.0
Algeria,DZA,Africa,Northern Africa,Upper-middle,2021,44761099.0,578.9,12932.0,182.04,4.07,1.18,57.34,96.26,11.92,65.38,8.02,256.17,15808.98,0.49,0.0
Algeria,DZA,Africa,Northern Africa,Upper-middle,2022,45477391.0,595.8,13101.0,192.78,4.24,0.76,61.61,101.38,12.84,67.58,8.2,269.22,16145.34,0.51,0.0
Andorra,AND,Europe,Southern Europe,Unknown,2013,75220.0,,,0.48,6.33,0.0,0.48,0.0,0.0,0.09,0.04,0.6,,0.0,0.0
Andorra,AND,Europe,Southern Europe,Unknown,2014,73755.0,,,0.46,6.26,0.0,0.46,0.0,0.0,0.08,0.04,0.58,,0.0,0.0
Andorra,AND,Europe,Southern Europe,Unknown,2015,72195.0,,,0.46,6.44,0.0,0.46,0.0,0.0,0.08,0.04,0.58,,0.0,0.0
Andorra,AND,Europe,Southern Europe,Unknown,2016,72197.0,,,0.47,6.55,0.0,0.47,0.0,0.0,0.08,0.04,0.59,,0.0,0.0
Andorra,AND,Europe,Southern Europe,Unknown,2017,73780.0,,,0.47,6.41,0.0,0.47,0.0,0.0,0.08,0.04,0.59,,0.0,0.0
Andorra,AND,Europe,Southern Europe,Unknown,2018,75181.0,,,0.5,6.63,0.0,0.5,0.0,0.0,0.08,0.04,0.61,,0.0,0.0
Andorra,AND,Europe,Southern Europe,Unknown,2019,76492.0,,,0.49,6.42,0.0,0.49,0.0,0.0,0.08,0.04,0.61,,0.0,0.0
Andorra,AND,Europe,Southern Europe,Unknown,2020,77397.0,,,0.38,4.88,0.0,0.37,0.0,0.0,0.08,0.04,0.49,,0.0,0.0
Andorra,AND,Europe,Southern Europe,Unknown,2021,78379.0,,,0.41,5.28,0.0,0.41,0.01,0.0,0.08,0.04,0.53,,0.0,0.0
Andorra,AND,Europe,Southern Europe,Unknown,2022,79722.0,,,0.42,5.31,0.0,0.42,0.01,0.0,0.08,0.04,0.53,,0.0,0.0
Angola,AGO,Africa,Middle Africa,Lower-middle,2013,26165616.0,160.0,6116.0,25.71,0.98,0.0,17.44,0.77,1.56,54.45,17.45,205.22,3570.17,0.07,0.0
Angola,AGO,Africa,Middle Africa,Lower-middle,2014,27160767.0,167.8,6176.0,26.09,0.96,0.0,16.98,0.58,1.98,53.22,16.95,201.2,3800.6,0.07,0.0
Angola,AGO,Africa,Middle Africa,Lower-middle,2015,28157802.0,169.3,6014.0,27.5,0.98,0.0,16.17,1.44,2.03,55.85,17.64,211.53,3852.95,0.08,0.0
Angola,AGO,Africa,Middle Africa,Lower-middle,2016,29183072.0,165.0,5653.0,25.47,0.87,0.0,14.17,1.5,1.5,54.83,17.8,198.19,3330.99,0.07,0.0
Angola,AGO,Africa,Middle Africa,Lower-middle,2017,30234836.0,164.7,5448.0,23.6,0.78,0.0,13.89,1.57,1.0,52.94,17.89,193.46,2774.1,0.07,0.0
Angola,AGO,Africa,Middle Africa,Lower-middle,2018,31297160.0,162.6,5194.0,23.28,0.74,0.0,15.41,1.61,1.01,48.77,16.05,178.22,3004.17,0.06,0.0
Angola,AGO,Africa,Middle Africa,Lower-middle,2019,32375633.0,161.4,4986.0,22.21,0.69,0.0,14.29,2.43,1.12,49.45,17.92,172.22,3018.67,0.06,0.0
Angola,AGO,Africa,Middle Africa,Lower-middle,2020,33451139.0,152.3,4553.0,16.55,0.5,0.0,9.47,2.49,1.08,47.14,17.07,158.35,2326.4,0.05,0.0
Angola,AGO,Africa,Middle Africa,Lower-middle,2021,34532427.0,154.0,4459.0,19.22,0.56,0.0,12.28,2.47,1.08,45.25,17.29,157.44,2529.96,0.05,0.0
Angola,AGO,Africa,Middle Africa,Lower-middle,2022,35635028.0,158.3,4444.0,21.09,0.59,0.0,14.89,1.93,1.12,45.56,17.33,161.25,2739.32,0.06,0.0
Anguilla,AIA,America,Caribbean,Unknown,2013,13272.0,,,0.11,8.56,0.0,0.11,0.0,0.0,0.0,0.0,0.0,,0.0,0.0
Anguilla,AIA,America,Caribbean,Unknown,2014,13748.0,,,0.12,8.8,0.0,0.12,0.0,0.0,0.0,0.0,0.0,,0.0,0.0
Anguilla,AIA,America,Caribbean,Unknown,2015,14235.0,,,0.14,9.52,0.0,0.14,0.0,0.0,0.0,0.0,0.0,,0.0,0.0
Anguilla,AIA,America,Caribbean,Unknown,2016,14344.0,,,0.14,9.71,0.0,0.14,0.0,0.0,0.0,0.0,0.0,,0.0,0.0
Anguilla,AIA,America,Caribbean,Unknown,2017,14450.0,,,0.13,8.88,0.0,0.13,0.0,0.0,0.0,0.0,0.0,,0.0,0.0
Anguilla,AIA,America,Caribbean,Unknown,2018,14747.0,,,0.13,8.94,0.0,0.13,0.0,0.0,0.0,0.0,0.0,,0.0,0.0
Anguilla,AIA,America,Caribbean,Unknown,2019,14845.0,,,0.14,9.63,0.0,0.14,0.0,0.0,0.0,0.0,0.0,,0.0,0.0
Anguilla,AIA,America,Caribbean,Unknown,2020,14864.0,,,0.14,9.12,0.0,0.14,0.0,0.0,0.0,0.0,0.0,,0.0,0.0
Anguilla,AIA,America,Caribbean,Unknown,2021,14503.0,,,0.14,9.6,0.0,0.14,0.0,0.0,0.0,0.0,0.0,,0.0,0.0
Anguilla,AIA,America,Caribbean,Unknown,2022,14202.0,,,0.14,10.06,0.0,0.14,0.0,0.0,0.0,0.0,0.0,,0.0,0.0
Antigua and Barbuda,ATG,America,Caribbean,Unknown,2013,88074.0,,,0.56,6.32,0.0,0.56,0.0,0.0,0.06,0.01,0.62,33005.02,0.0,0.0
Antigua and Barbuda,ATG,America,Caribbean,Unknown,2014,88784.0,,,0.57,6.4,0.0,0.57,0.0,0.0,0.06,0.01,0.63,33476.52,0.0,0.0
Antigua and Barbuda,ATG,America,Caribbean,Unknown,2015,89421.0,,,0.58,6.47,0.0,0.58,0.0,0.0,0.06,0.01,0.64,33930.76,0.0,0.0
Antigua and Barbuda,ATG,America,Caribbean,Unknown,2016,89980.0,,,0.59,6.6,0.0,0.59,0.0,0.0,0.06,0.02,0.65,34220.05,0.0,0.0
Antigua and Barbuda,ATG,America,Caribbean,Unknown,2017,90483.0,,,0.6,6.64,0.0,0.6,0.0,0.0,0.06,0.01,0.67,32348.73,0.0,0.0
Antigua and Barbuda,ATG,America,Caribbean,Unknown,2018,90942.0,,,0.62,6.77,0.0,0.62,0.0,0.0,0.06,0.01,0.68,32080.17,0.0,0.0
Antigua and Barbuda,ATG,America,Caribbean,Unknown,2019,91377.0,,,0.64,6.98,0.0,0.64,0.0,0.0,0.06,0.01,0.7,33123.3,0.0,0.0
Antigua and Barbuda,ATG,America,Caribbean,Unknown,2020,91864.0,,,0.62,6.7,0.0,0.62,0.0,0.0,0.06,0.01,0.67,31833.91,0.0,0.0
Antigua and Barbuda,ATG,America,Caribbean,Unknown,2021,92358.0,,,0.63,6.86,0.0,0.63,0.0,0.0,0.06,0.01,0.69,32921.89,0.0,0.0
Antigua and Barbuda,ATG,America,Caribbean,Unknown,2022,92850.0,,,0.64,6.91,0.0,0.64,0.0,0.0,0.06,0.01,0.7,32896.39,0.0,0.0
Argentina,ARG,America,South America,Upper-middle,2013,42582453.0,849.1,19940.0,189.52,4.45,4.84,87.49,91.34,4.57,109.3,41.1,403.47,23705.75,0.54,0.01
Argentina,ARG,America,South America,Upper-middle,2014,43024071.0,827.8,19239.0,188.54,4.38,5.54,84.29,92.84,4.48,110.42,41.19,449.45,23080.28,0.53,0.01
Argentina,ARG,America,South America,Upper-middle,2015,43477011.0,850.4,19559.0,191.81,4.41,5.47,86.95,93.54,4.64,109.97,40.86,413.0,23230.49,0.54,0.01
Argentina,ARG,America,South America,Upper-middle,2016,43900312.0,832.7,18967.0,190.02,4.33,4.19,84.55,96.3,4.13,111.82,43.6,414.58,22909.22,0.54,0.01
Argentina,ARG,America,South America,Upper-middle,2017,44288898.0,856.1,19331.0,187.07,4.22,4.28,80.86,96.44,4.53,115.89,46.0,396.41,22511.02,0.52,0.01
Argentina,ARG,America,South America,Upper-middle,2018,44654876.0,833.7,18671.0,182.48,4.09,4.36,76.11,96.12,4.54,115.39,45.2,406.82,22081.68,0.5,0.01
Argentina,ARG,America,South America,Upper-middle,2019,44973469.0,817.1,18167.0,180.43,4.01,2.14,76.61,95.61,4.3,115.65,46.94,432.56,20582.31,0.49,0.01
Argentina,ARG,America,South America,Upper-middle,2020,45191960.0,735.8,16282.0,164.61,3.64,3.22,66.68,89.08,3.64,115.13,48.16,397.66,19117.82,0.47,0.01
Argentina,ARG,America,South America,Upper-middle,2021,45312282.0,812.3,17927.0,190.2,4.2,4.51,85.44,93.07,4.85,112.75,48.26,437.43,20925.62,0.52,0.01
Argentina,ARG,America,South America,Upper-middle,2022,45407904.0,854.9,18827.0,183.77,4.05,4.73,81.97,89.62,5.26,115.33,50.3,432.11,22049.94,0.49,0.01
Armenia,ARM,Asia,Western Asia,Lower-middle,2013,2922526.0,27.5,9424.0,5.54,1.89,0.0,0.86,4.42,0.26,1.66,1.0,9.31,13407.28,0.02,0.0
Armenia,ARM,Asia,Western Asia,Lower-middle,2014,2922433.0,28.5,9765.0,5.6,1.92,0.0,0.86,4.49,0.24,1.7,0.96,9.15,13808.04,0.02,0.0
Armenia,ARM,Asia,Western Asia,Lower-middle,2015,2921179.0,29.5,10087.0,5.47,1.87,0.0,0.8,4.43,0.24,1.74,1.06,9.16,12623.13,0.02,0.0
Armenia,ARM,Asia,Western Asia,Lower-middle,2016,2918796.0,29.5,10115.0,5.21,1.78,0.0,0.81,4.24,0.15,1.78,1.53,9.32,12668.35,0.02,0.0
Armenia,ARM,Asia,Western Asia,Lower-middle,2017,2914966.0,31.7,10889.0,5.54,1.9,0.0,0.87,4.46,0.2,1.72,1.17,9.14,13658.81,0.02,0.0
Armenia,ARM,Asia,Western Asia,Lower-middle,2018,2909971.0,33.4,11478.0,5.82,2.0,0.0,0.82,4.68,0.32,1.63,1.14,9.2,13424.77,0.02,0.0
Armenia,ARM,Asia,Western Asia,Upper-middle,2019,2903975.0,35.9,12379.0,6.28,2.16,0.01,1.04,4.89,0.34,1.62,0.76,9.22,14248.77,0.02,0.0
Armenia,ARM,Asia,Western Asia,Lower-middle,2020,2890893.0,33.4,11546.0,6.8,2.35,0.03,1.45,4.9,0.41,1.63,0.78,9.76,15475.3,0.02,0.0
Armenia,ARM,Asia,Western Asia,Upper-middle,2021,2870339.0,35.3,12290.0,7.35,2.56,0.04,1.52,5.35,0.43,1.68,0.75,10.41,15976.38,0.02,0.0
Armenia,ARM,Asia,Western Asia,Upper-middle,2022,2880880.0,39.7,13788.0,7.7,2.67,0.04,1.52,5.56,0.58,1.63,0.72,10.64,17194.47,0.02,0.0
Aruba,ABW,America,Caribbean,Unknown,2013,102570.0,,,0.86,8.4,0.0,0.86,0.0,0.0,0.02,0.01,0.89,47742.64,0.0,0.0
Aruba,ABW,America,Caribbean,Unknown,2014,103381.0,,,0.87,8.44,0.0,0.87,0.0,0.0,0.02,0.01,0.9,47990.93,0.0,0.0
Aruba,ABW,America,Caribbean,Unknown,2015,104200.0,,,0.9,8.62,0.0,0.9,0.0,0.0,0.02,0.01,0.93,48905.53,0.0,0.0
Aruba,ABW,America,Caribbean,Unknown,2016,104989.0,,,0.88,8.41,0.0,0.88,0.0,0.0,0.02,0.01,0.91,47619.42,0.0,0.0
Aruba,ABW,America,Caribbean,Unknown,2017,105737.0,,,0.89,8.42,0.0,0.89,0.0,0.0,0.02,0.01,0.92,49061.2,0.0,0.0
Aruba,ABW,America,Caribbean,Unknown,2018,106447.0,,,0.87,8.16,0.0,0.87,0.0,0.0,0.02,0.01,0.9,46080.55,0.0,0.0
Aruba,ABW,America,Caribbean,Unknown,2019,107089.0,,,0.83,7.77,0.0,0.83,0.0,0.0,0.02,0.01,0.86,43634.25,0.0,0.0
Aruba,ABW,America,Caribbean,Unknown,2020,107411.0,,,0.82,7.64,0.0,0.82,0.0,0.0,0.02,0.01,0.85,42530.23,0.0,0.0
Aruba,ABW,America,Caribbean,Unknown,2021,107565.0,,,0.86,8.01,0.0,0.86,0.0,0.0,0.02,0.01,0.89,44880.77,0.0,0.0
Aruba,ABW,America,Caribbean,Unknown,2022,107792.0,,,0.89,8.24,0.0,0.89,0.0,0.0,0.02,0.01,0.92,45827.12,0.0,0.0
Australia,AUS,Oceania,Australia and New Zealand,High income,2013,23236271.0,1086.1,46740.0,397.85,17.12,176.44,135.76,69.98,3.29,153.63,63.84,693.84,66946.46,1.13,0.01
Australia,AUS,Oceania,Australia and New Zealand,High income,2014,23595599.0,1113.9,47207.0,392.61,16.64,168.22,137.13,70.91,3.14,164.13,75.85,671.16,66387.73,1.11,0.01
Australia,AUS,Oceania,Australia and New Zealand,High income,2015,23947997.0,1139.3,47574.0,400.59,16.73,174.22,136.87,71.67,3.08,161.09,72.21,637.97,66879.32,1.13,0.01
Australia,AUS,Oceania,Australia and New Zealand,High income,2016,24329963.0,1170.0,48088.0,409.67,16.84,179.59,136.76,74.09,2.93,142.95,59.02,677.37,66045.68,1.16,0.01
Australia,AUS,Oceania,Australia and New Zealand,High income,2017,24731044.0,1197.8,48434.0,413.41,16.72,176.95,139.22,75.48,3.02,166.52,79.36,716.29,64778.02,1.15,0.01
Australia,AUS,Oceania,Australia and New Zealand,High income,2018,25119700.0,1231.6,49028.0,414.78,16.51,169.34,143.4,78.35,2.94,168.04,78.0,681.08,64726.42,1.13,0.01
Australia,AUS,Oceania,Australia and New Zealand,High income,2019,25482714.0,1255.5,49269.0,414.92,16.28,164.89,142.69,80.31,3.04,154.26,64.19,645.71,65938.53,1.12,0.01
Australia,AUS,Oceania,Australia and New Zealand,High income,2020,25743787.0,1232.3,47866.0,398.55,15.48,156.62,134.78,83.38,2.82,135.22,54.75,637.9,61584.26,1.13,0.01
Australia,AUS,Oceania,Australia and New Zealand,High income,2021,25956417.0,1296.7,49957.0,388.47,14.97,151.82,134.18,80.2,2.9,140.75,64.21,625.99,61230.44,1.05,0.01
Australia,AUS,Oceania,Australia and New Zealand,High income,2022,26200987.0,1344.3,51305.0,384.08,14.66,146.0,133.83,80.25,2.82,139.42,65.82,609.02,63386.54,1.02,0.01
Austria,AUT,Europe,Western Europe,High income,2013,8481411.0,352.2,41524.0,67.76,7.99,14.96,33.45,16.33,1.66,9.54,3.82,81.28,48441.51,0.19,0.0
Austria,AUT,Europe,Western Europe,High income,2014,8547812.0,354.5,41474.0,64.16,7.51,13.8,32.41,14.95,1.64,9.37,3.88,77.0,46197.7,0.18,0.0
Austria,AUT,Europe,Western Europe,High income,2015,8644037.0,358.1,41428.0,66.36,7.68,14.37,32.99,15.97,1.7,8.96,3.96,78.64,45856.26,0.19,0.0
Austria,AUT,Europe,Western Europe,High income,2016,8737920.0,365.2,41799.0,67.22,7.69,13.33,34.11,16.74,1.73,9.0,3.96,79.29,46881.99,0.19,0.0
Austria,AUT,Europe,Western Europe,High income,2017,8798779.0,373.5,42447.0,69.6,7.91,14.02,34.55,17.98,1.71,9.21,3.9,82.01,47457.57,0.19,0.0
Austria,AUT,Europe,Western Europe,High income,2018,8841653.0,382.5,43266.0,66.57,7.53,12.29,34.09,17.02,1.83,9.21,3.83,79.04,46190.7,0.18,0.0
Austria,AUT,Europe,Western Europe,High income,2019,8880876.0,388.3,43728.0,67.95,7.65,13.0,34.09,17.79,1.77,9.18,3.75,80.43,48188.98,0.18,0.0
Austria,AUT,Europe,Western Europe,High income,2020,8921402.0,363.3,40720.0,62.18,6.97,11.37,30.78,16.96,1.82,9.1,3.78,74.42,44852.16,0.18,0.0
Austria,AUT,Europe,Western Europe,High income,2021,8967053.0,379.8,42359.0,65.75,7.33,12.41,32.17,17.92,1.89,9.32,3.76,78.63,45314.2,0.18,0.0
Austria,AUT,Europe,Western Europe,High income,2022,9064678.0,398.8,43997.0,61.45,6.78,11.66,30.7,15.97,1.83,9.22,3.64,74.0,42122.1,0.16,0.0
Azerbaijan,AZE,Asia,Western Asia,Upper-middle,2013,9504417.0,157.9,16615.0,33.56,3.53,0.01,12.07,19.94,0.72,12.24,3.14,51.03,16225.27,0.1,0.0
Azerbaijan,AZE,Asia,Western Asia,Upper-middle,2014,9631136.0,162.3,16855.0,34.34,3.57,0.01,11.63,21.2,0.92,12.3,3.21,52.08,16326.35,0.1,0.0
Azerbaijan,AZE,Asia,Western Asia,Upper-middle,2015,9752859.0,164.0,16819.0,34.68,3.56,0.01,11.53,21.93,0.84,12.3,3.56,54.34,17618.03,0.1,0.0
Azerbaijan,AZE,Asia,Western Asia,Upper-middle,2016,9868434.0,159.0,16113.0,34.73,3.52,0.0,12.14,21.51,0.73,12.16,3.49,56.55,17246.13,0.1,0.0
Azerbaijan,AZE,Asia,Western Asia,Upper-middle,2017,9968510.0,159.3,15976.0,34.7,3.48,0.0,12.59,20.89,0.93,11.9,3.42,54.15,16748.14,0.1,0.0
Azerbaijan,AZE,Asia,Western Asia,Upper-middle,2018,10039782.0,161.6,16100.0,34.58,3.44,0.0,11.84,21.28,1.08,11.96,3.72,53.68,17546.86,0.09,0.0
Azerbaijan,AZE,Asia,Western Asia,Upper-middle,2019,10110483.0,165.7,16384.0,37.75,3.73,0.0,12.11,24.12,1.1,12.22,3.46,56.19,18385.93,0.1,0.0
Azerbaijan,AZE,Asia,Western Asia,Upper-middle,2020,10181736.0,158.7,15586.0,36.24,3.56,0.0,10.63,24.33,1.02,12.08,3.48,54.28,18162.77,0.1,0.0
Azerbaijan,AZE,Asia,Western Asia,Upper-middle,2021,10234372.0,167.6,16375.0,38.3,3.74,0.0,11.74,25.22,1.08,12.51,3.22,56.2,19302.55,0.1,0.0
Azerbaijan,AZE,Asia,Western Asia,Upper-middle,2022,10295307.0,175.4,17034.0,41.18,4.0,0.04,12.85,26.79,1.12,12.46,3.09,58.8,20425.45,0.11,0.0
Bahamas,BHS,America,Caribbean,Unknown,2013,378957.0,,,1.99,5.26,0.0,1.99,0.0,0.0,0.32,0.06,2.37,33224.72,0.01,0.0
Bahamas,BHS,America,Caribbean,Unknown,2014,382312.0,,,2.06,5.4,0.0,2.06,0.0,0.0,0.31,0.05,2.42,32329.91,0.01,0.0
Bahamas,BHS,America,Caribbean,Unknown,2015,385355.0,,,2.23,5.79,0.0,2.23,0.0,0.0,0.32,0.05,2.6,30661.69,0.01,0.0
Bahamas,BHS,America,Caribbean,Unknown,2016,388060.0,,,2.25,5.79,0.0,2.24,0.0,0.0,0.32,0.06,2.62,31876.51,0.01,0.0
Bahamas,BHS,America,Caribbean,Unknown,2017,390496.0,,,2.52,6.46,0.0,2.52,0.0,0.0,0.33,0.07,2.92,37776.19,0.01,0.0
Bahamas,BHS,America,Caribbean,Unknown,2018,392718.0,,,2.46,6.25,0.0,2.45,0.0,0.0,0.33,0.06,2.84,30950.48,0.01,0.0
Bahamas,BHS,America,Caribbean,Unknown,2019,394684.0,,,2.52,6.39,0.0,2.52,0.0,0.0,0.33,0.06,2.91,31914.69,0.01,0.0
Bahamas,BHS,America,Caribbean,Unknown,2020,395874.0,,,2.05,5.18,0.0,2.05,0.0,0.0,0.34,0.06,2.44,26472.56,0.01,0.0
Bahamas,BHS,America,Caribbean,Unknown,2021,396381.0,,,2.73,6.88,0.0,2.72,0.0,0.0,0.34,0.05,3.11,33613.32,0.01,0.0
Bahamas,BHS,America,Caribbean,Unknown,2022,397542.0,,,2.96,7.45,0.0,2.96,0.0,0.0,0.34,0.05,3.35,31185.01,0.01,0.0
Bahrain,BHR,Asia,Western Asia,High income,2013,1257206.0,47.8,38032.0,31.23,24.84,0.0,4.37,26.18,0.52,23.71,0.19,55.12,161939.02,0.09,0.0
Bahrain,BHR,Asia,Western Asia,High income,2014,1312857.0,49.9,38004.0,30.97,23.59,0.0,2.01,28.35,0.52,24.32,0.19,55.48,153717.31,0.09,0.0
Bahrain,BHR,Asia,Western Asia,High income,2015,1369656.0,51.1,37334.0,32.52,23.74,0.0,3.78,28.24,0.42,24.2,0.19,56.92,148644.03,0.09,0.0
Bahrain,BHR,Asia,Western Asia,High income,2016,1429609.0,53.0,37041.0,31.64,22.13,0.0,3.71,27.17,0.56,24.36,0.19,56.18,142093.94,0.09,0.0
Bahrain,BHR,Asia,Western Asia,High income,2017,1482003.0,55.2,37265.0,32.92,22.21,0.0,4.08,27.99,0.6,23.78,0.2,56.89,140425.52,0.09,0.0
Bahrain,BHR,Asia,Western Asia,High income,2018,1497634.0,56.4,37654.0,32.7,21.83,0.0,3.68,28.4,0.47,23.6,0.2,56.5,141234.8,0.09,0.0
Bahrain,BHR,Asia,Western Asia,High income,2019,1485675.0,57.6,38779.0,37.62,25.32,0.0,3.75,33.28,0.27,24.33,0.21,62.15,155659.12,0.1,0.0
Bahrain,BHR,Asia,Western Asia,High income,2020,1483081.0,54.9,37043.0,37.43,25.24,0.0,3.61,33.13,0.25,24.36,0.2,62.0,154316.02,0.11,0.0
Bahrain,BHR,Asia,Western Asia,High income,2021,1501762.0,56.4,37559.0,36.26,24.15,0.0,3.26,32.47,0.29,24.0,0.21,60.47,159229.72,0.1,0.0
Bahrain,BHR,Asia,Western Asia,High income,2022,1533460.0,58.8,38325.0,37.83,24.67,0.0,4.66,32.67,0.32,23.97,0.21,62.01,154504.28,0.1,0.0
Bangladesh,BGD,Asia,Southern Asia,Lower-middle,2013,156532134.0,486.1,3106.0,64.76,0.41,3.75,16.31,43.94,0.74,85.88,26.15,176.81,1958.55,0.18,0.0
Bangladesh,BGD,Asia,Southern Asia,Lower-middle,2014,157964931.0,516.8,3272.0,67.55,0.43,3.51,18.29,44.97,0.75,86.57,27.09,180.45,2016.64,0.19,0.0
Bangladesh,BGD,Asia,Southern Asia,Lower-middle,2015,159383179.0,552.1,3464.0,76.95,0.48,8.61,18.73,48.49,1.06,87.03,27.74,193.62,2416.2,0.22,0.0
Bangladesh,BGD,Asia,Southern Asia,Lower-middle,2016,160811934.0,589.9,3668.0,81.76,0.51,6.07,21.64,52.9,1.12,86.75,27.04,195.21,2404.68,0.23,0.0
Bangladesh,BGD,Asia,Southern Asia,Lower-middle,2017,162186146.0,631.0,3890.0,86.53,0.53,7.15,25.48,52.68,1.21,89.0,27.87,204.85,2484.58,0.24,0.0
Bangladesh,BGD,Asia,Southern Asia,Lower-middle,2018,163523109.0,678.9,4152.0,86.61,0.53,8.18,24.36,52.65,1.39,89.1,28.65,208.47,2631.36,0.24,0.0
Bangladesh,BGD,Asia,Southern Asia,Lower-middle,2019,164913060.0,717.2,4349.0,94.81,0.57,8.68,25.19,59.42,1.5,89.56,28.64,217.99,2926.16,0.26,0.0
Bangladesh,BGD,Asia,Southern Asia,Lower-middle,2020,166298024.0,754.4,4536.0,95.73,0.58,10.55,23.64,60.13,1.39,90.91,28.94,219.78,2750.77,0.27,0.0
Bangladesh,BGD,Asia,Southern Asia,Lower-middle,2021,167658855.0,807.3,4815.0,98.53,0.59,14.22,22.6,60.16,1.51,92.28,30.4,223.93,2937.34,0.27,0.0
Bangladesh,BGD,Asia,Southern Asia,Lower-middle,2022,169384891.0,858.1,5066.0,102.15,0.6,16.15,25.76,58.78,1.42,93.14,30.68,228.96,3023.73,0.27,0.0
Barbados,BRB,America,Caribbean,Upper-middle,2013,277669.0,3.4,12291.0,1.54,5.55,0.0,1.42,0.04,0.07,0.16,0.05,1.71,26601.33,0.0,0.0
Barbados,BRB,America,Caribbean,Upper-middle,2014,278355.0,3.4,12273.0,1.37,4.91,0.0,1.25,0.04,0.07,0.17,0.04,1.53,23038.89,0.0,0.0
Barbados,BRB,America,Caribbean,Upper-middle,2015,278999.0,3.4,12359.0,1.34,4.78,0.0,1.22,0.04,0.07,0.16,0.04,1.48,24428.85,0.0,0.0
Barbados,BRB,America,Caribbean,Upper-middle,2016,279604.0,3.5,12619.0,1.37,4.9,0.0,1.26,0.04,0.07,0.16,0.05,1.54,24818.07,0.0,0.0
Barbados,BRB,America,Caribbean,Upper-middle,2017,280177.0,3.6,12685.0,1.4,4.99,0.0,1.25,0.04,0.11,0.17,0.05,1.57,23423.18,0.0,0.0
Barbados,BRB,America,Caribbean,Upper-middle,2018,280719.0,3.5,12562.0,1.45,5.15,0.0,1.29,0.05,0.11,0.17,0.05,1.62,26041.18,0.0,0.0
Barbados,BRB,America,Caribbean,Upper-middle,2019,281216.0,3.5,12572.0,1.39,4.95,0.0,1.24,0.04,0.11,0.17,0.05,1.55,25226.58,0.0,0.0
Barbados,BRB,America,Caribbean,Lower-middle,2020,281706.0,3.1,10952.0,1.26,4.46,0.0,1.14,0.03,0.08,0.16,0.04,1.42,20380.82,0.0,0.0
Barbados,BRB,America,Caribbean,Lower-middle,2021,282157.0,3.1,10849.0,1.19,4.22,0.0,1.06,0.03,0.11,0.16,0.04,1.36,19455.91,0.0,0.0
Barbados,BRB,America,Caribbean,Upper-middle,2022,282324.0,3.4,12071.0,1.32,4.66,0.0,1.18,0.03,0.11,0.16,0.05,1.49,21012.29,0.0,0.0
Belarus,BLR,Europe,Eastern Europe,Upper-middle,2013,9464454.0,177.6,18768.0,64.15,6.78,4.84,18.7,36.9,2.37,18.06,15.98,107.01,31085.3,0.18,0.0
Belarus,BLR,Europe,Eastern Europe,Upper-middle,2014,9472704.0,180.6,19068.0,63.7,6.72,4.63,18.38,36.59,2.65,18.2,15.54,105.08,31127.62,0.18,0.0
Belarus,BLR,Europe,Eastern Europe,Upper-middle,2015,9487289.0,173.7,18310.0,58.83,6.2,4.09,17.18,33.96,2.27,18.43,15.43,100.89,28138.87,0.17,0.0
Belarus,BLR,Europe,Eastern Europe,Upper-middle,2016,9499066.0,169.3,17823.0,58.19,6.13,3.69,17.31,33.88,2.21,18.33,14.7,100.64,28718.36,0.16,0.0
Belarus,BLR,Europe,Eastern Europe,Upper-middle,2017,9495793.0,173.6,18282.0,59.44,6.26,3.88,17.34,34.77,2.23,18.44,15.11,101.86,29259.27,0.16,0.0
Belarus,BLR,Europe,Eastern Europe,Upper-middle,2018,9480031.0,179.1,18888.0,62.17,6.56,3.96,18.14,36.81,2.16,18.49,15.02,103.85,32402.7,0.17,0.0
Belarus,BLR,Europe,Eastern Europe,Upper-middle,2019,9435415.0,181.6,19251.0,62.17,6.59,4.1,17.97,36.68,2.28,18.57,15.03,102.71,32726.74,0.17,0.0
Belarus,BLR,Europe,Eastern Europe,Upper-middle,2020,9350943.0,180.4,19294.0,59.12,6.32,3.79,17.91,34.03,2.3,18.7,15.37,99.45,30643.37,0.17,0.0
Belarus,BLR,Europe,Eastern Europe,Upper-middle,2021,9251368.0,184.5,19945.0,60.86,6.58,3.88,17.73,35.94,2.24,18.61,15.11,100.74,33803.07,0.16,0.0
Belarus,BLR,Europe,Eastern Europe,Upper-middle,2022,9173240.0,175.8,19162.0,57.12,6.23,3.81,16.22,33.85,2.28,18.52,15.24,96.01,33086.91,0.15,0.0
Belgium,BEL,Europe,Western Europe,High income,2013,11160277.0,426.0,38170.0,102.82,9.21,15.27,47.23,35.27,2.54,12.45,9.39,125.77,62894.42,0.29,0.0
Belgium,BEL,Europe,Western Europe,High income,2014,11210113.0,432.7,38601.0,97.08,8.66,14.72,46.31,31.0,2.64,12.4,9.32,120.21,58059.27,0.27,0.01
Belgium,BEL,Europe,Western Europe,High income,2015,11275332.0,441.6,39161.0,101.33,8.99,14.38,48.24,33.81,2.35,12.46,9.32,125.06,58306.63,0.29,0.01
Belgium,BEL,Europe,Western Europe,High income,2016,11332707.0,447.1,39456.0,99.82,8.81,13.48,47.12,34.37,2.44,12.61,9.04,122.92,62607.22,0.28,0.01
Belgium,BEL,Europe,Western Europe,High income,2017,11376583.0,454.4,39940.0,99.28,8.73,13.25,46.26,35.03,2.29,12.31,8.96,122.46,62940.03,0.28,0.01
Belgium,BEL,Europe,Western Europe,High income,2018,11428608.0,462.5,40472.0,100.26,8.77,13.3,45.88,36.1,2.53,12.44,8.96,123.42,62492.76,0.27,0.01
Belgium,BEL,Europe,Western Europe,High income,2019,11490623.0,472.9,41155.0,99.8,8.68,13.16,45.34,36.22,2.82,12.32,8.98,123.01,64258.42,0.27,0.01
Belgium,BEL,Europe,Western Europe,High income,2020,11540102.0,447.5,38782.0,91.26,7.91,10.47,40.1,36.07,2.63,12.25,8.96,114.2,57530.32,0.26,0.01
Belgium,BEL,Europe,Western Europe,High income,2021,11570843.0,475.0,41051.0,94.93,8.2,11.76,42.15,36.28,2.66,12.3,9.22,118.13,63805.6,0.26,0.01
Belgium,BEL,Europe,Western Europe,High income,2022,11641814.0,489.7,42062.0,88.92,7.64,11.9,41.47,31.17,2.46,12.03,8.66,111.42,59651.6,0.24,0.01
Belize,BLZ,America,Central America,Unknown,2013,341635.0,,,0.47,1.38,0.0,0.47,0.0,0.0,0.48,0.2,6.3,8494.18,0.0,0.0
Belize,BLZ,America,Central America,Unknown,2014,348934.0,,,0.5,1.44,0.0,0.5,0.0,0.0,0.44,0.2,8.6,7952.34,0.0,0.0
Belize,BLZ,America,Central America,Unknown,2015,356341.0,,,0.68,1.92,0.0,0.68,0.0,0.0,0.45,0.2,10.48,8944.14,0.0,0.0
Belize,BLZ,America,Central America,Unknown,2016,364717.0,,,0.67,1.85,0.0,0.67,0.0,0.0,0.46,0.2,8.29,8750.69,0.0,0.0
Belize,BLZ,America,Central America,Unknown,2017,373215.0,,,0.67,1.79,0.0,0.66,0.0,0.0,0.47,0.19,7.91,9632.0,0.0,0.0
Belize,BLZ,America,Central America,Unknown,2018,380232.0,,,0.66,1.74,0.0,0.66,0.0,0.0,0.47,0.2,7.18,9403.0,0.0,0.0
Belize,BLZ,America,Central America,Unknown,2019,385833.0,,,0.77,1.99,0.0,0.77,0.0,0.0,0.48,0.21,9.13,11227.17,0.0,0.0
Belize,BLZ,America,Central America,Unknown,2020,390819.0,,,0.65,1.67,0.0,0.65,0.0,0.0,0.48,0.22,8.27,8861.93,0.0,0.0
Belize,BLZ,America,Central America,Unknown,2021,395355.0,,,0.69,1.75,0.0,0.69,0.0,0.0,0.49,0.21,7.55,8903.45,0.0,0.0
Belize,BLZ,America,Central America,Unknown,2022,402741.0,,,0.72,1.8,0.0,0.72,0.0,0.0,0.49,0.15,6.78,9254.18,0.0,0.0
Benin,BEN,Africa,Western Africa,Low income,2013,10708831.0,19.7,1835.0,4.57,0.43,0.0,4.33,0.02,0.21,6.06,2.37,29.42,1819.54,0.01,0.0
Benin,BEN,Africa,Western Africa,Low income,2014,11030008.0,21.0,1908.0,4.77,0.43,0.16,4.34,0.06,0.22,6.08,2.37,28.9,1879.15,0.01,0.0
Benin,BEN,Africa,Western Africa,Low income,2015,11360681.0,22.3,1961.0,5.32,0.47,0.1,4.94,0.06,0.21,6.21,2.33,21.05,2004.11,0.02,0.0
Benin,BEN,Africa,Western Africa,Low income,2016,11697845.0,23.1,1978.0,5.31,0.45,0.19,4.91,0.0,0.21,6.44,2.56,31.74,2373.23,0.02,0.0
Benin,BEN,Africa,Western Africa,Low income,2017,12039777.0,24.6,2041.0,5.56,0.46,0.18,5.06,0.11,0.21,6.55,2.47,45.46,2445.91,0.02,0.0
Benin,BEN,Africa,Western Africa,Low income,2018,12383349.0,26.3,2128.0,5.67,0.46,0.0,5.24,0.04,0.39,6.73,2.81,43.84,2616.54,0.02,0.0
Benin,BEN,Africa,Western Africa,Low income,2019,12726760.0,28.2,2212.0,5.27,0.41,0.24,4.53,0.11,0.4,7.04,3.07,29.94,2371.68,0.01,0.0
Benin,BEN,Africa,Western Africa,Low income,2020,13070169.0,29.2,2237.0,5.54,0.42,0.26,4.55,0.32,0.42,6.89,2.9,34.62,2427.81,0.02,0.0
Benin,BEN,Africa,Western Africa,Low income,2021,13413423.0,31.3,2336.0,5.81,0.43,0.29,4.71,0.35,0.45,7.14,3.0,40.79,1837.8,0.02,0.0
Benin,BEN,Africa,Western Africa,Low income,2022,13759507.0,33.3,2419.0,6.09,0.44,0.35,4.97,0.3,0.46,7.34,3.11,40.32,1841.92,0.02,0.0
Bermuda,BMU,America,Northern America,Unknown,2013,63593.0,,,0.54,8.41,0.0,0.54,0.0,0.0,0.0,0.0,0.0,36220.79,0.0,0.0
Bermuda,BMU,America,Northern America,Unknown,2014,63551.0,,,0.67,10.49,0.0,0.67,0.0,0.0,0.0,0.0,0.0,46861.48,0.0,0.0
Bermuda,BMU,America,Northern America,Unknown,2015,63482.0,,,0.54,8.54,0.0,0.54,0.0,0.0,0.0,0.0,0.0,39486.44,0.0,0.0
Bermuda,BMU,America,Northern America,Unknown,2016,63466.0,,,0.62,9.7,0.0,0.62,0.0,0.0,0.0,0.0,0.0,50197.06,0.0,0.0
Bermuda,BMU,America,Northern America,Unknown,2017,63603.0,,,0.64,10.08,0.0,0.64,0.0,0.0,0.0,0.0,0.0,49432.2,0.0,0.0
Bermuda,BMU,America,Northern America,Unknown,2018,63852.0,,,0.7,10.9,0.0,0.7,0.0,0.0,0.0,0.0,0.0,48272.24,0.0,0.0
Bermuda,BMU,America,Northern America,Unknown,2019,64130.0,,,0.59,9.26,0.0,0.59,0.0,0.0,0.0,0.0,0.0,41815.14,0.0,0.0
Bermuda,BMU,America,Northern America,Unknown,2020,64404.0,,,0.44,6.77,0.0,0.44,0.0,0.0,0.0,0.0,0.0,30691.56,0.0,0.0
Bermuda,BMU,America,Northern America,Unknown,2021,64672.0,,,0.52,7.99,0.0,0.52,0.0,0.0,0.0,0.0,0.0,35751.66,0.0,0.0
Bermuda,BMU,America,Northern America,Unknown,2022,64772.0,,,0.53,8.19,0.0,0.53,0.0,0.0,0.0,0.0,0.0,36450.68,0.0,0.0
Bhutan,BTN,Asia,Southern Asia,Unknown,2013,725282.0,,,1.27,1.75,0.54,0.44,0.0,0.28,1.08,0.18,10.47,6086.96,0.0,0.0
Bhutan,BTN,Asia,Southern Asia,Unknown,2014,733151.0,,,1.33,1.82,0.56,0.43,0.0,0.34,1.1,0.19,7.36,6002.03,0.0,0.0
Bhutan,BTN,Asia,Southern Asia,Unknown,2015,740623.0,,,1.43,1.94,0.59,0.45,0.0,0.39,1.11,0.19,6.88,6218.04,0.0,0.0
Bhutan,BTN,Asia,Southern Asia,Unknown,2016,747878.0,,,1.56,2.09,0.61,0.48,0.0,0.47,1.15,0.19,6.04,6783.46,0.0,0.0
Bhutan,BTN,Asia,Southern Asia,Unknown,2017,754343.0,,,1.65,2.19,0.69,0.52,0.0,0.44,1.18,0.2,5.74,7141.91,0.0,0.0
Bhutan,BTN,Asia,Southern Asia,Unknown,2018,759766.0,,,1.68,2.21,0.63,0.56,0.0,0.49,1.21,0.21,6.61,8095.73,0.0,0.0
Bhutan,BTN,Asia,Southern Asia,Unknown,2019,764830.0,,,1.56,2.05,0.53,0.57,0.0,0.46,1.21,0.21,5.91,8204.15,0.0,0.0
Bhutan,BTN,Asia,Southern Asia,Unknown,2020,770013.0,,,1.21,1.58,0.49,0.4,0.0,0.32,1.17,0.2,5.23,11798.36,0.0,0.0
Bhutan,BTN,Asia,Southern Asia,Unknown,2021,775450.0,,,1.46,1.88,0.7,0.41,0.0,0.34,1.17,0.2,10.75,18890.2,0.0,0.0
Bhutan,BTN,Asia,Southern Asia,Unknown,2022,780921.0,,,1.55,1.98,0.76,0.48,0.0,0.31,1.14,0.2,9.44,20160.8,0.0,0.0
Bolivia,BOL,America,South America,Lower-middle,2013,10682612.0,61.1,5721.0,17.78,1.66,0.0,9.7,6.79,1.21,23.96,8.07,129.91,7439.08,0.05,0.0
Bolivia,BOL,America,South America,Lower-middle,2014,10848889.0,64.5,5941.0,19.9,1.83,0.01,10.87,7.6,1.33,23.61,7.64,115.93,7439.61,0.06,0.0
Bolivia,BOL,America,South America,Lower-middle,2015,11014707.0,67.6,6136.0,19.9,1.81,0.02,10.76,7.64,1.38,24.09,8.28,107.86,7687.7,0.06,0.0
Bolivia,BOL,America,South America,Lower-middle,2016,11180020.0,70.5,6303.0,21.25,1.9,0.02,11.22,8.52,1.43,24.64,8.84,101.13,7971.47,0.06,0.0
Bolivia,BOL,America,South America,Lower-middle,2017,11344591.0,73.4,6472.0,22.18,1.96,0.02,12.04,8.63,1.44,24.54,8.52,131.52,8260.95,0.06,0.0
Bolivia,BOL,America,South America,Lower-middle,2018,11508370.0,76.5,6649.0,22.51,1.96,0.02,12.24,8.7,1.5,24.49,8.46,145.07,8327.18,0.06,0.0
Bolivia,BOL,America,South America,Lower-middle,2019,11671386.0,78.2,6702.0,22.61,1.94,0.02,12.86,8.12,1.55,25.28,9.9,127.22,8193.27,0.06,0.0
Bolivia,BOL,America,South America,Lower-middle,2020,11816301.0,71.4,6041.0,18.32,1.55,0.01,10.34,6.61,1.28,25.65,9.7,124.74,6708.88,0.05,0.0
Bolivia,BOL,America,South America,Lower-middle,2021,11937369.0,75.7,6345.0,21.77,1.82,0.02,12.73,7.52,1.44,26.12,9.98,136.51,7951.01,0.06,0.0
Bolivia,BOL,America,South America,Lower-middle,2022,12077156.0,78.2,6472.0,23.49,1.94,0.02,13.76,8.08,1.55,26.72,10.07,144.39,8570.58,0.06,0.0
Bonaire Sint Eustatius and Saba,BES,America,Caribbean,Unknown,2013,23835.0,,,0.11,4.76,0.0,0.11,0.0,0.0,0.0,0.0,0.0,,0.0,0.0
Bonaire Sint Eustatius and Saba,BES,America,Caribbean,Unknown,2014,24491.0,,,0.12,4.79,0.0,0.12,0.0,0.0,0.0,0.0,0.0,,0.0,0.0
Bonaire Sint Eustatius and Saba,BES,America,Caribbean,Unknown,2015,24638.0,,,0.13,5.2,0.0,0.13,0.0,0.0,0.0,0.0,0.0,,0.0,0.0
Bonaire Sint Eustatius and Saba,BES,America,Caribbean,Unknown,2016,24567.0,,,0.13,5.37,0.0,0.13,0.0,0.0,0.0,0.0,0.0,,0.0,0.0
Bonaire Sint Eustatius and Saba,BES,America,Caribbean,Unknown,2017,24821.0,,,0.14,5.61,0.0,0.14,0.0,0.0,0.0,0.0,0.0,,0.0,0.0
Bonaire Sint Eustatius and Saba,BES,America,Caribbean,Unknown,2018,25184.0,,,0.13,5.24,0.0,0.13,0.0,0.0,0.0,0.0,0.0,,0.0,0.0
Bonaire Sint Eustatius and Saba,BES,America,Caribbean,Unknown,2019,25652.0,,,0.14,5.43,0.0,0.14,0.0,0.0,0.0,0.0,0.0,,0.0,0.0
Bonaire Sint Eustatius and Saba,BES,America,Caribbean,Unknown,2020,26476.0,,,0.13,4.98,0.0,0.13,0.0,0.0,0.0,0.0,0.0,,0.0,0.0
Bonaire Sint Eustatius and Saba,BES,America,Caribbean,Unknown,2021,27347.0,,,0.14,5.09,0.0,0.14,0.0,0.0,0.0,0.0,0.0,,0.0,0.0
Bonaire Sint Eustatius and Saba,BES,America,Caribbean,Unknown,2022,28654.0,,,0.15,5.12,0.0,0.15,0.0,0.0,0.0,0.0,0.0,,0.0,0.0
Bosnia and Herzegovina,BIH,Europe,Southern Europe,Lower-middle,2013,3610857.0,36.2,10026.0,21.8,6.04,17.09,4.0,0.37,0.34,4.74,1.44,26.23,16714.63,0.06,0.0
Bosnia and Herzegovina,BIH,Europe,Southern Europe,Lower-middle,2014,3564831.0,36.6,10273.0,19.31,5.42,14.55,4.09,0.35,0.32,5.69,1.52,25.57,16940.18,0.05,0.0
Bosnia and Herzegovina,BIH,Europe,Southern Europe,Lower-middle,2015,3518541.0,38.2,10857.0,18.46,5.25,13.49,4.25,0.41,0.31,5.82,1.58,25.8,17474.54,0.05,0.0
Bosnia and Herzegovina,BIH,Europe,Southern Europe,Lower-middle,2016,3472997.0,39.4,11356.0,21.73,6.26,16.16,4.84,0.42,0.32,6.1,1.85,30.06,18144.99,0.06,0.0
Bosnia and Herzegovina,BIH,Europe,Southern Europe,Lower-middle,2017,3428684.0,40.7,11876.0,22.15,6.46,16.45,4.89,0.46,0.35,6.14,1.86,29.11,19206.41,0.06,0.0
Bosnia and Herzegovina,BIH,Europe,Southern Europe,Upper-middle,2018,3386999.0,42.3,12482.0,22.08,6.52,16.6,4.64,0.45,0.38,6.41,1.8,29.8,18484.44,0.06,0.0
Bosnia and Herzegovina,BIH,Europe,Southern Europe,Upper-middle,2019,3345532.0,43.5,13002.0,20.81,6.22,15.33,4.68,0.43,0.36,6.15,1.59,28.98,17657.44,0.06,0.0
Bosnia and Herzegovina,BIH,Europe,Southern Europe,Upper-middle,2020,3299352.0,42.2,12786.0,20.83,6.31,15.72,4.29,0.39,0.43,6.12,1.74,28.88,17240.4,0.06,0.0
Bosnia and Herzegovina,BIH,Europe,Southern Europe,Upper-middle,2021,3244912.0,45.3,13961.0,21.27,6.55,15.56,4.81,0.47,0.42,5.66,1.53,28.09,20123.34,0.06,0.0
Bosnia and Herzegovina,BIH,Europe,Southern Europe,Upper-middle,2022,3204802.0,47.1,14687.0,20.74,6.47,15.19,4.71,0.46,0.38,5.88,1.54,28.01,28279.16,0.06,0.0
Botswana,BWA,Africa,Southern Africa,Upper-middle,2013,2140687.0,30.0,14021.0,5.66,2.64,2.77,2.88,0.0,0.01,6.0,3.88,21.05,8948.6,0.02,0.0
Botswana,BWA,Africa,Southern Africa,Upper-middle,2014,2172053.0,31.7,14606.0,6.85,3.15,3.84,3.0,0.0,0.01,4.47,2.86,15.64,8857.14,0.02,0.0
Botswana,BWA,Africa,Southern Africa,Upper-middle,2015,2203276.0,30.2,13700.0,5.42,2.46,2.9,2.51,0.0,0.01,4.42,2.75,13.02,10640.03,0.02,0.0
Botswana,BWA,Africa,Southern Africa,Upper-middle,2016,2234784.0,32.4,14480.0,6.34,2.84,3.57,2.76,0.0,0.01,3.82,2.22,12.54,11547.97,0.02,0.0
Botswana,BWA,Africa,Southern Africa,Upper-middle,2017,2266749.0,33.7,14863.0,7.07,3.12,4.25,2.81,0.0,0.01,5.57,3.98,16.95,10434.4,0.02,0.0
Botswana,BWA,Africa,Southern Africa,Upper-middle,2018,2299149.0,35.1,15267.0,7.64,3.32,4.62,3.02,0.0,0.0,4.49,2.99,15.22,10197.87,0.02,0.0
Botswana,BWA,Africa,Southern Africa,Upper-middle,2019,2332082.0,36.2,15508.0,7.49,3.21,3.86,3.62,0.0,0.0,3.29,2.08,12.99,9783.12,0.02,0.0
Botswana,BWA,Africa,Southern Africa,Upper-middle,2020,2365895.0,33.0,13953.0,6.19,2.62,2.93,3.26,0.0,0.0,4.85,3.2,14.49,9292.53,0.02,0.0
Botswana,BWA,Africa,Southern Africa,Upper-middle,2021,2401448.0,36.9,15374.0,6.68,2.78,3.29,3.39,0.0,0.0,9.32,7.46,23.81,9660.03,0.02,0.0
Botswana,BWA,Africa,Southern Africa,Upper-middle,2022,2439895.0,39.3,16105.0,7.4,3.03,4.35,3.04,0.0,0.0,7.69,5.8,21.38,12002.06,0.02,0.0
Brazil,BRA,America,South America,Upper-middle,2013,198478290.0,3116.4,15701.0,531.57,2.68,65.6,342.34,74.7,25.8,506.46,161.16,2568.8,17638.98,1.51,0.05
Brazil,BRA,America,South America,Upper-middle,2014,200085126.0,3132.1,15654.0,556.53,2.78,69.04,356.75,81.28,25.53,512.64,167.81,2628.21,17870.57,1.57,0.05
Brazil,BRA,America,South America,Upper-middle,2015,201675534.0,3021.0,14980.0,528.17,2.62,69.46,330.36,80.46,23.9,521.17,165.63,2617.9,17530.33,1.49,0.05
Brazil,BRA,America,South America,Upper-middle,2016,203218108.0,2922.1,14379.0,491.74,2.42,63.83,312.94,69.67,21.41,524.13,164.68,2512.2,16983.99,1.39,0.05
Brazil,BRA,America,South America,Upper-middle,2017,204703440.0,2960.7,14464.0,497.26,2.43,67.32,315.04,70.69,20.31,522.64,173.26,2431.26,16988.62,1.38,0.06
Brazil,BRA,America,South America,Upper-middle,2018,206107265.0,3013.5,14621.0,476.6,2.31,65.84,298.89,67.42,20.56,522.12,167.68,2423.19,16915.36,1.3,0.06
Brazil,BRA,America,South America,Upper-middle,2019,207455459.0,3050.3,14704.0,476.72,2.3,61.88,302.98,67.12,20.84,528.95,175.21,2468.73,17194.14,1.28,0.06
Brazil,BRA,America,South America,Upper-middle,2020,208660845.0,2950.4,14140.0,448.0,2.15,55.95,285.28,59.03,23.84,535.77,183.76,2571.22,16401.88,1.27,0.06
Brazil,BRA,America,South America,Upper-middle,2021,209550291.0,3097.6,14782.0,496.56,2.37,67.94,303.46,75.97,25.29,545.36,189.95,2774.47,17089.93,1.35,0.06
Brazil,BRA,America,South America,Upper-middle,2022,210306411.0,3187.4,15156.0,480.06,2.28,56.11,315.34,60.09,24.62,566.22,194.99,2875.0,17744.19,1.28,0.06
British Virgin Islands,VGB,America,Caribbean,Unknown,2013,31727.0,,,0.21,6.7,0.0,0.21,0.0,0.0,0.01,0.0,0.23,22992.46,0.0,0.0
British Virgin Islands,VGB,America,Caribbean,Unknown,2014,32988.0,,,0.22,6.55,0.0,0.22,0.0,0.0,0.01,0.0,0.23,22467.69,0.0,0.0
British Virgin Islands,VGB,America,Caribbean,Unknown,2015,34523.0,,,0.22,6.47,0.0,0.22,0.0,0.0,0.01,0.0,0.24,21548.28,0.0,0.0
British Virgin Islands,VGB,America,Caribbean,Unknown,2016,33904.0,,,0.23,6.7,0.0,0.23,0.0,0.0,0.01,0.0,0.24,22235.97,0.0,0.0
British Virgin Islands,VGB,America,Caribbean,Unknown,2017,32724.0,,,0.18,5.49,0.0,0.18,0.0,0.0,0.01,0.0,0.2,21665.01,0.0,0.0
British Virgin Islands,VGB,America,Caribbean,Unknown,2018,34682.0,,,0.16,4.54,0.0,0.16,0.0,0.0,0.01,0.0,0.17,19300.41,0.0,0.0
British Virgin Islands,VGB,America,Caribbean,Unknown,2019,36423.0,,,0.18,5.03,0.0,0.18,0.0,0.0,0.01,0.0,0.2,20971.91,0.0,0.0
British Virgin Islands,VGB,America,Caribbean,Unknown,2020,37161.0,,,0.18,4.83,0.0,0.18,0.0,0.0,0.01,0.0,0.2,20171.9,0.0,0.0
British Virgin Islands,VGB,America,Caribbean,Unknown,2021,37833.0,,,0.18,4.84,0.0,0.18,0.0,0.0,0.01,0.0,0.2,20222.77,0.0,0.0
British Virgin Islands,VGB,America,Caribbean,Unknown,2022,38346.0,,,0.19,4.84,0.0,0.19,0.0,0.0,0.01,0.0,0.2,20253.2,0.0,0.0
Brunei,BRN,Asia,South-eastern Asia,Unknown,2013,411205.0,,,7.63,18.55,0.0,1.66,5.62,0.0,2.65,0.12,11.88,95801.02,0.02,0.0
Brunei,BRN,Asia,South-eastern Asia,Unknown,2014,416757.0,,,8.83,21.19,0.0,1.69,6.77,0.0,3.36,0.11,13.9,106308.48,0.02,0.0
Brunei,BRN,Asia,South-eastern Asia,Unknown,2015,422223.0,,,6.93,16.42,0.0,1.64,4.89,0.0,3.13,0.11,11.54,115953.25,0.02,0.0
Brunei,BRN,Asia,South-eastern Asia,Unknown,2016,427571.0,,,7.63,17.85,0.0,1.8,5.34,0.0,3.29,0.11,12.28,119606.8,0.02,0.0
Brunei,BRN,Asia,South-eastern Asia,Unknown,2017,432787.0,,,9.31,21.51,0.0,1.93,6.82,0.0,3.04,0.11,13.57,118640.67,0.03,0.0
Brunei,BRN,Asia,South-eastern Asia,Unknown,2018,437811.0,,,9.34,21.34,0.0,1.9,7.02,0.0,3.43,0.11,13.7,121695.09,0.02,0.0
Brunei,BRN,Asia,South-eastern Asia,Unknown,2019,442690.0,,,9.56,21.6,0.6,2.41,5.97,0.0,3.33,0.23,13.95,121644.7,0.03,0.0
Brunei,BRN,Asia,South-eastern Asia,Unknown,2020,447411.0,,,11.16,24.94,2.13,3.41,5.33,0.0,3.38,0.44,15.71,131241.23,0.03,0.0
Brunei,BRN,Asia,South-eastern Asia,Unknown,2021,451722.0,,,11.71,25.92,2.74,3.23,5.33,0.0,3.02,0.44,15.83,123425.12,0.03,0.0
Brunei,BRN,Asia,South-eastern Asia,Unknown,2022,455374.0,,,12.24,26.87,2.69,3.64,5.74,0.0,1.74,0.46,15.12,118047.56,0.03,0.0
Bulgaria,BGR,Europe,Eastern Europe,Upper-middle,2013,7264605.0,109.6,15093.0,42.58,5.86,25.0,9.56,5.61,0.89,9.28,3.65,52.8,27270.35,0.12,0.0
Bulgaria,BGR,Europe,Eastern Europe,Upper-middle,2014,7223450.0,110.7,15326.0,45.17,6.25,26.58,10.56,5.6,0.91,8.33,3.72,55.44,29286.61,0.13,0.0
Bulgaria,BGR,Europe,Eastern Europe,Upper-middle,2015,7177515.0,114.5,15952.0,48.13,6.7,27.68,11.49,5.94,1.1,10.24,3.88,59.44,31303.37,0.14,0.0
Bulgaria,BGR,Europe,Eastern Europe,Upper-middle,2016,7127436.0,118.0,16553.0,45.34,6.36,24.16,11.89,5.94,1.19,10.02,4.07,56.65,29900.99,0.13,0.0
Bulgaria,BGR,Europe,Eastern Europe,Upper-middle,2017,7075642.0,121.2,17135.0,47.45,6.71,25.79,12.16,6.05,1.24,10.24,4.04,59.1,30834.58,0.13,0.0
Bulgaria,BGR,Europe,Eastern Europe,Upper-middle,2018,7024745.0,124.5,17722.0,43.5,6.19,22.11,12.37,5.8,1.22,9.6,3.98,54.54,31149.06,0.12,0.0
Bulgaria,BGR,Europe,Eastern Europe,Upper-middle,2019,6975466.0,129.5,18568.0,42.2,6.05,20.81,12.9,5.27,1.14,9.32,4.09,53.11,30327.92,0.11,0.0
Bulgaria,BGR,Europe,Eastern Europe,Upper-middle,2020,6933656.0,124.4,17940.0,36.57,5.27,16.2,11.94,5.31,1.07,9.49,4.02,47.4,28177.62,0.1,0.0
Bulgaria,BGR,Europe,Eastern Europe,Upper-middle,2021,6877222.0,133.9,19469.0,42.36,6.16,20.42,12.74,6.26,1.06,9.5,4.11,52.34,32263.27,0.12,0.0
Bulgaria,BGR,Europe,Eastern Europe,Upper-middle,2022,6825862.0,138.4,20274.0,46.93,6.88,25.07,13.38,5.02,1.04,9.39,4.06,56.64,33606.04,0.12,0.0
Burkina Faso,BFA,Africa,Western Africa,Low income,2013,17695411.0,24.3,1374.0,2.81,0.16,0.0,2.58,0.0,0.23,18.61,8.52,51.86,735.4,0.01,0.0
Burkina Faso,BFA,Africa,Western Africa,Low income,2014,18229466.0,25.4,1392.0,2.87,0.16,0.0,2.71,0.0,0.16,18.98,8.58,52.73,665.53,0.01,0.0
Burkina Faso,BFA,Africa,Western Africa,Low income,2015,18777488.0,26.4,1404.0,3.74,0.2,0.0,3.22,0.0,0.52,19.16,8.65,52.2,823.61,0.01,0.0
Burkina Faso,BFA,Africa,Western Africa,Low income,2016,19334854.0,27.9,1445.0,3.99,0.21,0.0,3.35,0.0,0.64,19.94,9.11,53.41,764.29,0.01,0.0
Burkina Faso,BFA,Africa,Western Africa,Low income,2017,19894413.0,29.7,1491.0,4.62,0.23,0.0,3.92,0.0,0.7,20.19,9.13,56.97,862.71,0.01,0.0
Burkina Faso,BFA,Africa,Western Africa,Low income,2018,20438289.0,31.6,1547.0,5.23,0.26,0.0,4.39,0.0,0.83,20.4,9.23,56.3,943.6,0.01,0.0
Burkina Faso,BFA,Africa,Western Africa,Low income,2019,20961956.0,33.4,1594.0,5.62,0.27,0.0,4.55,0.0,1.06,21.05,9.28,56.2,953.48,0.02,0.0
Burkina Faso,BFA,Africa,Western Africa,Low income,2020,21478691.0,34.1,1586.0,5.62,0.26,0.0,4.53,0.0,1.08,18.55,7.92,52.04,936.22,0.02,0.0
Burkina Faso,BFA,Africa,Western Africa,Low income,2021,21995249.0,36.4,1656.0,6.33,0.29,0.0,5.17,0.0,1.16,21.82,9.55,57.65,1043.45,0.02,0.0
Burkina Faso,BFA,Africa,Western Africa,Low income,2022,22509038.0,37.3,1658.0,6.54,0.29,0.0,5.34,0.0,1.2,21.69,9.54,57.94,1011.84,0.02,0.0
Burundi,BDI,Africa,Eastern Africa,Low income,2013,10439346.0,7.4,712.0,0.44,0.04,0.02,0.41,0.0,0.0,3.79,1.23,7.95,186.6,0.0,0.0
Burundi,BDI,Africa,Eastern Africa,Low income,2014,10799789.0,7.8,719.0,0.36,0.03,0.02,0.34,0.0,0.0,3.72,1.24,8.02,166.76,0.0,0.0
Burundi,BDI,Africa,Eastern Africa,Low income,2015,11047581.0,7.3,664.0,0.36,0.03,0.0,0.35,0.0,0.0,3.67,1.22,7.83,166.04,0.0,0.0
Burundi,BDI,Africa,Eastern Africa,Low income,2016,11239459.0,7.6,672.0,0.43,0.04,0.04,0.39,0.0,0.0,3.83,1.35,8.23,182.13,0.0,0.0
Burundi,BDI,Africa,Eastern Africa,Low income,2017,11506764.0,7.8,681.0,0.52,0.04,0.02,0.49,0.0,0.0,4.12,1.54,8.7,210.26,0.0,0.0
Burundi,BDI,Africa,Eastern Africa,Low income,2018,11859444.0,8.2,692.0,0.64,0.05,0.02,0.63,0.0,0.0,4.11,1.58,8.73,263.73,0.0,0.0
Burundi,BDI,Africa,Eastern Africa,Low income,2019,12255339.0,8.6,700.0,0.68,0.06,0.04,0.64,0.0,0.0,3.89,1.45,8.47,260.23,0.0,0.0
Burundi,BDI,Africa,Eastern Africa,Low income,2020,12617041.0,8.6,684.0,0.74,0.06,0.03,0.71,0.0,0.0,3.8,1.4,8.41,285.65,0.0,0.0
Burundi,BDI,Africa,Eastern Africa,Low income,2021,12965487.0,9.0,691.0,0.77,0.06,0.04,0.72,0.0,0.0,4.31,1.54,8.97,272.58,0.0,0.0
Burundi,BDI,Africa,Eastern Africa,Low income,2022,13321102.0,9.2,689.0,0.88,0.07,0.04,0.83,0.0,0.0,4.43,1.6,9.28,307.1,0.0,0.0
Cambodia,KHM,Asia,South-eastern Asia,Low income,2013,15170210.0,41.2,2715.0,5.63,0.37,0.2,4.92,0.0,0.51,21.77,4.39,79.99,1725.3,0.02,0.0
Cambodia,KHM,Asia,South-eastern Asia,Low income,2014,15396771.0,44.1,2866.0,6.7,0.44,1.09,5.1,0.0,0.51,22.01,4.51,90.26,1792.55,0.02,0.0
Cambodia,KHM,Asia,South-eastern Asia,Lower-middle,2015,15623253.0,47.2,3023.0,8.19,0.52,1.93,5.6,0.0,0.65,22.18,4.88,89.09,2045.98,0.02,0.0
Cambodia,KHM,Asia,South-eastern Asia,Lower-middle,2016,15852802.0,50.5,3184.0,10.64,0.67,2.68,6.54,0.0,1.42,22.37,4.57,93.02,2504.22,0.03,0.0
Cambodia,KHM,Asia,South-eastern Asia,Lower-middle,2017,16073374.0,54.0,3360.0,12.09,0.75,3.17,6.62,0.0,2.3,22.95,5.16,92.83,2612.84,0.03,0.0
Cambodia,KHM,Asia,South-eastern Asia,Lower-middle,2018,16274522.0,58.0,3566.0,13.94,0.86,3.36,7.26,0.0,3.32,23.24,5.26,96.59,3033.56,0.04,0.0
Cambodia,KHM,Asia,South-eastern Asia,Lower-middle,2019,16481305.0,62.1,3770.0,18.63,1.13,4.49,9.13,0.0,5.01,23.13,5.03,101.53,3629.57,0.05,0.0
Cambodia,KHM,Asia,South-eastern Asia,Lower-middle,2020,16725484.0,60.2,3600.0,20.99,1.25,6.44,9.2,0.0,5.35,23.07,4.91,99.05,3623.19,0.06,0.0
Cambodia,KHM,Asia,South-eastern Asia,Lower-middle,2021,16974309.0,62.0,3654.0,20.78,1.22,5.7,9.16,0.0,5.89,24.2,5.15,86.61,3779.0,0.06,0.0
Cambodia,KHM,Asia,South-eastern Asia,Lower-middle,2022,17201721.0,65.1,3787.0,20.86,1.21,5.44,9.4,0.0,6.02,23.22,4.67,89.89,3667.32,0.06,0.0
Cameroon,CMR,Africa,Middle Africa,Low income,2013,21402379.0,59.1,2760.0,7.85,0.37,0.0,5.16,0.59,0.55,19.5,5.84,69.19,1261.96,0.02,0.0
Cameroon,CMR,Africa,Middle Africa,Low income,2014,22059894.0,62.5,2832.0,8.78,0.4,0.0,5.73,0.85,0.5,20.82,5.92,63.48,1619.6,0.02,0.0
Cameroon,CMR,Africa,Middle Africa,Low income,2015,22763418.0,66.0,2899.0,9.85,0.43,0.0,6.21,0.94,0.66,23.1,5.97,72.21,1584.33,0.03,0.0
Cameroon,CMR,Africa,Middle Africa,Low income,2016,23454165.0,68.9,2939.0,9.96,0.42,0.0,6.04,1.01,0.91,22.92,6.11,71.56,1495.52,0.03,0.0
Cameroon,CMR,Africa,Middle Africa,Low income,2017,24128609.0,71.4,2958.0,9.58,0.4,0.0,5.51,1.12,0.99,21.24,6.06,76.43,1432.62,0.03,0.0
Cameroon,CMR,Africa,Middle Africa,Low income,2018,24806377.0,74.2,2993.0,9.84,0.4,0.0,5.28,1.46,1.1,20.66,6.0,67.73,1512.5,0.03,0.0
Cameroon,CMR,Africa,Middle Africa,Lower-middle,2019,25506095.0,76.8,3011.0,9.6,0.38,0.0,5.24,1.33,1.08,21.16,6.02,65.78,1426.23,0.03,0.0
Cameroon,CMR,Africa,Middle Africa,Low income,2020,26210566.0,77.2,2946.0,9.72,0.37,0.0,4.99,1.7,1.33,21.78,6.25,68.03,1444.28,0.03,0.0
Cameroon,CMR,Africa,Middle Africa,Low income,2021,26915765.0,80.0,2973.0,9.73,0.36,0.0,5.14,1.38,1.74,21.68,6.23,65.72,1333.1,0.03,0.0
Cameroon,CMR,Africa,Middle Africa,Low income,2022,27632770.0,82.7,2994.0,9.79,0.35,0.0,5.35,1.22,1.82,21.46,6.39,67.21,1309.36,0.03,0.0
Canada,CAN,America,Northern America,High income,2013,35293421.0,1514.3,42906.0,568.59,16.11,79.92,259.85,203.56,5.97,123.24,42.68,864.23,113458.84,1.61,0.03
Canada,CAN,America,Northern America,High income,2014,35634265.0,1557.8,43715.0,564.94,15.85,77.56,252.1,210.17,5.91,128.46,42.09,879.99,112508.44,1.59,0.03
Canada,CAN,America,Northern America,High income,2015,35962236.0,1568.0,43602.0,563.0,15.66,74.34,251.97,212.68,6.18,127.16,42.07,879.93,111824.34,1.59,0.03
Canada,CAN,America,Northern America,High income,2016,36353345.0,1583.7,43565.0,553.71,15.23,74.53,247.84,209.47,6.11,122.51,41.09,846.42,109289.44,1.56,0.03
Canada,CAN,America,Northern America,High income,2017,36808498.0,1631.9,44334.0,566.66,15.4,73.96,252.36,217.1,6.86,124.51,41.85,878.59,109394.16,1.58,0.03
Canada,CAN,America,Northern America,High income,2018,37294996.0,1677.2,44971.0,575.09,15.42,62.47,258.22,230.63,6.99,125.97,43.7,873.21,109464.8,1.57,0.03
Canada,CAN,America,Northern America,High income,2019,37782934.0,1708.9,45228.0,579.01,15.32,59.81,260.94,233.91,7.2,125.16,42.38,861.41,107455.62,1.56,0.03
Canada,CAN,America,Northern America,High income,2020,38171903.0,1622.1,42496.0,524.21,13.73,49.44,225.77,224.88,6.71,110.82,44.29,795.99,100465.11,1.49,0.03
Canada,CAN,America,Northern America,High income,2021,38454058.0,1703.4,44298.0,537.48,13.98,47.06,233.62,231.23,7.38,114.91,43.14,821.74,100431.01,1.46,0.03
Canada,CAN,America,Northern America,High income,2022,38821259.0,1761.3,45369.0,547.66,14.11,39.16,242.29,240.85,6.75,117.06,43.21,815.46,102122.42,1.46,0.03
Cape Verde,CPV,Africa,Western Africa,Lower-middle,2013,512231.0,3.3,6462.0,0.5,0.97,0.0,0.5,0.0,0.0,0.14,0.08,0.73,6704.59,0.0,0.0
Cape Verde,CPV,Africa,Western Africa,Lower-middle,2014,512334.0,3.4,6588.0,0.49,0.96,0.0,0.49,0.0,0.0,0.14,0.08,0.73,7229.52,0.0,0.0
Cape Verde,CPV,Africa,Western Africa,Lower-middle,2015,512405.0,3.4,6677.0,0.5,0.96,0.0,0.5,0.0,0.0,0.14,0.08,0.73,7164.89,0.0,0.0
Cape Verde,CPV,Africa,Western Africa,Lower-middle,2016,512556.0,3.6,6971.0,0.53,1.04,0.0,0.53,0.0,0.0,0.14,0.09,0.78,7504.74,0.0,0.0
Cape Verde,CPV,Africa,Western Africa,Lower-middle,2017,512899.0,3.8,7315.0,0.57,1.11,0.0,0.57,0.0,0.0,0.14,0.08,0.8,8000.86,0.0,0.0
Cape Verde,CPV,Africa,Western Africa,Lower-middle,2018,513418.0,3.9,7582.0,0.57,1.11,0.0,0.57,0.0,0.0,0.14,0.07,0.79,6599.9,0.0,0.0
Cape Verde,CPV,Africa,Western Africa,Lower-middle,2019,514116.0,4.2,8150.0,0.63,1.23,0.0,0.63,0.0,0.0,0.14,0.08,0.85,7017.12,0.0,0.0
Cape Verde,CPV,Africa,Western Africa,Lower-middle,2020,514683.0,3.4,6569.0,0.52,1.01,0.0,0.52,0.0,0.0,0.14,0.08,0.75,5224.53,0.0,0.0
Cape Verde,CPV,Africa,Western Africa,Lower-middle,2021,516655.0,3.6,6990.0,0.59,1.14,0.0,0.59,0.0,0.0,0.15,0.08,0.82,5781.92,0.0,0.0
Cape Verde,CPV,Africa,Western Africa,Lower-middle,2022,519750.0,4.3,8179.0,0.6,1.15,0.0,0.6,0.0,0.0,0.15,0.08,0.84,5886.29,0.0,0.0
Central African Republic,CAF,Africa,Middle Africa,Low income,2013,4642423.0,2.9,631.0,0.1,0.02,0.0,0.1,0.0,0.0,11.57,9.86,29.62,160.76,0.0,0.0
Central African Republic,CAF,Africa,Middle Africa,Low income,2014,4623187.0,3.0,640.0,0.13,0.03,0.0,0.13,0.0,0.0,11.35,9.41,27.43,182.19,0.0,0.0
Central African Republic,CAF,Africa,Middle Africa,Low income,2015,4629322.0,3.1,671.0,0.19,0.04,0.0,0.19,0.0,0.0,11.58,9.76,27.81,246.22,0.0,0.0
Central African Republic,CAF,Africa,Middle Africa,Low income,2016,4713663.0,3.3,693.0,0.24,0.05,0.0,0.24,0.0,0.0,12.53,11.1,30.42,258.43,0.0,0.0
Central African Republic,CAF,Africa,Middle Africa,Low income,2017,4793512.0,3.4,714.0,0.29,0.06,0.0,0.29,0.0,0.0,11.48,9.74,50.71,261.12,0.0,0.0
Central African Republic,CAF,Africa,Middle Africa,Low income,2018,4878663.0,3.6,729.0,0.27,0.06,0.0,0.27,0.0,0.0,11.74,9.96,70.62,272.04,0.0,0.0
Central African Republic,CAF,Africa,Middle Africa,Low income,2019,4944708.0,3.7,741.0,0.31,0.06,0.0,0.31,0.0,0.0,10.82,8.81,59.28,316.82,0.0,0.0
Central African Republic,CAF,Africa,Middle Africa,Low income,2020,5026629.0,3.7,736.0,0.33,0.07,0.0,0.33,0.0,0.0,11.61,9.46,48.79,321.41,0.0,0.0
Central African Republic,CAF,Africa,Middle Africa,Low income,2021,5112103.0,3.7,731.0,0.37,0.07,0.0,0.37,0.0,0.0,11.6,9.55,42.75,343.48,0.0,0.0
Central African Republic,CAF,Africa,Middle Africa,Low income,2022,5098038.0,3.8,736.0,0.38,0.07,0.0,0.38,0.0,0.0,12.02,10.06,52.55,351.05,0.0,0.0
Chad,TCD,Africa,Middle Africa,Low income,2013,13691081.0,22.9,1673.0,2.08,0.15,0.0,1.76,0.0,0.07,41.91,17.96,100.79,292.36,0.01,0.0
Chad,TCD,Africa,Middle Africa,Low income,2014,14188680.0,24.5,1725.0,2.18,0.15,0.0,1.8,0.0,0.08,43.92,18.68,93.97,293.2,0.01,0.0
Chad,TCD,Africa,Middle Africa,Low income,2015,14647626.0,24.9,1701.0,2.35,0.16,0.0,1.82,0.0,0.08,47.58,20.08,97.57,287.98,0.01,0.0
Chad,TCD,Africa,Middle Africa,Low income,2016,15114652.0,23.5,1557.0,2.38,0.16,0.0,1.78,0.0,0.1,50.3,21.7,97.33,275.64,0.01,0.0
Chad,TCD,Africa,Middle Africa,Low income,2017,15622756.0,23.0,1470.0,2.34,0.15,0.0,1.77,0.0,0.14,52.17,22.09,98.43,410.66,0.01,0.0
Chad,TCD,Africa,Middle Africa,Low income,2018,16156535.0,23.5,1455.0,2.38,0.15,0.0,1.84,0.0,0.14,55.31,23.56,101.52,425.1,0.01,0.0
Chad,TCD,Africa,Middle Africa,Low income,2019,16685223.0,24.3,1457.0,2.3,0.14,0.0,1.82,0.0,0.16,57.8,24.22,103.3,421.3,0.01,0.0
Chad,TCD,Africa,Middle Africa,Low income,2020,17224686.0,23.8,1381.0,2.36,0.14,0.0,1.92,0.0,0.15,61.44,26.04,108.37,429.68,0.01,0.0
Chad,TCD,Africa,Middle Africa,Low income,2021,17828274.0,23.5,1320.0,2.67,0.15,0.0,2.14,0.0,0.2,63.88,26.96,111.91,462.59,0.01,0.0
Chad,TCD,Africa,Middle Africa,Low income,2022,18455319.0,24.1,1307.0,2.8,0.15,0.0,2.15,0.0,0.23,67.36,28.15,116.67,448.07,0.01,0.0
Chile,CHL,America,South America,Upper-middle,2013,17687006.0,371.5,21002.0,81.73,4.62,25.4,45.91,9.29,1.09,22.0,8.43,131.04,23393.41,0.23,0.0
Chile,CHL,America,South America,Upper-middle,2014,17864192.0,378.1,21166.0,77.59,4.34,24.38,43.82,8.3,1.02,20.84,7.92,126.24,22924.85,0.22,0.0
Chile,CHL,America,South America,Upper-middle,2015,18047630.0,386.3,21402.0,81.78,4.53,27.19,44.35,9.11,1.03,19.96,8.16,127.96,22952.03,0.23,0.0
Chile,CHL,America,South America,Upper-middle,2016,18267225.0,393.0,21515.0,84.25,4.61,27.02,46.06,9.95,1.12,20.07,7.82,129.75,23753.11,0.24,0.0
Chile,CHL,America,South America,Upper-middle,2017,18558868.0,398.4,21465.0,84.14,4.53,27.75,45.46,9.94,0.92,20.48,8.02,128.72,24265.86,0.23,0.0
Chile,CHL,America,South America,Upper-middle,2018,18893185.0,414.3,21926.0,84.44,4.47,27.07,46.57,9.98,0.73,21.14,7.87,127.07,24785.53,0.23,0.0
Chile,CHL,America,South America,Upper-middle,2019,19197748.0,417.3,21739.0,91.98,4.79,31.02,48.02,12.05,0.84,21.12,8.12,132.67,24689.29,0.25,0.0
Chile,CHL,America,South America,Upper-middle,2020,19370621.0,391.7,20221.0,80.18,4.14,25.19,43.04,11.04,0.88,20.75,7.83,124.51,22842.72,0.23,0.0
Chile,CHL,America,South America,Upper-middle,2021,19456323.0,437.7,22494.0,83.63,4.3,24.1,46.49,12.08,0.94,19.6,7.94,119.02,24509.1,0.23,0.0
Chile,CHL,America,South America,Upper-middle,2022,19553033.0,448.3,22929.0,85.74,4.38,19.86,52.16,12.87,0.85,19.11,7.46,117.52,25750.75,0.23,0.0
China,CHN,Asia,Eastern Asia,Lower-middle,2013,1379008040.0,15925.5,11548.0,9942.37,7.21,7493.42,1234.62,320.13,735.53,1330.89,461.95,11692.46,24548.49,28.18,0.1
China,CHN,Asia,Eastern Asia,Upper-middle,2014,1387951970.0,17103.9,12323.0,9976.03,7.19,7425.23,1255.61,370.22,757.12,1340.68,464.42,11689.33,25021.81,28.13,0.11
China,CHN,Asia,Eastern Asia,Upper-middle,2015,1396134171.0,18301.2,13108.0,9858.04,7.06,7266.35,1328.81,380.05,706.28,1341.39,466.88,11642.97,25166.63,27.84,0.11
China,CHN,Asia,Eastern Asia,Upper-middle,2016,1404052628.0,19545.7,13921.0,9748.17,6.94,7071.89,1357.84,421.73,728.11,1299.6,466.11,11382.78,25125.63,27.54,0.12
China,CHN,Asia,Eastern Asia,Upper-middle,2017,1412354730.0,20894.4,14794.0,10000.01,7.08,7163.66,1430.59,486.36,740.56,1319.02,463.77,11622.92,25949.14,27.8,0.12
China,CHN,Asia,Eastern Asia,Upper-middle,2018,1419008954.0,22294.3,15711.0,10346.79,7.29,7316.7,1500.48,575.37,752.74,1354.93,461.26,11989.9,27068.06,28.17,0.12
China,CHN,Asia,Eastern Asia,Upper-middle,2019,1423520357.0,23631.9,16601.0,10713.52,7.53,7522.58,1559.74,630.17,805.95,1373.72,453.97,12322.38,28231.93,28.89,0.13
China,CHN,Asia,Eastern Asia,Upper-middle,2020,1426106093.0,24151.8,16936.0,10896.52,7.64,7679.38,1523.06,676.47,828.71,1398.96,455.39,12524.05,29095.94,30.99,0.13
China,CHN,Asia,Eastern Asia,Upper-middle,2021,1426437269.0,26180.6,18354.0,11284.4,7.91,8004.2,1521.11,765.33,802.48,1450.49,465.8,12958.47,30738.95,30.61,0.14
China,CHN,Asia,Eastern Asia,Upper-middle,2022,1425179562.0,26966.0,18921.0,11711.81,8.22,8468.95,1559.72,773.22,718.78,1513.48,464.38,13446.92,31235.71,31.21,0.14
Christmas Island,CXR,Asia,Australia and New Zealand,Unknown,2013,,,,0.0,0.0,0.0,0.0,0.0,0.0,0.0,0.0,0.0,,0.0,0.0
Christmas Island,CXR,Asia,Australia and New Zealand,Unknown,2014,,,,0.0,0.0,0.0,0.0,0.0,0.0,0.0,0.0,0.0,,0.0,0.0
Christmas Island,CXR,Asia,Australia and New Zealand,Unknown,2015,,,,0.0,0.0,0.0,0.0,0.0,0.0,0.0,0.0,0.0,,0.0,0.0
Christmas Island,CXR,Asia,Australia and New Zealand,Unknown,2016,,,,0.0,0.0,0.0,0.0,0.0,0.0,0.0,0.0,0.0,,0.0,0.0
Christmas Island,CXR,Asia,Australia and New Zealand,Unknown,2017,,,,0.0,0.0,0.0,0.0,0.0,0.0,0.0,0.0,0.0,,0.0,0.0
Christmas Island,CXR,Asia,Australia and New Zealand,Unknown,2018,,,,0.0,0.0,0.0,0.0,0.0,0.0,0.0,0.0,0.0,,0.0,0.0
Christmas Island,CXR,Asia,Australia and New Zealand,Unknown,2019,,,,0.0,0.0,0.0,0.0,0.0,0.0,0.0,0.0,0.0,,0.0,0.0
Christmas Island,CXR,Asia,Australia and New Zealand,Unknown,2020,,,,0.0,0.0,0.0,0.0,0.0,0.0,0.0,0.0,0.0,,0.0,0.0
Christmas Island,CXR,Asia,Australia and New Zealand,Unknown,2021,,,,0.0,0.0,0.0,0.0,0.0,0.0,0.0,0.0,0.0,,0.0,0.0
Christmas Island,CXR,Asia,Australia and New Zealand,Unknown,2022,,,,0.0,0.0,0.0,0.0,0.0,0.0,0.0,0.0,0.0,,0.0,0.0
Colombia,COL,America,South America,Upper-middle,2013,46151583.0,569.5,12341.0,86.44,1.87,16.26,41.51,22.34,4.67,80.19,17.9,330.77,10509.71,0.24,0.01
Colombia,COL,America,South America,Upper-middle,2014,46565426.0,595.2,12781.0,92.04,1.98,16.46,45.22,23.91,4.83,80.08,18.64,281.31,10964.91,0.26,0.01
Colombia,COL,America,South America,Upper-middle,2015,46969938.0,612.8,13046.0,91.03,1.94,17.6,42.89,24.41,4.58,78.51,18.07,253.92,10738.82,0.26,0.01
Colombia,COL,America,South America,Upper-middle,2016,47437513.0,625.5,13187.0,91.58,1.93,17.99,45.46,22.9,4.12,80.05,18.45,231.97,11569.51,0.26,0.01
Colombia,COL,America,South America,Upper-middle,2017,48131076.0,634.0,13173.0,83.46,1.73,12.66,42.87,22.78,4.12,82.19,19.36,309.86,11535.69,0.23,0.01
Colombia,COL,America,South America,Upper-middle,2018,49024463.0,650.3,13265.0,90.81,1.85,11.22,50.7,23.53,4.32,85.28,20.45,306.72,11652.97,0.25,0.01
Colombia,COL,America,South America,Upper-middle,2019,49907987.0,671.0,13445.0,98.96,1.98,23.79,45.58,24.22,4.36,87.83,20.96,275.53,11495.88,0.27,0.01
Colombia,COL,America,South America,Upper-middle,2020,50629997.0,622.4,12292.0,92.3,1.82,20.34,43.22,23.95,4.05,86.61,21.84,244.11,10227.39,0.26,0.01
Colombia,COL,America,South America,Upper-middle,2021,51188174.0,690.9,13498.0,103.73,2.03,19.74,56.82,21.76,4.79,88.91,22.6,250.34,11053.63,0.28,0.01
Colombia,COL,America,South America,Upper-middle,2022,51737944.0,742.7,14355.0,89.44,1.73,17.89,44.47,21.54,5.08,89.58,22.61,237.23,12123.15,0.24,0.01
Comoros,COM,Africa,Eastern Africa,Low income,2013,696203.0,1.2,1749.0,0.18,0.26,0.0,0.18,0.0,0.0,0.35,0.06,0.61,1122.82,0.0,0.0
Comoros,COM,Africa,Eastern Africa,Low income,2014,711512.0,1.3,1775.0,0.16,0.23,0.0,0.16,0.0,0.0,0.36,0.06,0.6,980.85,0.0,0.0
Comoros,COM,Africa,Eastern Africa,Low income,2015,726685.0,1.3,1823.0,0.18,0.25,0.0,0.18,0.0,0.0,0.36,0.06,0.61,1036.66,0.0,0.0
Comoros,COM,Africa,Eastern Africa,Low income,2016,741745.0,1.4,1828.0,0.2,0.28,0.0,0.2,0.0,0.0,0.36,0.06,0.64,1191.66,0.0,0.0
Comoros,COM,Africa,Eastern Africa,Low income,2017,756672.0,1.4,1885.0,0.26,0.35,0.0,0.26,0.0,0.0,0.37,0.06,0.71,1501.45,0.0,0.0
Comoros,COM,Africa,Eastern Africa,Low income,2018,771597.0,1.5,1917.0,0.29,0.37,0.0,0.29,0.0,0.0,0.37,0.06,0.74,1068.26,0.0,0.0
Comoros,COM,Africa,Eastern Africa,Low income,2019,786582.0,1.5,1949.0,0.31,0.4,0.0,0.31,0.0,0.0,0.39,0.07,0.78,1154.26,0.0,0.0
Comoros,COM,Africa,Eastern Africa,Low income,2020,802172.0,1.6,1988.0,0.37,0.46,0.0,0.37,0.0,0.0,0.39,0.07,0.84,1334.56,0.0,0.0
Comoros,COM,Africa,Eastern Africa,Low income,2021,818178.0,1.6,2003.0,0.5,0.61,0.0,0.5,0.0,0.0,0.39,0.07,0.96,1966.55,0.0,0.0
Comoros,COM,Africa,Eastern Africa,Low income,2022,834191.0,1.7,2016.0,0.53,0.64,0.0,0.53,0.0,0.0,0.4,0.07,1.0,2068.18,0.0,0.0
Congo,COG,Africa,Middle Africa,Lower-middle,2013,4857104.0,28.7,5900.0,5.89,1.21,0.0,2.53,0.58,0.1,14.64,1.87,45.1,6010.35,0.02,0.0
Congo,COG,Africa,Middle Africa,Lower-middle,2014,4975887.0,30.6,6146.0,5.47,1.1,0.0,2.4,0.52,0.18,15.01,1.63,36.01,5573.69,0.02,0.0
Congo,COG,Africa,Middle Africa,Lower-middle,2015,5097583.0,29.5,5786.0,5.64,1.11,0.0,2.17,0.98,0.27,14.51,1.86,42.99,5450.2,0.02,0.0
Congo,COG,Africa,Middle Africa,Lower-middle,2016,5222545.0,26.3,5038.0,5.73,1.1,0.0,2.13,1.12,0.37,14.36,1.88,39.06,5064.27,0.02,0.0
Congo,COG,Africa,Middle Africa,Lower-middle,2017,5351013.0,25.2,4702.0,5.65,1.06,0.0,1.92,1.18,0.41,16.07,1.81,43.83,3593.71,0.02,0.0
Congo,COG,Africa,Middle Africa,Lower-middle,2018,5483128.0,24.0,4368.0,6.54,1.19,0.0,1.95,1.34,0.27,18.81,1.88,41.65,3369.35,0.02,0.0
Congo,COG,Africa,Middle Africa,Lower-middle,2019,5616656.0,24.2,4308.0,7.29,1.3,0.0,1.98,1.89,0.28,19.1,1.86,40.21,3451.47,0.02,0.0
Congo,COG,Africa,Middle Africa,Lower-middle,2020,5752792.0,22.7,3945.0,7.68,1.34,0.0,2.11,1.97,0.23,17.63,1.68,44.93,3723.02,0.02,0.0
Congo,COG,Africa,Middle Africa,Lower-middle,2021,5892187.0,23.0,3910.0,7.39,1.25,0.0,2.21,2.04,0.29,16.04,1.62,41.4,3702.0,0.02,0.0
Congo,COG,Africa,Middle Africa,Lower-middle,2022,6035104.0,23.7,3924.0,8.73,1.45,0.0,2.38,2.58,0.35,16.13,1.94,43.32,3897.07,0.02,0.0
Cook Islands,COK,Oceania,Polynesia,Unknown,2013,17629.0,,,0.08,4.57,0.0,0.08,0.0,0.0,0.02,0.0,0.09,24076.59,0.0,0.0
Cook Islands,COK,Oceania,Polynesia,Unknown,2014,17556.0,,,0.08,4.59,0.0,0.08,0.0,0.0,0.02,0.0,0.09,25530.7,0.0,0.0
Cook Islands,COK,Oceania,Polynesia,Unknown,2015,17471.0,,,0.08,4.4,0.0,0.08,0.0,0.0,0.02,0.0,0.09,23831.5,0.0,0.0
Cook Islands,COK,Oceania,Polynesia,Unknown,2016,17360.0,,,0.08,4.43,0.0,0.08,0.0,0.0,0.02,0.0,0.09,24900.26,0.0,0.0
Cook Islands,COK,Oceania,Polynesia,Unknown,2017,17066.0,,,0.08,4.51,0.0,0.08,0.0,0.0,0.02,0.0,0.09,27071.77,0.0,0.0
Cook Islands,COK,Oceania,Polynesia,Unknown,2018,16623.0,,,0.08,4.63,0.0,0.08,0.0,0.0,0.02,0.0,0.09,28354.26,0.0,0.0
Cook Islands,COK,Oceania,Polynesia,Unknown,2019,16151.0,,,0.08,4.99,0.0,0.08,0.0,0.0,0.02,0.0,0.09,29256.52,0.0,0.0
Cook Islands,COK,Oceania,Polynesia,Unknown,2020,15664.0,,,0.07,4.21,0.0,0.07,0.0,0.0,0.02,0.0,0.07,21013.74,0.0,0.0
Cook Islands,COK,Oceania,Polynesia,Unknown,2021,15205.0,,,0.07,4.82,0.0,0.07,0.0,0.0,0.02,0.0,0.08,22827.03,0.0,0.0
Cook Islands,COK,Oceania,Polynesia,Unknown,2022,14747.0,,,0.08,5.22,0.0,0.08,0.0,0.0,0.02,0.0,0.08,28099.07,0.0,0.0
Costa Rica,CRI,America,Central America,Upper-middle,2013,4716153.0,61.0,12929.0,7.58,1.61,0.02,7.04,0.0,0.52,4.46,1.7,17.65,8453.24,0.02,0.0
Costa Rica,CRI,America,Central America,Upper-middle,2014,4767126.0,63.1,13243.0,7.7,1.62,0.02,7.14,0.0,0.54,4.46,1.62,16.58,8564.41,0.02,0.0
Costa Rica,CRI,America,Central America,Upper-middle,2015,4818045.0,65.4,13582.0,7.35,1.53,0.0,6.78,0.0,0.57,4.56,1.68,18.32,8542.5,0.02,0.0
Costa Rica,CRI,America,Central America,Upper-middle,2016,4867003.0,68.2,14011.0,7.83,1.61,0.0,7.39,0.0,0.44,4.73,1.81,17.69,8940.28,0.02,0.0
Costa Rica,CRI,America,Central America,Upper-middle,2017,4913177.0,71.0,14456.0,7.99,1.63,0.02,7.48,0.0,0.49,4.89,1.79,18.0,9141.53,0.02,0.0
Costa Rica,CRI,America,Central America,Upper-middle,2018,4957813.0,72.9,14701.0,7.97,1.61,0.0,7.49,0.0,0.48,5.08,1.86,16.28,9442.01,0.02,0.0
Costa Rica,CRI,America,Central America,Upper-middle,2019,4999549.0,74.6,14930.0,7.66,1.53,0.0,7.22,0.0,0.44,5.22,1.88,16.02,9343.59,0.02,0.0
Costa Rica,CRI,America,Central America,Upper-middle,2020,5034323.0,71.5,14194.0,6.75,1.34,0.0,6.4,0.0,0.36,4.93,1.77,14.32,8103.24,0.02,0.0
Costa Rica,CRI,America,Central America,Upper-middle,2021,5059991.0,77.0,15221.0,7.66,1.52,0.05,7.22,0.0,0.39,5.28,1.8,14.04,8974.45,0.02,0.0
Costa Rica,CRI,America,Central America,Upper-middle,2022,5081764.0,80.3,15811.0,8.01,1.58,0.06,7.52,0.0,0.43,5.41,1.77,13.89,9215.24,0.02,0.0
Cote d'Ivoire,CIV,Africa,Western Africa,Low income,2013,23939775.0,69.1,2887.0,9.68,0.4,0.0,5.78,3.75,0.0,12.05,3.71,146.13,1887.16,0.03,0.0
Cote d'Ivoire,CIV,Africa,Western Africa,Lower-middle,2014,24527393.0,75.2,3066.0,9.9,0.4,0.0,5.96,3.78,0.0,11.71,3.3,245.76,1930.72,0.03,0.0
Cote d'Ivoire,CIV,Africa,Western Africa,Lower-middle,2015,25246347.0,81.8,3242.0,9.56,0.38,0.0,5.55,3.86,0.0,11.98,3.38,113.74,1909.73,0.03,0.0
Cote d'Ivoire,CIV,Africa,Western Africa,Lower-middle,2016,25989404.0,87.7,3375.0,11.98,0.46,0.0,7.02,4.77,0.0,13.12,4.06,169.56,2114.6,0.03,0.0
Cote d'Ivoire,CIV,Africa,Western Africa,Lower-middle,2017,26733376.0,93.1,3483.0,12.0,0.45,0.0,7.55,4.31,0.0,12.48,3.52,240.17,2008.14,0.03,0.0
Cote d'Ivoire,CIV,Africa,Western Africa,Lower-middle,2018,27464175.0,96.6,3517.0,10.42,0.38,0.0,6.32,3.99,0.0,11.65,3.48,146.48,1962.94,0.03,0.0
Cote d'Ivoire,CIV,Africa,Western Africa,Lower-middle,2019,28193014.0,104.6,3711.0,10.54,0.37,0.0,6.19,4.26,0.0,12.13,3.62,147.62,2037.24,0.03,0.0
Cote d'Ivoire,CIV,Africa,Western Africa,Lower-middle,2020,28915452.0,106.4,3680.0,11.02,0.38,0.0,6.56,4.37,0.0,12.38,3.75,169.69,1930.75,0.03,0.0
Cote d'Ivoire,CIV,Africa,Western Africa,Lower-middle,2021,29639737.0,113.8,3841.0,13.67,0.46,0.0,9.08,4.55,0.0,12.45,3.77,106.6,2238.97,0.04,0.0
Cote d'Ivoire,CIV,Africa,Western Africa,Lower-middle,2022,30395004.0,121.5,3996.0,14.5,0.48,0.0,9.48,4.98,0.0,12.67,3.85,131.44,2579.77,0.04,0.0
Croatia,HRV,Europe,Southern Europe,Upper-middle,2013,4242403.0,80.1,18872.0,18.4,4.34,2.68,9.07,4.91,1.14,3.84,2.17,23.06,22645.89,0.05,0.0
Croatia,HRV,Europe,Southern Europe,Upper-middle,2014,4219485.0,79.7,18893.0,17.65,4.18,2.57,8.96,4.3,1.23,3.79,2.16,22.86,22753.67,0.05,0.0
Croatia,HRV,Europe,Southern Europe,Upper-middle,2015,4183732.0,81.7,19535.0,17.79,4.25,2.38,9.39,4.46,1.17,3.93,2.34,23.48,21755.67,0.05,0.0
Croatia,HRV,Europe,Southern Europe,Upper-middle,2016,4136438.0,84.6,20462.0,18.08,4.37,2.56,9.34,4.73,1.08,3.99,2.22,22.13,22901.48,0.05,0.0
Croatia,HRV,Europe,Southern Europe,Upper-middle,2017,4079198.0,87.5,21457.0,18.71,4.59,1.55,9.98,5.43,1.29,3.99,2.36,22.6,23235.8,0.05,0.0
Croatia,HRV,Europe,Southern Europe,Upper-middle,2018,4024868.0,90.0,22356.0,17.7,4.4,1.45,9.56,5.04,1.21,3.79,2.36,21.91,24388.49,0.05,0.0
Croatia,HRV,Europe,Southern Europe,Upper-middle,2019,3986338.0,93.1,23344.0,17.82,4.47,1.68,9.29,5.24,1.18,3.71,2.36,23.56,24035.39,0.05,0.0
Croatia,HRV,Europe,Southern Europe,Upper-middle,2020,3953956.0,85.1,21516.0,16.87,4.27,1.42,8.27,5.52,1.21,3.58,2.42,21.73,23110.64,0.05,0.0
Croatia,HRV,Europe,Southern Europe,Upper-middle,2021,3924607.0,96.2,24511.0,17.4,4.43,1.65,8.72,5.35,1.2,3.49,2.37,21.44,25050.17,0.05,0.0
Croatia,HRV,Europe,Southern Europe,Upper-middle,2022,3907031.0,102.3,26180.0,17.58,4.5,1.61,9.47,4.88,1.1,3.36,2.19,21.56,23846.07,0.05,0.0
Cuba,CUB,America,Caribbean,Lower-middle,2013,11298163.0,83.0,7348.0,27.89,2.47,0.03,24.79,2.04,0.92,14.16,3.96,39.6,11051.09,0.08,0.0
Cuba,CUB,America,Caribbean,Lower-middle,2014,11285780.0,85.7,7596.0,27.37,2.42,0.0,24.18,2.31,0.71,14.09,4.05,40.13,11269.27,0.08,0.0
Cuba,CUB,America,Caribbean,Lower-middle,2015,11275069.0,88.5,7846.0,29.09,2.58,0.02,25.86,2.39,0.67,13.54,3.98,39.46,11314.93,0.08,0.0
Cuba,CUB,America,Caribbean,Lower-middle,2016,11265615.0,88.6,7868.0,27.77,2.46,0.01,24.74,2.28,0.67,13.72,3.89,48.56,8825.62,0.08,0.0
Cuba,CUB,America,Caribbean,Lower-middle,2017,11247824.0,90.0,8003.0,24.56,2.18,0.01,21.88,2.02,0.64,13.29,3.89,41.11,9404.83,0.07,0.0
Cuba,CUB,America,Caribbean,Lower-middle,2018,11227116.0,91.9,8182.0,23.02,2.05,0.02,20.4,1.86,0.72,13.38,3.84,42.99,9839.56,0.06,0.0
Cuba,CUB,America,Caribbean,Lower-middle,2019,11202847.0,91.7,8186.0,22.49,2.01,0.0,20.0,1.82,0.63,13.24,3.82,38.94,9034.7,0.06,0.0
Cuba,CUB,America,Caribbean,Lower-middle,2020,11176349.0,81.7,7307.0,21.28,1.9,0.0,19.08,1.72,0.46,12.77,3.52,35.84,8354.51,0.06,0.0
Cuba,CUB,America,Caribbean,Lower-middle,2021,11122169.0,82.7,7434.0,22.55,2.03,0.01,20.44,1.66,0.37,12.5,3.4,35.89,8313.42,0.06,0.0
Cuba,CUB,America,Caribbean,Lower-middle,2022,11059822.0,84.2,7609.0,23.26,2.1,0.0,21.24,1.62,0.31,12.19,3.23,37.37,8414.64,0.06,0.0
Curacao,CUW,America,Caribbean,Unknown,2013,163122.0,,,5.93,36.37,0.0,5.93,0.0,0.0,0.0,0.0,0.0,,0.02,0.0
Curacao,CUW,America,Caribbean,Unknown,2014,165041.0,,,6.8,41.18,0.0,6.8,0.0,0.0,0.0,0.0,0.0,,0.02,0.0
Curacao,CUW,America,Caribbean,Unknown,2015,166621.0,,,7.33,44.0,0.0,7.06,0.28,0.0,0.0,0.0,0.0,,0.02,0.0
Curacao,CUW,America,Caribbean,Unknown,2016,167787.0,,,6.2,36.97,0.0,5.93,0.28,0.0,0.0,0.0,0.0,,0.02,0.0
Curacao,CUW,America,Caribbean,Unknown,2017,168525.0,,,4.97,29.48,0.0,4.83,0.14,0.0,0.0,0.0,0.0,,0.01,0.0
Curacao,CUW,America,Caribbean,Unknown,2018,181590.0,,,4.32,23.81,0.0,4.22,0.1,0.0,0.0,0.0,0.0,,0.01,0.0
Curacao,CUW,America,Caribbean,Unknown,2019,189555.0,,,2.4,12.64,0.0,2.4,0.0,0.0,0.0,0.0,0.0,,0.01,0.0
Curacao,CUW,America,Caribbean,Unknown,2020,185029.0,,,2.01,10.85,0.0,2.01,0.0,0.0,0.0,0.0,0.0,,0.01,0.0
Curacao,CUW,America,Caribbean,Unknown,2021,185324.0,,,2.14,11.55,0.0,2.14,0.0,0.0,0.0,0.0,0.0,,0.01,0.0
Curacao,CUW,America,Caribbean,Unknown,2022,185350.0,,,2.21,11.92,0.0,2.21,0.0,0.0,0.0,0.0,0.0,,0.01,0.0
Cyprus,CYP,Asia,Western Asia,Upper-middle,2013,1183899.0,24.9,21048.0,6.58,5.56,0.0,5.81,0.0,0.75,0.81,0.33,6.73,23885.87,0.02,0.0
Cyprus,CYP,Asia,Western Asia,Upper-middle,2014,1201806.0,24.5,20366.0,6.93,5.77,0.01,5.93,0.0,0.97,0.8,0.32,8.15,23543.23,0.02,0.0
Cyprus,CYP,Asia,Western Asia,Upper-middle,2015,1219504.0,25.3,20756.0,6.95,5.7,0.02,6.05,0.0,0.88,0.82,0.34,7.48,23931.43,0.02,0.0
Cyprus,CYP,Asia,Western Asia,Upper-middle,2016,1237114.0,27.0,21806.0,7.35,5.94,0.0,6.45,0.0,0.88,0.85,0.34,8.47,25654.01,0.02,0.0
Cyprus,CYP,Asia,Western Asia,Upper-middle,2017,1254274.0,28.5,22741.0,7.47,5.96,0.01,6.52,0.0,0.92,0.87,0.35,8.89,25987.69,0.02,0.0
Cyprus,CYP,Asia,Western Asia,Upper-middle,2018,1270743.0,30.1,23714.0,7.32,5.76,0.05,6.4,0.0,0.85,1.23,0.36,8.53,25545.8,0.02,0.0
Cyprus,CYP,Asia,Western Asia,Upper-middle,2019,1286669.0,31.8,24715.0,7.32,5.69,0.07,6.44,0.0,0.79,1.74,0.37,8.97,25253.97,0.02,0.0
Cyprus,CYP,Asia,Western Asia,Upper-middle,2020,1302250.0,30.4,23352.0,6.9,5.3,0.06,5.94,0.0,0.88,1.7,0.38,8.57,21717.27,0.02,0.0
Cyprus,CYP,Asia,Western Asia,Upper-middle,2021,1317311.0,32.4,24617.0,6.95,5.28,0.16,5.89,0.0,0.88,1.87,0.37,8.72,22653.71,0.02,0.0
Cyprus,CYP,Asia,Western Asia,Upper-middle,2022,1331376.0,34.3,25729.0,7.07,5.31,0.12,6.05,0.0,0.88,2.05,0.36,8.98,23790.74,0.02,0.0
Czechia,CZE,Europe,Eastern Europe,Upper-middle,2013,10511164.0,276.8,26331.0,106.71,10.15,66.87,19.66,16.83,1.33,13.07,7.11,128.31,46638.13,0.3,0.0
Czechia,CZE,Europe,Eastern Europe,Upper-middle,2014,10517223.0,283.0,26911.0,104.23,9.91,64.9,20.7,15.11,1.48,12.76,7.29,127.73,45633.42,0.29,0.0
Czechia,CZE,Europe,Eastern Europe,Upper-middle,2015,10524418.0,298.3,28341.0,104.99,9.98,64.32,21.21,15.91,1.56,12.7,7.69,131.74,44726.09,0.3,0.0
Czechia,CZE,Europe,Eastern Europe,Upper-middle,2016,10531946.0,305.8,29040.0,106.64,10.12,64.73,21.24,17.01,1.7,12.63,7.66,130.01,44091.98,0.3,0.0
Czechia,CZE,Europe,Eastern Europe,High income,2017,10541343.0,321.7,30513.0,107.74,10.22,64.31,22.01,17.71,1.73,12.68,7.33,127.2,46538.84,0.3,0.0
Czechia,CZE,Europe,Eastern Europe,High income,2018,10548934.0,332.0,31473.0,106.32,10.08,63.57,22.22,16.64,1.87,12.54,7.15,123.04,46357.7,0.29,0.0
Czechia,CZE,Europe,Eastern Europe,High income,2019,10554872.0,342.1,32409.0,101.0,9.57,57.47,22.34,17.36,1.98,12.62,6.9,116.23,45278.14,0.27,0.0
Czechia,CZE,Europe,Eastern Europe,High income,2020,10550129.0,323.2,30639.0,91.66,8.69,49.73,20.96,17.43,1.89,12.27,6.31,104.53,41949.02,0.26,0.0
Czechia,CZE,Europe,Eastern Europe,High income,2021,10530683.0,334.7,31786.0,96.63,9.18,51.41,22.44,19.05,1.96,12.58,6.74,109.2,44290.19,0.26,0.0
Czechia,CZE,Europe,Eastern Europe,High income,2022,10673216.0,343.0,32133.0,95.04,8.9,52.91,22.76,15.8,1.85,12.72,6.94,106.47,42043.36,0.25,0.01
Democratic Republic of Congo,COD,Africa,Middle Africa,Low income,2013,75789397.0,61.0,804.0,3.92,0.05,0.01,3.36,0.0,0.17,40.91,16.11,900.8,328.48,0.01,0.01
Democratic Republic of Congo,COD,Africa,Middle Africa,Low income,2014,78403248.0,65.4,834.0,5.07,0.06,0.02,4.5,0.0,0.13,42.1,15.84,782.94,405.0,0.01,0.01
Democratic Republic of Congo,COD,Africa,Middle Africa,Low income,2015,81035532.0,69.6,858.0,3.27,0.04,0.03,2.69,0.0,0.16,43.66,16.48,661.01,280.17,0.01,0.01
Democratic Republic of Congo,COD,Africa,Middle Africa,Low income,2016,83956416.0,69.8,832.0,2.66,0.03,0.04,2.13,0.0,0.1,44.62,16.61,703.11,231.32,0.01,0.01
Democratic Republic of Congo,COD,Africa,Middle Africa,Low income,2017,87083400.0,72.4,831.0,2.92,0.03,0.05,2.17,0.0,0.35,46.83,16.95,730.26,238.28,0.01,0.01
Democratic Republic of Congo,COD,Africa,Middle Africa,Low income,2018,90047647.0,75.9,843.0,3.77,0.04,0.08,2.94,0.0,0.45,45.54,15.86,630.12,279.37,0.01,0.01
Democratic Republic of Congo,COD,Africa,Middle Africa,Low income,2019,92947450.0,79.3,853.0,4.12,0.04,0.04,3.16,0.0,0.54,46.82,16.37,571.67,253.66,0.01,0.01
Democratic Republic of Congo,COD,Africa,Middle Africa,Low income,2020,95990000.0,80.6,840.0,4.3,0.04,0.02,3.34,0.0,0.5,48.03,16.64,603.28,285.18,0.01,0.01
Democratic Republic of Congo,COD,Africa,Middle Africa,Low income,2021,99148930.0,85.6,864.0,4.29,0.04,0.03,3.2,0.0,0.63,48.91,16.93,748.1,310.06,0.01,0.01
Democratic Republic of Congo,COD,Africa,Middle Africa,Low income,2022,102396974.0,91.3,892.0,5.89,0.06,0.05,4.63,0.0,0.82,50.46,17.21,771.66,313.67,0.02,0.01
Denmark,DNK,Europe,Northern Europe,High income,2013,5615333.0,245.6,43734.0,41.76,7.44,12.76,19.57,7.93,0.87,9.63,4.87,60.04,37700.77,0.12,0.0
Denmark,DNK,Europe,Northern Europe,High income,2014,5643795.0,249.6,44218.0,37.57,6.66,10.14,19.08,6.81,0.89,9.6,5.01,54.2,36068.55,0.11,0.0
Denmark,DNK,Europe,Northern Europe,High income,2015,5683698.0,255.4,44936.0,35.11,6.18,7.24,19.47,6.9,0.93,9.9,5.16,52.98,35007.94,0.1,0.0
Denmark,DNK,Europe,Northern Europe,High income,2016,5728196.0,263.7,46034.0,36.92,6.44,8.41,19.75,7.01,1.1,10.13,5.22,55.01,35194.58,0.1,0.0
Denmark,DNK,Europe,Northern Europe,High income,2017,5765164.0,271.1,47029.0,34.66,6.01,6.25,19.92,6.68,1.19,10.19,5.25,53.51,35208.77,0.1,0.0
Denmark,DNK,Europe,Northern Europe,High income,2018,5793824.0,276.5,47728.0,34.61,5.97,6.36,19.97,6.48,1.16,10.39,5.01,52.83,34539.77,0.09,0.0
Denmark,DNK,Europe,Northern Europe,High income,2019,5814618.0,280.7,48267.0,30.95,5.32,3.59,19.69,6.02,1.13,10.58,5.13,49.1,37285.68,0.08,0.0
Denmark,DNK,Europe,Northern Europe,High income,2020,5831529.0,275.1,47167.0,28.3,4.85,3.17,18.58,4.8,1.23,10.6,5.24,46.46,32952.97,0.08,0.0
Denmark,DNK,Europe,Northern Europe,High income,2021,5856774.0,288.4,49245.0,29.6,5.06,4.21,18.83,4.81,1.21,10.62,5.01,48.12,32756.87,0.08,0.0
Denmark,DNK,Europe,Northern Europe,High income,2022,5902901.0,299.4,50726.0,29.09,4.93,4.13,19.87,3.47,1.07,10.23,4.88,46.79,32903.93,0.08,0.0
Djibouti,DJI,Africa,Eastern Africa,Low income,2013,984833.0,2.2,2191.0,0.38,0.39,0.0,0.32,0.0,0.06,1.06,0.27,1.73,3784.87,0.0,0.0
Djibouti,DJI,Africa,Eastern Africa,Low income,2014,1002720.0,2.3,2280.0,0.42,0.42,0.0,0.35,0.0,0.07,1.07,0.27,1.79,4126.21,0.0,0.0
Djibouti,DJI,Africa,Eastern Africa,Low income,2015,1020316.0,2.4,2387.0,0.5,0.5,0.0,0.45,0.0,0.05,1.07,0.27,1.88,3576.17,0.0,0.0
Djibouti,DJI,Africa,Eastern Africa,Low income,2016,1037660.0,2.6,2518.0,0.43,0.41,0.0,0.38,0.0,0.05,1.12,0.27,1.86,3361.6,0.0,0.0
Djibouti,DJI,Africa,Eastern Africa,Low income,2017,1054844.0,2.8,2623.0,0.41,0.39,0.0,0.35,0.0,0.06,1.13,0.27,1.86,2993.3,0.0,0.0
Djibouti,DJI,Africa,Eastern Africa,Low income,2018,1071886.0,2.9,2728.0,0.47,0.44,0.0,0.38,0.0,0.09,1.14,0.27,1.92,2898.56,0.0,0.0
Djibouti,DJI,Africa,Eastern Africa,Low income,2019,1088710.0,3.1,2835.0,0.54,0.5,0.0,0.44,0.0,0.1,1.15,0.27,2.02,3235.81,0.0,0.0
Djibouti,DJI,Africa,Eastern Africa,Low income,2020,1105193.0,3.1,2826.0,0.46,0.42,0.0,0.37,0.0,0.09,1.17,0.27,1.96,2837.72,0.0,0.0
Djibouti,DJI,Africa,Eastern Africa,Low income,2021,1121251.0,3.3,2920.0,0.56,0.5,0.0,0.41,0.0,0.15,1.18,0.27,2.06,3197.36,0.0,0.0
Djibouti,DJI,Africa,Eastern Africa,Low income,2022,1137101.0,3.4,2986.0,0.55,0.48,0.0,0.36,0.0,0.19,1.2,0.27,2.07,2995.47,0.0,0.0
Dominica,DMA,America,Caribbean,Lower-middle,2013,69733.0,0.7,9573.0,0.16,2.26,0.0,0.16,0.0,0.0,0.06,0.01,0.18,9915.62,0.0,0.0
Dominica,DMA,America,Caribbean,Lower-middle,2014,70387.0,0.7,9860.0,0.17,2.4,0.0,0.17,0.0,0.0,0.06,0.01,0.18,10325.73,0.0,0.0
Dominica,DMA,America,Caribbean,Lower-middle,2015,70429.0,0.7,9792.0,0.18,2.5,0.0,0.18,0.0,0.0,0.06,0.01,0.18,10921.84,0.0,0.0
Dominica,DMA,America,Caribbean,Lower-middle,2016,69627.0,0.7,10168.0,0.17,2.47,0.0,0.17,0.0,0.0,0.06,0.01,0.2,11295.76,0.0,0.0
Dominica,DMA,America,Caribbean,Lower-middle,2017,68514.0,0.7,9575.0,0.15,2.25,0.0,0.15,0.0,0.0,0.06,0.01,0.18,10885.66,0.0,0.0
Dominica,DMA,America,Caribbean,Lower-middle,2018,68195.0,0.7,9936.0,0.16,2.42,0.0,0.16,0.0,0.0,0.06,0.01,0.19,10637.57,0.0,0.0
Dominica,DMA,America,Caribbean,Lower-middle,2019,67901.0,0.7,10528.0,0.17,2.54,0.0,0.17,0.0,0.0,0.06,0.01,0.19,11136.96,0.0,0.0
Dominica,DMA,America,Caribbean,Lower-middle,2020,67588.0,0.6,8879.0,0.16,2.33,0.0,0.16,0.0,0.0,0.06,0.01,0.18,10187.7,0.0,0.0
Dominica,DMA,America,Caribbean,Lower-middle,2021,67222.0,0.6,9480.0,0.16,2.4,0.0,0.16,0.0,0.0,0.06,0.01,0.19,10379.51,0.0,0.0
Dominica,DMA,America,Caribbean,Lower-middle,2022,66847.0,0.7,10099.0,0.16,2.47,0.0,0.16,0.0,0.0,0.06,0.01,0.19,10770.69,0.0,0.0
Dominican Republic,DOM,America,Caribbean,Lower-middle,2013,10193838.0,121.1,11882.0,20.84,2.04,2.15,15.13,2.04,1.52,10.32,2.83,33.25,8620.21,0.06,0.0
Dominican Republic,DOM,America,Caribbean,Upper-middle,2014,10315523.0,129.7,12569.0,21.26,2.06,2.81,14.66,2.0,1.79,10.49,2.87,46.7,8261.62,0.06,0.0
Dominican Republic,DOM,America,Caribbean,Upper-middle,2015,10434826.0,138.6,13286.0,22.99,2.2,2.54,16.57,2.03,1.85,10.62,3.02,40.53,9146.43,0.06,0.0
Dominican Republic,DOM,America,Caribbean,Upper-middle,2016,10551430.0,147.9,14014.0,24.14,2.29,2.53,17.85,1.91,1.84,10.8,3.12,40.12,9531.96,0.07,0.0
Dominican Republic,DOM,America,Caribbean,Upper-middle,2017,10666846.0,154.8,14510.0,23.46,2.2,2.94,16.45,2.19,1.87,11.03,3.18,38.43,9189.02,0.06,0.0
Dominican Republic,DOM,America,Caribbean,Upper-middle,2018,10782048.0,165.6,15357.0,25.2,2.34,2.89,18.19,2.18,1.94,11.34,3.57,40.02,10077.04,0.07,0.0
Dominican Republic,DOM,America,Caribbean,Upper-middle,2019,10894043.0,173.9,15967.0,28.47,2.61,4.46,19.21,2.79,2.01,11.42,3.56,43.19,11143.83,0.08,0.0
Dominican Republic,DOM,America,Caribbean,Upper-middle,2020,11008298.0,162.3,14739.0,26.23,2.38,6.52,14.91,2.94,1.86,11.6,3.6,41.11,9056.88,0.08,0.0
Dominican Republic,DOM,America,Caribbean,Upper-middle,2021,11123480.0,182.2,16377.0,29.36,2.64,6.15,17.28,3.61,2.32,11.85,3.63,44.41,10685.73,0.08,0.0
Dominican Republic,DOM,America,Caribbean,Upper-middle,2022,11230734.0,191.2,17023.0,31.22,2.78,7.43,18.67,2.79,2.33,11.92,3.67,46.47,11823.13,0.08,0.0
East Timor,TLS,Asia,South-eastern Asia,Unknown,2013,1158697.0,,,0.62,0.54,0.0,0.35,0.0,0.0,1.47,0.23,4.98,1638.83,0.0,0.0
East Timor,TLS,Asia,South-eastern Asia,Unknown,2014,1181913.0,,,0.63,0.53,0.0,0.44,0.0,0.0,1.27,0.24,4.69,1843.69,0.0,0.0
East Timor,TLS,Asia,South-eastern Asia,Unknown,2015,1205133.0,,,0.59,0.49,0.0,0.43,0.0,0.0,1.36,0.26,4.69,1772.92,0.0,0.0
East Timor,TLS,Asia,South-eastern Asia,Unknown,2016,1228314.0,,,0.64,0.52,0.0,0.51,0.0,0.0,1.2,0.26,4.55,1701.15,0.0,0.0
East Timor,TLS,Asia,South-eastern Asia,Unknown,2017,1251711.0,,,0.69,0.55,0.0,0.55,0.0,0.0,1.12,0.26,5.74,1702.69,0.0,0.0
East Timor,TLS,Asia,South-eastern Asia,Unknown,2018,1275962.0,,,0.62,0.48,0.0,0.5,0.0,0.0,1.05,0.26,4.71,1759.18,0.0,0.0
East Timor,TLS,Asia,South-eastern Asia,Unknown,2019,1300946.0,,,0.68,0.52,0.0,0.6,0.0,0.0,1.22,0.29,5.09,2086.28,0.0,0.0
East Timor,TLS,Asia,South-eastern Asia,Unknown,2020,1326051.0,,,0.65,0.49,0.0,0.59,0.0,0.0,1.07,0.26,5.3,1961.23,0.0,0.0
East Timor,TLS,Asia,South-eastern Asia,Unknown,2021,1350142.0,,,0.62,0.46,0.0,0.57,0.0,0.0,1.05,0.25,5.59,1886.52,0.0,0.0
East Timor,TLS,Asia,South-eastern Asia,Unknown,2022,1369299.0,,,0.67,0.49,0.0,0.61,0.0,0.0,1.09,0.26,4.99,1976.46,0.0,0.0
Ecuador,ECU,America,South America,Lower-middle,2013,15807132.0,166.1,10506.0,39.68,2.51,0.0,33.97,1.59,2.63,25.23,5.03,90.65,11356.21,0.11,0.0
Ecuador,ECU,America,South America,Lower-middle,2014,16035127.0,172.4,10749.0,43.76,2.73,0.0,37.61,1.63,2.63,24.69,4.99,145.96,11759.38,0.12,0.0
Ecuador,ECU,America,South America,Lower-middle,2015,16266229.0,172.5,10607.0,41.3,2.54,0.0,35.44,1.54,2.33,23.79,4.54,95.88,11560.52,0.12,0.0
Ecuador,ECU,America,South America,Lower-middle,2016,16505142.0,170.4,10325.0,39.38,2.39,0.0,33.47,1.65,2.21,23.92,4.84,88.94,11354.27,0.11,0.0
Ecuador,ECU,America,South America,Lower-middle,2017,16759515.0,174.5,10410.0,39.2,2.34,0.0,33.39,1.54,2.26,23.64,4.88,84.04,11641.73,0.11,0.0
Ecuador,ECU,America,South America,Lower-middle,2018,17049542.0,176.7,10364.0,38.45,2.26,0.0,33.16,1.36,2.31,22.88,4.87,100.0,12104.74,0.1,0.0
Ecuador,ECU,America,South America,Lower-middle,2019,17340017.0,176.7,10192.0,40.08,2.31,0.0,34.93,1.21,2.21,23.44,4.95,97.61,12187.6,0.11,0.0
Ecuador,ECU,America,South America,Lower-middle,2020,17546058.0,163.0,9288.0,32.47,1.85,0.0,27.46,1.03,2.03,22.87,4.87,76.74,10421.85,0.09,0.0
Ecuador,ECU,America,South America,Lower-middle,2021,17682454.0,169.9,9607.0,38.18,2.16,0.0,32.67,1.08,2.11,22.54,4.86,79.06,12023.04,0.1,0.0
Ecuador,ECU,America,South America,Lower-middle,2022,17823900.0,175.0,9820.0,42.07,2.36,0.0,36.45,1.0,2.19,22.28,4.53,80.53,12495.49,0.11,0.0
Egypt,EGY,Africa,Northern Africa,Lower-middle,2013,95333551.0,984.6,10327.0,219.09,2.3,1.7,103.37,90.4,19.14,51.53,22.39,293.69,10209.09,0.62,0.0
Egypt,EGY,Africa,Northern Africa,Lower-middle,2014,97528655.0,1035.7,10620.0,227.25,2.33,1.5,118.5,81.7,20.33,51.44,22.63,302.44,9863.48,0.64,0.0
Egypt,EGY,Africa,Northern Africa,Lower-middle,2015,99597334.0,1079.6,10840.0,226.65,2.28,1.34,111.27,84.15,24.58,50.31,23.25,300.73,9800.54,0.64,0.0
Egypt,EGY,Africa,Northern Africa,Lower-middle,2016,101644583.0,1121.6,11034.0,245.16,2.41,1.61,118.24,94.82,25.23,50.65,23.83,320.88,10135.91,0.69,0.0
Egypt,EGY,Africa,Northern Africa,Lower-middle,2017,103696055.0,1158.1,11168.0,253.36,2.44,6.51,108.45,108.41,25.61,51.05,23.68,329.1,10325.81,0.7,0.0
Egypt,EGY,Africa,Northern Africa,Lower-middle,2018,105682092.0,1220.7,11550.0,241.9,2.29,13.01,97.8,102.7,24.13,50.31,23.48,316.98,10137.44,0.66,0.0
Egypt,EGY,Africa,Northern Africa,Lower-middle,2019,107553159.0,1289.3,11987.0,234.06,2.18,10.12,76.28,120.52,22.77,46.91,21.26,303.62,9749.41,0.63,0.0
Egypt,EGY,Africa,Northern Africa,Lower-middle,2020,109315118.0,1307.8,11963.0,246.32,2.25,5.4,98.24,116.63,21.62,46.51,21.8,316.24,9028.07,0.7,0.0
Egypt,EGY,Africa,Northern Africa,Upper-middle,2021,110957005.0,1401.0,12626.0,266.84,2.4,8.7,104.62,122.94,26.66,47.18,22.28,337.69,9564.88,0.72,0.0
Egypt,EGY,Africa,Northern Africa,Upper-middle,2022,112618252.0,1460.4,12968.0,249.9,2.22,7.76,109.15,104.01,25.28,49.24,22.48,323.03,9857.58,0.67,0.0
El Salvador,SLV,America,Central America,Lower-middle,2013,6138845.0,48.0,7822.0,6.06,0.99,0.0,5.62,0.0,0.43,3.05,1.2,8.74,4971.98,0.02,0.0
El Salvador,SLV,America,Central America,Lower-middle,2014,6162952.0,49.0,7955.0,6.12,0.99,0.0,5.76,0.0,0.36,3.29,1.14,9.88,5116.34,0.02,0.0
El Salvador,SLV,America,Central America,Lower-middle,2015,6183675.0,50.3,8138.0,6.64,1.07,0.0,6.28,0.0,0.35,3.26,1.18,9.08,5442.88,0.02,0.0
El Salvador,SLV,America,Central America,Lower-middle,2016,6200808.0,51.8,8353.0,6.57,1.06,0.0,6.25,0.0,0.31,3.12,1.11,8.48,5503.4,0.02,0.0
El Salvador,SLV,America,Central America,Lower-middle,2017,6213538.0,53.3,8577.0,5.94,0.96,0.0,5.62,0.0,0.32,3.09,1.01,7.74,5317.58,0.02,0.0
El Salvador,SLV,America,Central America,Lower-middle,2018,6219803.0,55.1,8851.0,6.45,1.04,0.0,6.06,0.0,0.39,2.93,1.06,8.19,5810.08,0.02,0.0
El Salvador,SLV,America,Central America,Lower-middle,2019,6222316.0,56.4,9063.0,7.63,1.23,0.0,7.18,0.0,0.46,2.88,0.89,8.84,6477.02,0.02,0.0
El Salvador,SLV,America,Central America,Lower-middle,2020,6234679.0,52.0,8334.0,6.14,0.98,0.0,5.78,0.0,0.36,2.99,0.98,6.53,5385.43,0.02,0.0
El Salvador,SLV,America,Central America,Lower-middle,2021,6255780.0,57.8,9235.0,6.98,1.12,0.0,6.6,0.0,0.38,3.08,1.08,7.7,6263.18,0.02,0.0
El Salvador,SLV,America,Central America,Lower-middle,2022,6280316.0,59.3,9438.0,7.91,1.26,0.0,7.13,0.4,0.38,3.09,0.89,8.76,6872.58,0.02,0.0
Equatorial Guinea,GNQ,Africa,Middle Africa,Upper-middle,2013,1346220.0,30.4,22596.0,8.17,6.07,0.0,1.25,5.64,0.0,8.1,0.06,18.16,24355.91,0.02,0.0
Equatorial Guinea,GNQ,Africa,Middle Africa,Upper-middle,2014,1399829.0,30.3,21615.0,7.64,5.46,0.0,1.27,5.13,0.0,8.17,0.06,16.61,21868.37,0.02,0.0
Equatorial Guinea,GNQ,Africa,Middle Africa,Upper-middle,2015,1453925.0,28.0,19276.0,7.01,4.82,0.0,1.28,4.65,0.0,8.69,0.06,17.56,18663.38,0.02,0.0
Equatorial Guinea,GNQ,Africa,Middle Africa,Upper-middle,2016,1508192.0,25.2,16711.0,7.54,5.0,0.0,1.22,5.45,0.0,7.59,0.06,16.57,17766.68,0.02,0.0
Equatorial Guinea,GNQ,Africa,Middle Africa,Upper-middle,2017,1562401.0,23.5,15048.0,6.82,4.36,0.0,1.12,5.12,0.0,6.69,0.05,16.14,23779.68,0.02,0.0
Equatorial Guinea,GNQ,Africa,Middle Africa,Upper-middle,2018,1616425.0,21.8,13495.0,7.03,4.35,0.0,1.07,5.35,0.0,5.13,0.05,13.98,16651.63,0.02,0.0
Equatorial Guinea,GNQ,Africa,Middle Africa,Upper-middle,2019,1670184.0,20.6,12345.0,5.51,3.3,0.0,1.1,3.88,0.0,4.66,0.05,12.3,15984.58,0.02,0.0
Equatorial Guinea,GNQ,Africa,Middle Africa,Lower-middle,2020,1716479.0,19.7,11502.0,6.39,3.72,0.0,0.97,4.61,0.0,4.63,0.05,13.89,17686.46,0.02,0.0
Equatorial Guinea,GNQ,Africa,Middle Africa,Lower-middle,2021,1758796.0,19.6,11119.0,7.09,4.03,0.0,0.98,5.63,0.0,4.02,0.05,13.56,19906.08,0.02,0.0
Equatorial Guinea,GNQ,Africa,Middle Africa,Lower-middle,2022,1803549.0,20.2,11195.0,7.5,4.16,0.0,0.95,6.13,0.0,3.75,0.05,14.09,20471.13,0.02,0.0
Eritrea,ERI,Africa,Eastern Africa,Unknown,2013,3074367.0,,,0.57,0.18,0.0,0.48,0.0,0.09,4.34,1.55,8.58,738.29,0.0,0.0
Eritrea,ERI,Africa,Eastern Africa,Unknown,2014,3095168.0,,,0.57,0.18,0.0,0.48,0.0,0.09,4.39,1.56,9.12,765.92,0.0,0.0
Eritrea,ERI,Africa,Eastern Africa,Unknown,2015,3105554.0,,,0.56,0.18,0.0,0.48,0.0,0.08,4.43,1.57,9.55,757.38,0.0,0.0
Eritrea,ERI,Africa,Eastern Africa,Unknown,2016,3124700.0,,,0.55,0.18,0.0,0.48,0.0,0.08,4.49,1.59,9.95,766.27,0.0,0.0
Eritrea,ERI,Africa,Eastern Africa,Unknown,2017,3150350.0,,,0.55,0.18,0.0,0.48,0.0,0.07,4.5,1.59,10.46,834.89,0.0,0.0
Eritrea,ERI,Africa,Eastern Africa,Unknown,2018,3192763.0,,,0.62,0.19,0.0,0.55,0.0,0.07,4.54,1.62,10.61,819.63,0.0,0.0
Eritrea,ERI,Africa,Eastern Africa,Unknown,2019,3240194.0,,,0.64,0.2,0.0,0.57,0.0,0.07,4.58,1.63,10.86,798.17,0.0,0.0
Eritrea,ERI,Africa,Eastern Africa,Unknown,2020,3291277.0,,,0.64,0.2,0.0,0.58,0.0,0.06,4.61,1.64,10.99,767.27,0.0,0.0
Eritrea,ERI,Africa,Eastern Africa,Unknown,2021,3350185.0,,,0.68,0.2,0.0,0.61,0.0,0.07,4.65,1.63,9.71,794.37,0.0,0.0
Eritrea,ERI,Africa,Eastern Africa,Unknown,2022,3409450.0,,,0.72,0.21,0.0,0.65,0.0,0.07,4.68,1.64,10.13,845.42,0.0,0.0
Estonia,EST,Europe,Northern Europe,Upper-middle,2013,1317920.0,30.6,23219.0,19.63,14.9,14.53,3.21,1.19,0.4,2.61,1.69,23.82,58777.0,0.06,0.0
Estonia,EST,Europe,Northern Europe,Upper-middle,2014,1314457.0,31.5,23981.0,18.78,14.29,14.07,3.23,1.01,0.42,2.73,1.72,23.82,56419.86,0.05,0.0
Estonia,EST,Europe,Northern Europe,Upper-middle,2015,1314580.0,32.1,24423.0,15.78,12.0,11.27,3.33,0.9,0.21,2.72,1.74,21.13,52204.06,0.04,0.0
Estonia,EST,Europe,Northern Europe,Upper-middle,2016,1315850.0,33.1,25169.0,17.43,13.25,12.76,3.43,0.99,0.18,2.66,1.68,21.91,53777.43,0.05,0.0
Estonia,EST,Europe,Northern Europe,Upper-middle,2017,1317430.0,35.0,26595.0,18.62,14.13,13.88,3.44,0.91,0.31,2.79,1.72,23.46,59573.93,0.05,0.0
Estonia,EST,Europe,Northern Europe,Upper-middle,2018,1321972.0,36.4,27507.0,17.8,13.46,13.06,3.4,0.96,0.3,2.97,1.71,23.01,58911.23,0.05,0.0
Estonia,EST,Europe,Northern Europe,Upper-middle,2019,1326822.0,37.7,28431.0,12.29,9.26,7.78,3.26,0.88,0.3,2.84,1.74,17.15,47301.49,0.03,0.0
Estonia,EST,Europe,Northern Europe,Upper-middle,2020,1329675.0,37.5,28214.0,9.2,6.92,5.28,3.03,0.81,0.02,1.75,1.74,13.14,44171.18,0.03,0.0
Estonia,EST,Europe,Northern Europe,High income,2021,1331750.0,40.5,30427.0,10.39,7.8,6.46,2.93,0.92,0.0,1.78,1.74,14.4,46137.7,0.03,0.0
Estonia,EST,Europe,Northern Europe,Upper-middle,2022,1350093.0,40.0,29627.0,11.97,8.86,8.09,3.13,0.68,0.0,1.77,1.73,16.1,46890.34,0.03,0.0
Eswatini,SWZ,Africa,Southern Africa,Lower-middle,2013,1130000.0,8.1,7192.0,1.32,1.16,0.6,0.72,0.0,0.0,1.22,0.51,1.7,4697.81,0.0,0.0
Eswatini,SWZ,Africa,Southern Africa,Lower-middle,2014,1136305.0,8.3,7329.0,0.76,0.67,0.05,0.71,0.0,0.0,1.21,0.5,1.68,4833.42,0.0,0.0
Eswatini,SWZ,Africa,Southern Africa,Lower-middle,2015,1142822.0,8.4,7390.0,0.85,0.74,0.12,0.73,0.0,0.0,1.2,0.48,1.61,4938.75,0.0,0.0
Eswatini,SWZ,Africa,Southern Africa,Lower-middle,2016,1149516.0,8.5,7434.0,1.02,0.89,0.22,0.81,0.0,0.0,1.18,0.46,1.7,5110.42,0.0,0.0
Eswatini,SWZ,Africa,Southern Africa,Lower-middle,2017,1158198.0,8.7,7533.0,0.97,0.84,0.14,0.83,0.0,0.0,1.14,0.48,1.81,5259.74,0.0,0.0
Eswatini,SWZ,Africa,Southern Africa,Lower-middle,2018,1168933.0,8.9,7645.0,1.01,0.87,0.14,0.87,0.0,0.0,1.15,0.48,1.75,5461.99,0.0,0.0
Eswatini,SWZ,Africa,Southern Africa,Lower-middle,2019,1179885.0,9.2,7779.0,1.1,0.93,0.18,0.92,0.0,0.0,1.17,0.52,1.82,5847.51,0.0,0.0
Eswatini,SWZ,Africa,Southern Africa,Lower-middle,2020,1192734.0,9.0,7575.0,0.99,0.83,0.14,0.85,0.0,0.0,1.16,0.49,1.64,5737.61,0.0,0.0
Eswatini,SWZ,Africa,Southern Africa,Lower-middle,2021,1206598.0,9.7,8078.0,0.99,0.82,0.16,0.83,0.0,0.0,1.18,0.51,1.74,5519.33,0.0,0.0
Eswatini,SWZ,Africa,Southern Africa,Lower-middle,2022,1218921.0,9.6,7872.0,1.03,0.84,0.18,0.85,0.0,0.0,1.17,0.5,1.66,5125.02,0.0,0.0
Ethiopia,ETH,Africa,Eastern Africa,Low income,2013,98438752.0,128.3,1303.0,9.74,0.1,0.68,7.32,0.0,1.75,93.76,40.1,286.6,466.47,0.03,0.0
Ethiopia,ETH,Africa,Eastern Africa,Low income,2014,101115615.0,142.0,1404.0,11.54,0.11,0.95,8.5,0.0,2.1,96.78,41.64,250.17,521.38,0.03,0.0
Ethiopia,ETH,Africa,Eastern Africa,Low income,2015,103867140.0,157.1,1513.0,12.56,0.12,0.99,8.67,0.0,2.91,99.04,42.72,224.23,533.24,0.04,0.0
Ethiopia,ETH,Africa,Eastern Africa,Low income,2016,106718163.0,173.7,1628.0,14.32,0.13,1.25,9.78,0.0,3.29,101.82,44.37,216.78,597.67,0.04,0.0
Ethiopia,ETH,Africa,Eastern Africa,Low income,2017,109666482.0,190.8,1739.0,14.6,0.13,1.21,9.86,0.0,3.53,104.02,45.21,214.11,581.11,0.04,0.0
Ethiopia,ETH,Africa,Eastern Africa,Low income,2018,112664157.0,206.2,1830.0,16.12,0.14,1.39,11.04,0.0,3.68,106.03,45.36,208.57,614.35,0.04,0.0
Ethiopia,ETH,Africa,Eastern Africa,Low income,2019,115737384.0,221.9,1917.0,17.18,0.15,1.5,12.31,0.0,3.37,113.1,49.16,230.21,688.23,0.05,0.0
Ethiopia,ETH,Africa,Eastern Africa,Low income,2020,118917670.0,237.9,2000.0,16.74,0.14,1.7,11.24,0.0,3.8,118.37,52.18,243.9,578.01,0.05,0.0
Ethiopia,ETH,Africa,Eastern Africa,Low income,2021,122138588.0,251.8,2062.0,17.91,0.15,2.31,11.92,0.0,3.68,114.62,50.08,231.15,636.5,0.05,0.0
Ethiopia,ETH,Africa,Eastern Africa,Low income,2022,125384285.0,270.0,2153.0,16.96,0.14,2.46,11.56,0.0,2.94,116.43,50.46,233.82,651.32,0.04,0.0
Faroe Islands,FRO,Europe,Northern Europe,Unknown,2013,48297.0,,,0.65,13.43,0.0,0.65,0.0,0.0,0.0,0.0,0.0,66176.43,0.0,0.0
Faroe Islands,FRO,Europe,Northern Europe,Unknown,2014,48515.0,,,0.6,12.31,0.0,0.6,0.0,0.0,0.0,0.0,0.0,59955.43,0.0,0.0
Faroe Islands,FRO,Europe,Northern Europe,Unknown,2015,48916.0,,,0.61,12.43,0.0,0.61,0.0,0.0,0.0,0.0,0.0,63065.28,0.0,0.0
Faroe Islands,FRO,Europe,Northern Europe,Unknown,2016,49554.0,,,0.63,12.64,0.0,0.63,0.0,0.0,0.0,0.0,0.0,63143.92,0.0,0.0
Faroe Islands,FRO,Europe,Northern Europe,Unknown,2017,50268.0,,,0.7,14.0,0.0,0.7,0.0,0.0,0.0,0.0,0.0,70292.41,0.0,0.0
Faroe Islands,FRO,Europe,Northern Europe,Unknown,2018,51062.0,,,0.72,14.21,0.0,0.72,0.0,0.0,0.0,0.0,0.0,71303.8,0.0,0.0
Faroe Islands,FRO,Europe,Northern Europe,Unknown,2019,51868.0,,,0.74,14.27,0.0,0.74,0.0,0.0,0.0,0.0,0.0,65248.84,0.0,0.0
Faroe Islands,FRO,Europe,Northern Europe,Unknown,2020,52615.0,,,0.76,14.42,0.0,0.76,0.0,0.0,0.0,0.0,0.0,68202.64,0.0,0.0
Faroe Islands,FRO,Europe,Northern Europe,Unknown,2021,53324.0,,,0.78,14.7,0.0,0.78,0.0,0.0,0.0,0.0,0.0,69850.24,0.0,0.0
Faroe Islands,FRO,Europe,Northern Europe,Unknown,2022,54039.0,,,0.72,13.38,0.0,0.72,0.0,0.0,0.0,0.0,0.0,64506.12,0.0,0.0
Fiji,FJI,Oceania,Melanesia,Unknown,2013,916359.0,,,1.04,1.13,0.0,1.04,0.0,0.0,1.1,0.33,2.6,6535.18,0.0,0.0
Fiji,FJI,Oceania,Melanesia,Unknown,2014,917589.0,,,1.18,1.29,0.0,1.18,0.0,0.0,0.73,0.18,1.84,7192.55,0.0,0.0
Fiji,FJI,Oceania,Melanesia,Unknown,2015,918585.0,,,1.46,1.59,0.0,1.46,0.0,0.0,0.73,0.2,2.56,8396.48,0.0,0.0
Fiji,FJI,Oceania,Melanesia,Unknown,2016,919167.0,,,1.34,1.46,0.0,1.34,0.0,0.0,0.74,0.19,2.43,8567.06,0.0,0.0
Fiji,FJI,Oceania,Melanesia,Unknown,2017,918762.0,,,1.46,1.58,0.0,1.46,0.0,0.0,0.77,0.21,2.1,8747.13,0.0,0.0
Fiji,FJI,Oceania,Melanesia,Unknown,2018,917185.0,,,1.48,1.61,0.0,1.48,0.0,0.0,0.78,0.2,2.59,9598.91,0.0,0.0
Fiji,FJI,Oceania,Melanesia,Unknown,2019,914906.0,,,1.51,1.65,0.0,1.51,0.0,0.0,0.87,0.23,2.3,9839.55,0.0,0.0
Fiji,FJI,Oceania,Melanesia,Unknown,2020,914971.0,,,1.37,1.5,0.0,1.37,0.0,0.0,0.81,0.22,2.25,7372.44,0.0,0.0
Fiji,FJI,Oceania,Melanesia,Unknown,2021,916718.0,,,1.09,1.19,0.0,1.09,0.0,0.0,0.76,0.18,2.15,6450.6,0.0,0.0
Fiji,FJI,Oceania,Melanesia,Unknown,2022,919428.0,,,1.39,1.51,0.0,1.39,0.0,0.0,0.79,0.2,2.09,8510.41,0.0,0.0
Finland,FIN,Europe,Northern Europe,High income,2013,5439057.0,202.3,37203.0,51.72,9.51,21.36,22.84,6.06,0.48,7.98,7.41,88.98,62841.87,0.15,0.0
Finland,FIN,Europe,Northern Europe,High income,2014,5461686.0,201.6,36914.0,47.62,8.72,19.33,21.54,5.39,0.47,7.85,7.49,86.09,60388.48,0.13,0.0
Finland,FIN,Europe,Northern Europe,High income,2015,5479719.0,202.7,36992.0,44.19,8.06,16.84,21.38,4.73,0.46,7.72,7.37,83.83,60020.11,0.12,0.0
Finland,FIN,Europe,Northern Europe,High income,2016,5495468.0,208.4,37923.0,47.25,8.6,18.66,22.94,4.21,0.55,7.66,7.42,88.62,60792.52,0.13,0.0
Finland,FIN,Europe,Northern Europe,High income,2017,5508398.0,215.1,39042.0,44.66,8.11,17.09,22.21,3.89,0.6,7.5,7.4,88.92,59403.1,0.12,0.0
Finland,FIN,Europe,Northern Europe,High income,2018,5515730.0,217.5,39434.0,45.74,8.29,17.92,22.04,4.42,0.6,7.43,7.55,92.31,60525.26,0.12,0.0
Finland,FIN,Europe,Northern Europe,High income,2019,5521754.0,220.2,39874.0,42.44,7.69,15.26,21.65,4.31,0.58,7.28,7.65,90.78,59218.78,0.11,0.0
Finland,FIN,Europe,Northern Europe,High income,2020,5529616.0,215.0,38880.0,37.72,6.82,11.85,20.26,4.38,0.57,7.14,7.28,85.66,56776.08,0.11,0.0
Finland,FIN,Europe,Northern Europe,High income,2021,5541069.0,221.5,39981.0,37.82,6.82,12.71,19.47,4.36,0.62,7.26,7.2,89.87,57854.73,0.1,0.0
Finland,FIN,Europe,Northern Europe,High income,2022,5569300.0,226.2,40607.0,36.34,6.52,12.58,20.12,2.41,0.6,6.43,6.88,90.04,57499.42,0.1,0.0
France,FRA,Europe,Western Europe,High income,2013,64387736.0,2414.7,37503.0,360.01,5.59,49.66,204.29,91.39,7.3,76.53,38.84,432.7,45428.73,1.02,0.02
France,FRA,Europe,Western Europe,High income,2014,64692495.0,2437.8,37683.0,327.81,5.07,39.55,197.64,76.45,6.98,75.54,38.85,401.92,43247.4,0.92,0.02
France,FRA,Europe,Western Europe,High income,2015,64916337.0,2465.0,37971.0,332.13,5.12,38.02,199.23,81.39,6.61,74.13,39.57,407.68,43493.32,0.94,0.02
France,FRA,Europe,Western Europe,High income,2016,65086853.0,2492.0,38287.0,335.5,5.16,36.02,196.9,89.26,6.64,74.13,38.05,412.23,42506.24,0.95,0.02
France,FRA,Europe,Western Europe,High income,2017,65284775.0,2549.1,39045.0,338.37,5.18,40.0,195.91,89.41,6.48,73.88,39.44,427.92,42218.56,0.94,0.02
France,FRA,Europe,Western Europe,High income,2018,65519537.0,2596.6,39631.0,323.1,4.93,35.13,189.45,84.89,6.7,73.92,37.94,399.24,42589.26,0.88,0.02
France,FRA,Europe,Western Europe,High income,2019,65729460.0,2644.5,40232.0,316.32,4.81,29.43,187.28,86.39,6.81,71.51,37.29,413.1,41554.39,0.85,0.02
France,FRA,Europe,Western Europe,High income,2020,65905273.0,2438.6,37002.0,281.52,4.27,23.85,165.54,80.06,6.2,68.7,36.38,363.8,37087.56,0.8,0.02
France,FRA,Europe,Western Europe,High income,2021,66083547.0,2604.8,39417.0,307.27,4.65,30.47,179.12,85.4,6.5,67.55,36.34,387.6,39307.22,0.83,0.02
France,FRA,Europe,Western Europe,High income,2022,66277412.0,2671.6,40309.0,295.3,4.46,26.2,179.26,77.66,6.4,65.72,34.06,369.8,34796.05,0.79,0.02
French Polynesia,PYF,Oceania,Polynesia,Unknown,2013,274736.0,,,0.88,3.21,0.0,0.88,0.0,0.0,0.0,0.0,0.0,15599.59,0.0,0.0
French Polynesia,PYF,Oceania,Polynesia,Unknown,2014,276391.0,,,0.85,3.08,0.0,0.85,0.0,0.0,0.0,0.0,0.0,15258.12,0.0,0.0
French Polynesia,PYF,Oceania,Polynesia,Unknown,2015,277877.0,,,0.85,3.05,0.0,0.85,0.0,0.0,0.0,0.0,0.0,15853.96,0.0,0.0
French Polynesia,PYF,Oceania,Polynesia,Unknown,2016,279180.0,,,0.87,3.11,0.0,0.87,0.0,0.0,0.0,0.0,0.0,15581.96,0.0,0.0
French Polynesia,PYF,Oceania,Polynesia,Unknown,2017,280096.0,,,0.88,3.13,0.0,0.88,0.0,0.0,0.0,0.0,0.0,15126.79,0.0,0.0
French Polynesia,PYF,Oceania,Polynesia,Unknown,2018,279823.0,,,0.88,3.14,0.0,0.88,0.0,0.0,0.0,0.0,0.0,13918.95,0.0,0.0
French Polynesia,PYF,Oceania,Polynesia,Unknown,2019,279040.0,,,0.89,3.19,0.0,0.89,0.0,0.0,0.0,0.0,0.0,14102.94,0.0,0.0
French Polynesia,PYF,Oceania,Polynesia,Unknown,2020,279218.0,,,0.83,2.98,0.0,0.83,0.0,0.0,0.0,0.0,0.0,13222.44,0.0,0.0
French Polynesia,PYF,Oceania,Polynesia,Unknown,2021,279808.0,,,0.87,3.1,0.0,0.87,0.0,0.0,0.0,0.0,0.0,13841.91,0.0,0.0
French Polynesia,PYF,Oceania,Polynesia,Unknown,2022,280388.0,,,0.89,3.16,0.0,0.89,0.0,0.0,0.0,0.0,0.0,18995.11,0.0,0.0
Gabon,GAB,Africa,Middle Africa,Upper-middle,2013,1913061.0,30.2,15770.0,5.19,2.71,0.0,1.85,0.7,0.07,13.49,0.66,28.79,9807.21,0.02,0.0
Gabon,GAB,Africa,Middle Africa,Upper-middle,2014,1978400.0,31.5,15926.0,5.66,2.86,0.0,1.8,1.02,0.07,13.41,0.6,25.53,10070.4,0.02,0.0
Gabon,GAB,Africa,Middle Africa,Upper-middle,2015,2040990.0,32.7,16036.0,5.77,2.83,0.0,1.74,1.02,0.08,14.05,0.63,30.41,9274.06,0.02,0.0
Gabon,GAB,Africa,Middle Africa,Upper-middle,2016,2100310.0,33.4,15909.0,5.61,2.67,0.0,1.65,1.02,0.13,13.91,0.64,27.72,8849.8,0.02,0.0
Gabon,GAB,Africa,Middle Africa,Upper-middle,2017,2156902.0,33.6,15565.0,5.5,2.55,0.0,1.63,0.9,0.14,12.94,0.66,31.2,9252.11,0.02,0.0
Gabon,GAB,Africa,Middle Africa,Upper-middle,2018,2212320.0,33.9,15303.0,5.56,2.52,0.0,1.85,0.98,0.19,11.76,0.6,24.59,7534.46,0.02,0.0
Gabon,GAB,Africa,Middle Africa,Upper-middle,2019,2267711.0,35.2,15514.0,5.61,2.47,0.0,1.8,0.86,0.21,13.38,0.66,25.51,7261.89,0.02,0.0
Gabon,GAB,Africa,Middle Africa,Upper-middle,2020,2322538.0,34.5,14865.0,5.64,2.43,0.0,1.74,0.93,0.2,13.22,0.6,26.25,6859.32,0.02,0.0
Gabon,GAB,Africa,Middle Africa,Upper-middle,2021,2376729.0,35.0,14742.0,5.54,2.33,0.0,1.97,0.84,0.21,12.36,0.58,24.73,6564.77,0.02,0.0
Gabon,GAB,Africa,Middle Africa,Upper-middle,2022,2430750.0,36.0,14825.0,5.78,2.38,0.0,1.76,1.17,0.22,13.0,0.7,26.97,6844.56,0.02,0.0
Gambia,GMB,Africa,Western Africa,Low income,2013,2103825.0,3.3,1582.0,0.43,0.2,0.0,0.43,0.0,0.0,1.45,0.35,2.91,971.19,0.0,0.0
Gambia,GMB,Africa,Western Africa,Low income,2014,2164535.0,3.4,1551.0,0.51,0.23,0.0,0.51,0.0,0.0,1.49,0.37,3.36,1043.89,0.0,0.0
Gambia,GMB,Africa,Western Africa,Low income,2015,2224530.0,3.5,1580.0,0.58,0.26,0.0,0.58,0.0,0.0,1.62,0.36,3.35,1039.68,0.0,0.0
Gambia,GMB,Africa,Western Africa,Low income,2016,2283775.0,3.6,1558.0,0.59,0.26,0.0,0.59,0.0,0.0,1.5,0.37,3.03,1020.92,0.0,0.0
Gambia,GMB,Africa,Western Africa,Low income,2017,2342191.0,3.7,1582.0,0.6,0.26,0.0,0.6,0.0,0.0,1.45,0.34,2.95,1012.6,0.0,0.0
Gambia,GMB,Africa,Western Africa,Low income,2018,2399633.0,3.9,1645.0,0.65,0.27,0.0,0.65,0.0,0.0,1.27,0.33,2.82,805.15,0.0,0.0
Gambia,GMB,Africa,Western Africa,Low income,2019,2456847.0,4.2,1706.0,0.71,0.29,0.0,0.71,0.0,0.0,1.4,0.31,3.0,804.55,0.0,0.0
Gambia,GMB,Africa,Western Africa,Low income,2020,2515744.0,4.2,1676.0,0.7,0.28,0.0,0.7,0.0,0.0,1.38,0.32,3.05,707.12,0.0,0.0
Gambia,GMB,Africa,Western Africa,Low income,2021,2576015.0,4.4,1723.0,0.72,0.28,0.0,0.72,0.0,0.0,1.2,0.31,2.82,792.09,0.0,0.0
Gambia,GMB,Africa,Western Africa,Low income,2022,2636472.0,4.7,1766.0,0.81,0.31,0.0,0.81,0.0,0.0,1.28,0.31,3.02,796.34,0.0,0.0
Georgia,GEO,Asia,Western Asia,Upper-middle,2013,3809128.0,48.7,12777.0,8.03,2.11,1.21,2.66,3.53,0.63,3.43,1.95,7.65,12308.17,0.02,0.0
Georgia,GEO,Asia,Western Asia,Upper-middle,2014,3792921.0,50.8,13401.0,9.06,2.39,1.16,2.84,4.31,0.74,3.48,1.95,8.96,13072.28,0.03,0.0
Georgia,GEO,Asia,Western Asia,Upper-middle,2015,3791570.0,52.4,13812.0,9.79,2.58,1.08,3.22,4.75,0.74,3.22,1.82,8.72,14169.74,0.03,0.0
Georgia,GEO,Asia,Western Asia,Upper-middle,2016,3792061.0,53.9,14212.0,10.04,2.65,1.03,3.88,4.46,0.67,3.22,1.82,9.08,14855.35,0.03,0.0
Georgia,GEO,Asia,Western Asia,Upper-middle,2017,3792860.0,56.5,14897.0,10.06,2.65,1.16,3.52,4.7,0.68,3.19,1.75,8.63,14774.39,0.03,0.0
Georgia,GEO,Asia,Western Asia,Upper-middle,2018,3794881.0,59.2,15610.0,9.89,2.61,1.21,3.42,4.68,0.58,3.12,1.72,8.14,14901.22,0.03,0.0
Georgia,GEO,Asia,Western Asia,Upper-middle,2019,3796722.0,62.2,16380.0,10.52,2.77,0.98,3.58,5.3,0.66,3.09,1.69,9.26,15727.65,0.03,0.0
Georgia,GEO,Asia,Western Asia,Upper-middle,2020,3795680.0,58.0,15277.0,10.38,2.73,0.86,3.46,5.32,0.73,3.08,1.68,10.0,14982.39,0.03,0.0
Georgia,GEO,Asia,Western Asia,Upper-middle,2021,3788450.0,64.1,16908.0,10.75,2.84,0.86,3.69,5.52,0.68,3.16,1.8,10.76,16341.95,0.03,0.0
Georgia,GEO,Asia,Western Asia,Upper-middle,2022,3794782.0,70.5,18586.0,12.0,3.16,0.9,3.72,6.6,0.77,3.19,1.79,12.35,18080.92,0.03,0.0
Germany,DEU,Europe,Western Europe,High income,2013,81041581.0,3497.5,43156.0,831.75,10.26,357.25,280.4,170.27,12.5,71.53,40.88,946.16,47734.96,2.36,0.04
Germany,DEU,Europe,Western Europe,High income,2014,81376078.0,3574.7,43929.0,792.58,9.74,344.72,271.6,151.99,12.9,70.32,41.64,905.7,45596.5,2.24,0.04
Germany,DEU,Europe,Western Europe,High income,2015,82077546.0,3628.1,44203.0,800.82,9.76,341.12,278.86,157.11,12.63,69.27,40.72,911.14,46064.48,2.26,0.04
Germany,DEU,Europe,Western Europe,High income,2016,82760102.0,3709.0,44816.0,797.99,9.64,329.44,275.7,169.17,12.66,67.72,39.92,907.18,46416.7,2.26,0.04
Germany,DEU,Europe,Western Europe,High income,2017,83104010.0,3808.4,45827.0,784.6,9.44,312.69,275.51,172.04,13.41,67.43,38.65,891.57,47525.46,2.18,0.04
Germany,DEU,Europe,Western Europe,High income,2018,83368507.0,3845.8,46130.0,758.77,9.1,296.87,268.09,169.76,13.23,65.04,37.5,859.21,46125.49,2.07,0.04
Germany,DEU,Europe,Western Europe,High income,2019,83559184.0,3886.4,46511.0,708.65,8.48,240.11,271.93,172.76,13.29,63.04,37.34,808.0,44922.7,1.91,0.04
Germany,DEU,Europe,Western Europe,High income,2020,83628711.0,3742.7,44754.0,647.18,7.74,198.53,254.46,170.96,13.36,61.04,36.14,743.82,41838.68,1.84,0.04
Germany,DEU,Europe,Western Europe,High income,2021,83697080.0,3841.0,45892.0,678.0,8.1,232.14,240.52,181.31,13.64,60.24,35.44,774.76,42994.24,1.84,0.04
Germany,DEU,Europe,Western Europe,High income,2022,84086227.0,3909.6,46495.0,667.84,7.94,239.43,247.02,158.68,12.54,58.91,34.34,759.8,41094.12,1.78,0.04
Ghana,GHA,Africa,Western Africa,Lower-middle,2013,27386193.0,100.2,3658.0,12.61,0.46,0.0,11.83,0.6,0.02,14.57,5.24,52.62,2177.47,0.04,0.0
Ghana,GHA,Africa,Western Africa,Lower-middle,2014,28041592.0,103.0,3675.0,13.26,0.47,0.0,11.74,1.28,0.02,14.97,5.1,53.07,2158.47,0.04,0.0
Ghana,GHA,Africa,Western Africa,Lower-middle,2015,28696071.0,105.2,3667.0,14.57,0.51,0.0,11.86,2.44,0.03,15.29,5.35,53.77,2515.08,0.04,0.0
Ghana,GHA,Africa,Western Africa,Lower-middle,2016,29356736.0,108.8,3706.0,13.91,0.47,0.0,12.37,1.42,0.02,15.05,5.34,53.21,2512.53,0.04,0.0
Ghana,GHA,Africa,Western Africa,Lower-middle,2017,30008364.0,117.6,3920.0,12.44,0.41,0.0,9.45,2.36,0.02,17.16,5.63,53.03,2457.87,0.04,0.0
Ghana,GHA,Africa,Western Africa,Lower-middle,2018,30637592.0,124.9,4077.0,15.19,0.5,0.0,11.44,3.38,0.02,17.28,5.49,54.14,2403.13,0.04,0.0
Ghana,GHA,Africa,Western Africa,Lower-middle,2019,31258943.0,133.0,4256.0,16.42,0.52,0.0,12.02,4.1,0.03,18.79,5.64,55.42,2559.02,0.04,0.0
Ghana,GHA,Africa,Western Africa,Lower-middle,2020,31887802.0,133.7,4194.0,19.16,0.6,0.0,12.26,6.21,0.04,19.63,6.45,54.21,2952.87,0.06,0.0
Ghana,GHA,Africa,Western Africa,Lower-middle,2021,32518662.0,140.9,4333.0,20.56,0.63,0.0,12.82,6.57,0.04,17.52,5.77,49.07,3169.96,0.06,0.0
Ghana,GHA,Africa,Western Africa,Lower-middle,2022,33149152.0,145.4,4387.0,20.74,0.63,0.0,12.62,7.15,0.04,19.25,6.5,51.17,3061.55,0.06,0.0
Greece,GRC,Europe,Southern Europe,Upper-middle,2013,10967534.0,241.7,22033.0,81.71,7.45,37.29,32.91,7.34,3.64,13.05,4.82,91.02,29934.1,0.23,0.0
Greece,GRC,Europe,Southern Europe,Upper-middle,2014,10893169.0,242.8,22289.0,78.64,7.22,35.23,33.48,5.56,3.82,12.92,4.7,88.54,28266.36,0.22,0.0
Greece,GRC,Europe,Southern Europe,Upper-middle,2015,10820902.0,242.3,22394.0,74.93,6.92,29.95,34.98,6.04,3.47,12.64,4.58,82.71,28807.5,0.21,0.0
Greece,GRC,Europe,Southern Europe,Upper-middle,2016,10775506.0,241.1,22379.0,71.36,6.62,23.59,35.57,7.91,3.77,12.36,4.54,77.25,28489.86,0.2,0.0
Greece,GRC,Europe,Southern Europe,Upper-middle,2017,10753532.0,243.8,22669.0,74.84,6.96,26.02,35.03,9.54,3.68,12.5,4.59,80.3,29962.0,0.21,0.0
Greece,GRC,Europe,Southern Europe,Upper-middle,2018,10730846.0,247.8,23096.0,71.78,6.69,24.85,33.83,9.07,3.42,12.09,4.42,87.95,30199.47,0.2,0.0
Greece,GRC,Europe,Southern Europe,Upper-middle,2019,10718581.0,252.5,23559.0,65.74,6.13,17.88,33.92,10.0,3.36,11.79,4.4,70.15,29564.3,0.18,0.0
Greece,GRC,Europe,Southern Europe,Upper-middle,2020,10699370.0,229.8,21476.0,55.58,5.19,10.15,31.01,11.04,2.98,11.02,4.33,61.88,25885.27,0.16,0.0
Greece,GRC,Europe,Southern Europe,Upper-middle,2021,10579561.0,249.2,23551.0,57.53,5.44,9.26,32.28,12.36,3.17,10.9,4.44,63.44,28596.29,0.16,0.0
Greece,GRC,Europe,Southern Europe,Upper-middle,2022,10412481.0,263.9,25344.0,57.61,5.53,8.77,35.27,10.22,2.9,10.6,4.13,62.34,30188.22,0.15,0.0
Greenland,GRL,America,Northern America,Unknown,2013,56532.0,,,0.56,9.94,0.0,0.56,0.0,0.0,0.0,0.0,0.0,52265.43,0.0,0.0
Greenland,GRL,America,Northern America,Unknown,2014,56195.0,,,0.5,8.94,0.0,0.5,0.0,0.0,0.0,0.0,0.0,47838.49,0.0,0.0
Greenland,GRL,America,Northern America,Unknown,2015,56048.0,,,0.55,9.77,0.0,0.55,0.0,0.0,0.0,0.0,0.0,51530.76,0.0,0.0
Greenland,GRL,America,Northern America,Unknown,2016,56082.0,,,0.51,9.08,0.0,0.51,0.0,0.0,0.0,0.0,0.0,51527.22,0.0,0.0
Greenland,GRL,America,Northern America,Unknown,2017,56094.0,,,0.54,9.55,0.0,0.54,0.0,0.0,0.0,0.0,0.0,51618.42,0.0,0.0
Greenland,GRL,America,Northern America,Unknown,2018,56100.0,,,0.52,9.34,0.0,0.52,0.0,0.0,0.0,0.0,0.0,46662.22,0.0,0.0
Greenland,GRL,America,Northern America,Unknown,2019,56109.0,,,0.53,9.38,0.0,0.53,0.0,0.0,0.0,0.0,0.0,48099.56,0.0,0.0
Greenland,GRL,America,Northern America,Unknown,2020,56105.0,,,0.55,9.79,0.0,0.55,0.0,0.0,0.0,0.0,0.0,46130.31,0.0,0.0
Greenland,GRL,America,Northern America,Unknown,2021,56065.0,,,0.55,9.74,0.0,0.55,0.0,0.0,0.0,0.0,0.0,45366.46,0.0,0.0
Greenland,GRL,America,Northern America,Unknown,2022,56014.0,,,0.59,10.48,0.0,0.59,0.0,0.0,0.0,0.0,0.0,48011.98,0.0,0.0
Grenada,GRD,America,Caribbean,Unknown,2013,113499.0,,,0.3,2.65,0.0,0.3,0.0,0.0,0.04,0.01,0.3,11826.31,0.0,0.0
Grenada,GRD,America,Caribbean,Unknown,2014,114148.0,,,0.24,2.12,0.0,0.24,0.0,0.0,0.04,0.01,0.24,9935.01,0.0,0.0
Grenada,GRD,America,Caribbean,Unknown,2015,114691.0,,,0.26,2.27,0.0,0.26,0.0,0.0,0.04,0.01,0.26,10308.97,0.0,0.0
Grenada,GRD,America,Caribbean,Unknown,2016,115147.0,,,0.28,2.39,0.0,0.28,0.0,0.0,0.04,0.01,0.28,10564.16,0.0,0.0
Grenada,GRD,America,Caribbean,Unknown,2017,115448.0,,,0.29,2.54,0.0,0.29,0.0,0.0,0.04,0.01,0.3,11447.52,0.0,0.0
Grenada,GRD,America,Caribbean,Unknown,2018,115703.0,,,0.31,2.66,0.0,0.31,0.0,0.0,0.05,0.01,0.32,12157.78,0.0,0.0
Grenada,GRD,America,Caribbean,Unknown,2019,115995.0,,,0.33,2.87,0.0,0.33,0.0,0.0,0.05,0.01,0.35,13225.63,0.0,0.0
Grenada,GRD,America,Caribbean,Unknown,2020,116353.0,,,0.29,2.49,0.0,0.29,0.0,0.0,0.05,0.01,0.31,11376.1,0.0,0.0
Grenada,GRD,America,Caribbean,Unknown,2021,116696.0,,,0.31,2.67,0.0,0.31,0.0,0.0,0.05,0.01,0.33,12173.64,0.0,0.0
Grenada,GRD,America,Caribbean,Unknown,2022,116928.0,,,0.34,2.93,0.0,0.34,0.0,0.0,0.05,0.01,0.36,12408.83,0.0,0.0
Guatemala,GTM,America,Central America,Lower-middle,2013,15387339.0,107.1,6960.0,12.49,0.81,2.59,9.03,0.0,0.84,14.24,4.25,58.94,3848.17,0.04,0.0
Guatemala,GTM,America,Central America,Lower-middle,2014,15681725.0,111.9,7133.0,13.42,0.86,2.8,9.63,0.0,0.96,14.73,4.2,80.9,3989.31,0.04,0.0
Guatemala,GTM,America,Central America,Lower-middle,2015,15971745.0,116.4,7290.0,15.45,0.97,4.02,10.45,0.0,0.92,15.15,4.72,76.08,4535.17,0.04,0.0
Guatemala,GTM,America,Central America,Lower-middle,2016,16268761.0,119.6,7349.0,16.52,1.02,4.72,10.79,0.0,0.91,15.62,4.85,69.76,4867.98,0.05,0.0
Guatemala,GTM,America,Central America,Lower-middle,2017,16567363.0,123.2,7439.0,16.99,1.03,3.91,11.94,0.0,1.0,16.06,4.85,67.78,4950.35,0.05,0.0
Guatemala,GTM,America,Central America,Lower-middle,2018,16845688.0,127.4,7565.0,18.34,1.09,4.62,12.62,0.0,0.99,16.39,5.02,69.0,5012.18,0.05,0.0
Guatemala,GTM,America,Central America,Lower-middle,2019,17103803.0,132.5,7749.0,19.26,1.13,4.51,13.56,0.0,1.07,16.74,4.97,69.74,5315.94,0.05,0.0
Guatemala,GTM,America,Central America,Lower-middle,2020,17357331.0,130.2,7501.0,17.16,0.99,2.91,12.89,0.0,1.24,17.11,5.16,61.88,5145.09,0.05,0.0
Guatemala,GTM,America,Central America,Lower-middle,2021,17598652.0,140.6,7989.0,19.98,1.14,3.73,14.67,0.0,1.49,17.48,5.21,62.87,5875.37,0.05,0.0
Guatemala,GTM,America,Central America,Lower-middle,2022,17847877.0,146.2,8193.0,18.91,1.06,1.42,15.77,0.0,1.63,17.81,4.93,63.09,5372.24,0.05,0.0
Guinea,GIN,Africa,Western Africa,Low income,2013,11191874.0,14.7,1314.0,2.08,0.19,0.0,2.08,0.0,0.0,16.72,5.51,96.63,892.74,0.01,0.0
Guinea,GIN,Africa,Western Africa,Low income,2014,11472921.0,14.9,1296.0,2.37,0.21,0.0,2.37,0.0,0.0,17.03,5.51,94.99,911.54,0.01,0.0
Guinea,GIN,Africa,Western Africa,Low income,2015,11767077.0,14.9,1266.0,2.45,0.21,0.0,2.45,0.0,0.0,17.18,5.43,79.64,1024.49,0.01,0.0
Guinea,GIN,Africa,Western Africa,Low income,2016,12073031.0,16.5,1369.0,2.7,0.22,0.0,2.7,0.0,0.0,18.5,6.62,86.85,1114.53,0.01,0.0
Guinea,GIN,Africa,Western Africa,Low income,2017,12385668.0,18.3,1475.0,4.85,0.39,0.0,4.85,0.0,0.0,18.7,6.28,87.75,1077.21,0.01,0.0
Guinea,GIN,Africa,Western Africa,Low income,2018,12704776.0,19.5,1532.0,3.77,0.3,0.0,3.77,0.0,0.0,18.84,5.93,69.39,1257.45,0.01,0.0
Guinea,GIN,Africa,Western Africa,Low income,2019,13034349.0,20.6,1577.0,4.1,0.32,0.0,4.1,0.0,0.0,19.32,6.4,86.69,1416.34,0.01,0.0
Guinea,GIN,Africa,Western Africa,Low income,2020,13371185.0,21.5,1610.0,4.43,0.33,0.0,4.43,0.0,0.0,19.68,6.74,82.6,1554.84,0.01,0.0
Guinea,GIN,Africa,Western Africa,Low income,2021,13710515.0,22.6,1649.0,4.07,0.3,0.0,4.07,0.0,0.0,19.65,6.52,74.31,1529.5,0.01,0.0
Guinea,GIN,Africa,Western Africa,Low income,2022,14055136.0,23.7,1685.0,4.05,0.29,0.0,4.05,0.0,0.0,20.62,7.3,76.84,1532.45,0.01,0.0
Guinea-Bissau,GNB,Africa,Western Africa,Low income,2013,1695980.0,2.2,1320.0,0.14,0.08,0.0,0.14,0.0,0.0,1.94,0.76,5.29,887.9,0.0,0.0
Guinea-Bissau,GNB,Africa,Western Africa,Low income,2014,1741126.0,2.3,1294.0,0.14,0.08,0.0,0.14,0.0,0.0,1.88,0.8,5.37,908.41,0.0,0.0
Guinea-Bissau,GNB,Africa,Western Africa,Low income,2015,1786461.0,2.4,1328.0,0.15,0.09,0.0,0.15,0.0,0.0,1.96,0.83,6.3,915.17,0.0,0.0
Guinea-Bissau,GNB,Africa,Western Africa,Low income,2016,1831898.0,2.5,1375.0,0.17,0.09,0.0,0.17,0.0,0.0,1.95,0.78,5.49,929.21,0.0,0.0
Guinea-Bissau,GNB,Africa,Western Africa,Low income,2017,1877074.0,2.7,1422.0,0.18,0.1,0.0,0.18,0.0,0.0,1.96,0.81,6.39,733.8,0.0,0.0
Guinea-Bissau,GNB,Africa,Western Africa,Low income,2018,1922167.0,2.8,1442.0,0.2,0.1,0.0,0.2,0.0,0.0,2.01,0.83,7.54,489.61,0.0,0.0
Guinea-Bissau,GNB,Africa,Western Africa,Low income,2019,1967704.0,2.9,1472.0,0.26,0.13,0.0,0.26,0.0,0.0,2.03,0.82,7.1,600.1,0.0,0.0
Guinea-Bissau,GNB,Africa,Western Africa,Low income,2020,2013259.0,2.9,1460.0,0.31,0.16,0.0,0.31,0.0,0.0,2.03,0.81,7.69,697.88,0.0,0.0
Guinea-Bissau,GNB,Africa,Western Africa,Low income,2021,2058841.0,3.1,1519.0,0.34,0.17,0.0,0.34,0.0,0.0,2.01,0.76,6.74,738.19,0.0,0.0
Guinea-Bissau,GNB,Africa,Western Africa,Low income,2022,2105535.0,3.3,1548.0,0.34,0.16,0.0,0.34,0.0,0.0,2.07,0.8,7.57,733.95,0.0,0.0
Guyana,GUY,America,South America,Unknown,2013,750020.0,,,1.9,2.54,0.0,1.9,0.0,0.0,1.9,0.55,8.06,11009.91,0.0,0.0
Guyana,GUY,America,South America,Unknown,2014,754231.0,,,1.98,2.62,0.0,1.98,0.0,0.0,2.06,0.56,10.4,10963.74,0.01,0.0
Guyana,GUY,America,South America,Unknown,2015,758783.0,,,1.96,2.59,0.0,1.96,0.0,0.0,2.13,0.63,11.56,11120.0,0.01,0.0
Guyana,GUY,America,South America,Unknown,2016,763553.0,,,2.21,2.89,0.02,2.19,0.0,0.0,1.81,0.56,6.25,12392.11,0.01,0.0
Guyana,GUY,America,South America,Unknown,2017,768483.0,,,2.16,2.81,0.0,2.16,0.0,0.0,1.98,0.53,7.71,12176.14,0.01,0.0
Guyana,GUY,America,South America,Unknown,2018,791563.0,,,2.32,2.93,0.0,2.32,0.0,0.0,1.92,0.59,6.65,12823.94,0.01,0.0
Guyana,GUY,America,South America,Unknown,2019,807668.0,,,2.64,3.28,0.0,2.64,0.0,0.0,2.02,0.64,9.48,14371.43,0.01,0.0
Guyana,GUY,America,South America,Unknown,2020,807486.0,,,3.1,3.84,0.0,2.57,0.0,0.0,2.58,0.6,11.62,13916.22,0.01,0.0
Guyana,GUY,America,South America,Unknown,2021,815484.0,,,2.93,3.6,0.0,2.68,0.0,0.0,2.63,0.57,10.16,14537.15,0.01,0.0
Guyana,GUY,America,South America,Unknown,2022,821638.0,,,4.4,5.35,0.0,4.09,0.0,0.0,3.5,0.54,12.8,17358.39,0.01,0.0
Haiti,HTI,America,Caribbean,Low income,2013,10222365.0,17.1,1671.0,2.7,0.26,0.0,2.67,0.0,0.04,8.62,1.65,18.32,1055.11,0.01,0.0
Haiti,HTI,America,Caribbean,Low income,2014,10373241.0,17.6,1694.0,2.7,0.26,0.0,2.63,0.0,0.07,8.64,1.7,17.28,1131.31,0.01,0.0
Haiti,HTI,America,Caribbean,Low income,2015,10523249.0,17.9,1697.0,2.65,0.25,0.0,2.58,0.0,0.07,8.71,1.69,16.2,1275.71,0.01,0.0
Haiti,HTI,America,Caribbean,Low income,2016,10671462.0,18.3,1718.0,2.98,0.28,0.0,2.91,0.0,0.07,8.89,1.72,16.14,1308.61,0.01,0.0
Haiti,HTI,America,Caribbean,Low income,2017,10817759.0,18.8,1740.0,3.13,0.29,0.0,3.03,0.0,0.11,8.92,1.73,15.31,1271.86,0.01,0.0
Haiti,HTI,America,Caribbean,Low income,2018,10962373.0,19.1,1745.0,3.4,0.31,0.0,3.29,0.0,0.11,9.22,1.68,12.57,1315.84,0.01,0.0
Haiti,HTI,America,Caribbean,Low income,2019,11105165.0,18.8,1693.0,3.12,0.28,0.0,3.01,0.0,0.11,9.05,1.75,12.4,1203.66,0.01,0.0
Haiti,HTI,America,Caribbean,Low income,2020,11243846.0,18.2,1617.0,3.26,0.29,0.0,3.16,0.0,0.11,8.91,1.65,12.96,1264.57,0.01,0.0
Haiti,HTI,America,Caribbean,Low income,2021,11374592.0,17.9,1569.0,3.51,0.31,0.0,3.4,0.0,0.11,8.88,1.65,13.3,1322.32,0.01,0.0
Haiti,HTI,America,Caribbean,Low income,2022,11503603.0,17.6,1526.0,2.87,0.25,0.0,2.76,0.0,0.11,8.98,1.66,12.24,1068.59,0.01,0.0
Honduras,HND,America,Central America,Lower-middle,2013,8889276.0,38.4,4325.0,9.33,1.05,0.37,8.27,0.0,0.69,8.01,2.48,29.68,4132.69,0.03,0.0
Honduras,HND,America,Central America,Lower-middle,2014,9063127.0,39.5,4357.0,9.5,1.05,0.39,8.45,0.0,0.66,8.15,2.56,27.68,4291.64,0.03,0.0
Honduras,HND,America,Central America,Lower-middle,2015,9237306.0,40.8,4412.0,10.9,1.18,0.34,9.84,0.0,0.72,8.28,2.47,34.56,4682.74,0.03,0.0
Honduras,HND,America,Central America,Lower-middle,2016,9412380.0,42.1,4476.0,9.94,1.06,0.15,9.01,0.0,0.78,8.39,2.68,38.71,4362.35,0.03,0.0
Honduras,HND,America,Central America,Lower-middle,2017,9588144.0,43.9,4582.0,10.2,1.06,0.0,9.28,0.0,0.91,8.24,2.66,35.99,4448.15,0.03,0.0
Honduras,HND,America,Central America,Lower-middle,2018,9765209.0,45.5,4657.0,9.88,1.01,0.0,9.04,0.0,0.83,8.47,2.79,30.1,4433.06,0.03,0.0
Honduras,HND,America,Central America,Lower-middle,2019,9943637.0,46.7,4695.0,10.96,1.1,0.0,10.2,0.0,0.76,8.57,2.62,32.56,4765.93,0.03,0.0
Honduras,HND,America,Central America,Lower-middle,2020,10119638.0,42.5,4200.0,9.98,0.99,0.0,9.34,0.0,0.63,8.8,3.0,33.49,4248.17,0.03,0.0
Honduras,HND,America,Central America,Lower-middle,2021,10289881.0,47.8,4648.0,11.06,1.08,0.0,10.36,0.0,0.7,8.72,2.65,29.99,4825.9,0.03,0.0
Honduras,HND,America,Central America,Lower-middle,2022,10463880.0,49.7,4753.0,11.74,1.12,0.0,11.02,0.0,0.72,8.81,2.66,32.39,4956.99,0.03,0.0
Hong Kong,HKG,Asia,Eastern Asia,High income,2013,7264330.0,329.3,45330.0,44.31,6.1,29.45,9.43,4.76,0.68,4.61,0.56,49.48,44742.96,0.13,0.0
Hong Kong,HKG,Asia,Eastern Asia,High income,2014,7319502.0,338.4,46231.0,45.49,6.22,30.85,9.27,4.65,0.72,4.65,0.57,50.72,43337.34,0.13,0.0
Hong Kong,HKG,Asia,Eastern Asia,High income,2015,7366411.0,346.5,47033.0,42.4,5.76,25.37,10.21,6.08,0.74,4.68,0.56,47.65,44316.18,0.12,0.0
Hong Kong,HKG,Asia,Eastern Asia,High income,2016,7408006.0,354.0,47787.0,43.37,5.85,25.38,11.05,6.24,0.7,4.73,0.59,48.68,45228.49,0.12,0.0
Hong Kong,HKG,Asia,Eastern Asia,High income,2017,7444889.0,367.4,49355.0,42.43,5.7,23.77,11.84,6.22,0.6,4.79,0.61,47.83,48266.77,0.12,0.0
Hong Kong,HKG,Asia,Eastern Asia,High income,2018,7471190.0,377.9,50581.0,42.6,5.7,24.41,11.5,6.06,0.63,4.84,0.61,48.05,48663.38,0.12,0.0
Hong Kong,HKG,Asia,Eastern Asia,High income,2019,7485817.0,371.6,49638.0,41.9,5.6,23.38,11.62,6.29,0.61,4.89,0.62,47.4,46026.33,0.11,0.0
Hong Kong,HKG,Asia,Eastern Asia,High income,2020,7490240.0,347.3,46362.0,33.51,4.47,12.45,11.05,9.43,0.58,4.95,0.54,39.0,34437.71,0.1,0.0
Hong Kong,HKG,Asia,Eastern Asia,High income,2021,7484604.0,369.7,49389.0,33.64,4.49,13.83,9.89,9.42,0.49,5.0,0.52,39.15,32558.35,0.09,0.0
Hong Kong,HKG,Asia,Eastern Asia,High income,2022,7465913.0,356.7,47776.0,30.76,4.12,13.6,7.35,9.2,0.61,5.04,0.47,36.28,29120.25,0.08,0.0
Hungary,HUN,Europe,Eastern Europe,Upper-middle,2013,9889344.0,209.5,21186.0,43.49,4.4,10.26,13.98,18.03,0.52,9.53,5.62,54.44,24070.5,0.12,0.0
Hungary,HUN,Europe,Eastern Europe,Upper-middle,2014,9862843.0,218.4,22142.0,43.64,4.42,10.29,15.34,16.78,0.57,9.19,5.67,54.8,24158.22,0.12,0.0
Hungary,HUN,Europe,Eastern Europe,Upper-middle,2015,9839211.0,226.5,23018.0,46.57,4.73,10.62,16.67,17.9,0.68,9.06,5.69,58.46,25514.21,0.13,0.0
Hungary,HUN,Europe,Eastern Europe,Upper-middle,2016,9810529.0,231.5,23593.0,47.04,4.8,9.88,16.71,19.04,0.7,8.86,6.18,59.18,26042.92,0.13,0.0
Hungary,HUN,Europe,Eastern Europe,Upper-middle,2017,9785608.0,241.3,24663.0,49.42,5.05,10.18,17.63,20.11,0.78,9.03,6.18,61.19,27519.34,0.14,0.0
Hungary,HUN,Europe,Eastern Europe,Upper-middle,2018,9774395.0,254.3,26016.0,49.37,5.05,9.58,18.71,19.47,0.88,9.07,6.22,61.0,27746.23,0.13,0.0
Hungary,HUN,Europe,Eastern Europe,Upper-middle,2019,9770346.0,266.7,27293.0,49.16,5.03,8.32,19.52,19.6,1.02,9.21,6.19,56.56,28135.39,0.13,0.0
Hungary,HUN,Europe,Eastern Europe,Upper-middle,2020,9749459.0,254.6,26111.0,47.1,4.83,7.51,17.46,20.55,0.93,9.41,6.34,59.83,27727.42,0.13,0.0
Hungary,HUN,Europe,Eastern Europe,Upper-middle,2021,9707848.0,272.9,28111.0,48.33,4.98,6.06,18.89,21.8,1.0,9.49,6.32,60.16,29250.39,0.13,0.0
Hungary,HUN,Europe,Eastern Europe,Upper-middle,2022,9684308.0,285.4,29469.0,45.27,4.67,5.56,19.65,18.73,0.82,9.36,5.34,54.13,27575.23,0.12,0.0
Iceland,ISL,Europe,Northern Europe,High income,2013,323891.0,12.4,38224.0,3.49,10.77,0.66,2.64,0.0,0.0,0.58,0.34,4.68,181285.36,0.01,0.0
Iceland,ISL,Europe,Northern Europe,High income,2014,327517.0,12.6,38439.0,3.44,10.52,0.62,2.62,0.0,0.0,0.6,0.36,4.67,179012.8,0.01,0.0
Iceland,ISL,Europe,Northern Europe,High income,2015,330962.0,13.1,39726.0,3.54,10.7,0.66,2.71,0.0,0.0,0.63,0.37,4.8,184937.59,0.01,0.0
Iceland,ISL,Europe,Northern Europe,High income,2016,335571.0,14.0,41650.0,3.49,10.41,0.66,2.67,0.0,0.0,0.65,0.36,4.78,183095.91,0.01,0.0
Iceland,ISL,Europe,Northern Europe,High income,2017,343537.0,14.6,42391.0,3.61,10.51,0.69,2.76,0.0,0.0,0.68,0.37,4.97,187012.17,0.01,0.0
Iceland,ISL,Europe,Northern Europe,High income,2018,352860.0,15.3,43289.0,3.66,10.39,0.72,2.78,0.0,0.0,0.69,0.36,5.02,188342.58,0.01,0.0
Iceland,ISL,Europe,Northern Europe,High income,2019,360709.0,15.6,43112.0,3.55,9.85,0.68,2.69,0.0,0.0,0.66,0.36,4.88,175565.69,0.01,0.0
Iceland,ISL,Europe,Northern Europe,High income,2020,366626.0,14.4,39344.0,3.34,9.11,0.67,2.48,0.0,0.0,0.61,0.35,4.62,158421.69,0.01,0.0
Iceland,ISL,Europe,Northern Europe,High income,2021,372647.0,15.0,40386.0,3.49,9.37,0.73,2.59,0.0,0.0,0.6,0.35,4.77,162740.02,0.01,0.0
Iceland,ISL,Europe,Northern Europe,High income,2022,380368.0,16.0,42116.0,3.6,9.46,0.77,2.64,0.0,0.0,0.6,0.35,4.88,167531.62,0.01,0.0
India,IND,Asia,Southern Asia,Lower-middle,2013,1295829507.0,6424.5,4958.0,1995.34,1.54,1276.38,498.31,109.55,107.82,758.22,255.62,3124.77,5527.78,5.66,0.03
India,IND,Asia,Southern Asia,Lower-middle,2014,1312277184.0,6875.2,5239.0,2148.05,1.64,1407.06,513.84,107.8,115.82,765.86,259.79,3216.87,5831.64,6.06,0.03
India,IND,Asia,Southern Asia,Lower-middle,2015,1328024494.0,7391.5,5566.0,2231.82,1.68,1449.59,557.52,103.06,117.51,773.45,263.33,3290.42,5943.03,6.3,0.03
India,IND,Asia,Southern Asia,Lower-middle,2016,1343944296.0,8057.5,5995.0,2352.54,1.75,1499.4,616.11,109.99,123.28,781.63,262.25,3365.01,6148.21,6.65,0.03
India,IND,Asia,Southern Asia,Lower-middle,2017,1359657398.0,8550.0,6288.0,2425.72,1.78,1551.26,634.12,116.48,121.05,786.6,267.24,3415.99,6304.29,6.74,0.03
India,IND,Asia,Southern Asia,Lower-middle,2018,1374659067.0,9173.2,6673.0,2595.23,1.89,1668.32,658.72,126.74,138.96,800.12,275.22,3616.2,6593.17,7.06,0.03
India,IND,Asia,Southern Asia,Lower-middle,2019,1389030307.0,9595.5,6908.0,2611.18,1.88,1661.94,677.88,125.23,143.66,800.18,282.64,3613.0,6682.07,7.04,0.04
India,IND,Asia,Southern Asia,Lower-middle,2020,1402617694.0,8945.3,6378.0,2422.73,1.73,1561.8,607.54,127.68,122.91,807.84,289.4,3436.43,6268.44,6.89,0.04
India,IND,Asia,Southern Asia,Lower-middle,2021,1414203896.0,9801.6,6931.0,2675.78,1.89,1767.3,623.48,133.19,149.03,821.05,290.39,3697.62,6749.36,7.26,0.04
India,IND,Asia,Southern Asia,Lower-middle,2022,1425423209.0,10476.2,7350.0,2831.13,1.99,1855.85,684.01,124.01,164.33,835.67,298.33,3870.0,7057.19,7.54,0.04
Indonesia,IDN,Asia,South-eastern Asia,Lower-middle,2013,255852464.0,2437.9,9528.0,493.44,1.93,164.22,234.08,64.75,24.48,299.58,59.1,1978.38,7131.1,1.4,0.03
Indonesia,IDN,Asia,South-eastern Asia,Lower-middle,2014,258877395.0,2559.9,9889.0,498.03,1.92,173.58,230.76,62.42,25.5,308.06,62.67,2144.12,7171.87,1.4,0.04
Indonesia,IDN,Asia,South-eastern Asia,Lower-middle,2015,261799249.0,2684.8,10255.0,551.16,2.1,197.82,228.36,94.25,25.27,298.37,62.54,2620.78,7243.95,1.56,0.04
Indonesia,IDN,Asia,South-eastern Asia,Lower-middle,2016,264627429.0,2819.9,10656.0,547.97,2.07,206.33,217.02,91.19,28.34,300.97,61.64,1750.91,7120.31,1.55,0.04
Indonesia,IDN,Asia,South-eastern Asia,Lower-middle,2017,267346654.0,2962.9,11082.0,570.93,2.14,221.09,231.03,84.34,30.08,320.72,67.13,1725.16,7569.62,1.59,0.04
Indonesia,IDN,Asia,South-eastern Asia,Lower-middle,2018,269951847.0,3116.2,11543.0,607.38,2.25,262.22,225.52,84.15,31.54,352.42,71.68,1813.22,7896.08,1.65,0.04
Indonesia,IDN,Asia,South-eastern Asia,Upper-middle,2019,272489381.0,3272.6,12010.0,665.05,2.44,315.4,226.22,87.91,31.74,365.88,71.12,2113.9,8271.66,1.79,0.04
Indonesia,IDN,Asia,South-eastern Asia,Lower-middle,2020,274814861.0,3205.0,11662.0,623.3,2.27,300.52,208.25,81.22,29.79,351.99,71.73,1725.43,7700.86,1.77,0.04
Indonesia,IDN,Asia,South-eastern Asia,Upper-middle,2021,276758056.0,3323.7,12009.0,632.95,2.29,303.15,211.77,83.76,31.12,351.41,71.62,1763.95,7937.19,1.72,0.04
Indonesia,IDN,Asia,South-eastern Asia,Upper-middle,2022,278830527.0,3500.1,12553.0,758.02,2.72,404.57,237.4,84.01,28.88,386.07,69.94,1812.19,9859.9,2.02,0.04
Iran,IRN,Asia,Southern Asia,Upper-middle,2013,80414689.0,1287.1,16006.0,610.0,7.59,4.27,253.34,294.93,36.72,135.63,27.64,759.05,33255.66,1.73,0.01
Iran,IRN,Asia,Southern Asia,Upper-middle,2014,81502045.0,1352.7,16598.0,644.23,7.9,3.66,247.8,335.01,34.97,134.4,26.86,788.15,34196.25,1.82,0.01
Iran,IRN,Asia,Southern Asia,Upper-middle,2015,82619365.0,1331.0,16110.0,641.96,7.77,4.35,227.05,356.77,31.23,136.32,26.36,789.15,33441.34,1.81,0.01
Iran,IRN,Asia,Southern Asia,Upper-middle,2016,83812230.0,1413.7,16868.0,644.68,7.69,3.46,200.12,380.7,30.62,165.76,26.63,820.47,34845.24,1.82,0.01
Iran,IRN,Asia,Southern Asia,Upper-middle,2017,85026761.0,1486.7,17485.0,696.41,8.19,4.72,229.06,399.5,29.91,169.52,26.46,875.42,35561.83,1.94,0.01
Iran,IRN,Asia,Southern Asia,Upper-middle,2018,86117999.0,1483.6,17228.0,664.52,7.72,4.46,206.51,390.84,30.27,162.66,27.35,876.98,36251.89,1.81,0.01
Iran,IRN,Asia,Southern Asia,Upper-middle,2019,87051649.0,1438.8,16528.0,727.27,8.35,5.78,230.9,429.31,35.3,137.18,28.35,904.4,37875.23,1.96,0.01
Iran,IRN,Asia,Southern Asia,Upper-middle,2020,87723448.0,1446.2,16486.0,745.6,8.5,6.5,210.02,465.33,38.81,132.59,29.22,913.56,39001.84,2.12,0.01
Iran,IRN,Asia,Southern Asia,Upper-middle,2021,88455490.0,1525.5,17246.0,779.52,8.81,7.28,229.48,472.85,37.42,146.32,30.23,958.63,38159.27,2.11,0.01
Iran,IRN,Asia,Southern Asia,Upper-middle,2022,89524247.0,1572.2,17562.0,767.18,8.57,7.46,208.08,480.63,38.64,151.46,30.63,957.93,38985.19,2.04,0.01
Iraq,IRQ,Asia,Western Asia,Lower-middle,2013,35281987.0,422.1,11964.0,141.7,4.02,0.0,98.73,13.06,4.83,113.3,6.65,272.84,13759.08,0.4,0.0
Iraq,IRQ,Asia,Western Asia,Lower-middle,2014,36550058.0,425.2,11634.0,137.51,3.76,0.0,94.73,12.63,3.64,119.23,6.24,269.92,13055.94,0.39,0.0
Iraq,IRQ,Asia,Western Asia,Lower-middle,2015,37560535.0,436.0,11608.0,142.53,3.8,0.0,94.84,12.99,4.04,130.46,5.35,282.67,12548.26,0.4,0.0
Iraq,IRQ,Asia,Western Asia,Upper-middle,2016,38469628.0,502.3,13057.0,153.13,3.98,0.0,97.27,17.61,5.25,161.9,5.78,324.41,13119.02,0.43,0.0
Iraq,IRQ,Asia,Western Asia,Upper-middle,2017,39337358.0,485.2,12335.0,167.47,4.26,0.0,105.66,22.62,5.65,164.04,6.4,340.57,15213.56,0.47,0.0
Iraq,IRQ,Asia,Western Asia,Upper-middle,2018,40265629.0,508.0,12617.0,186.16,4.62,0.0,114.29,28.77,9.69,167.25,6.47,361.9,15464.54,0.51,0.0
Iraq,IRQ,Asia,Western Asia,Upper-middle,2019,41192172.0,537.5,13050.0,191.78,4.66,0.0,114.2,32.99,10.9,173.76,7.38,374.48,16212.38,0.52,0.0
Iraq,IRQ,Asia,Western Asia,Lower-middle,2020,42116602.0,453.1,10759.0,172.1,4.09,0.0,93.02,35.1,11.31,152.01,7.33,332.8,14121.95,0.49,0.0
Iraq,IRQ,Asia,Western Asia,Lower-middle,2021,43071208.0,487.9,11329.0,193.12,4.48,0.0,111.63,36.13,11.71,151.58,7.14,352.96,14358.38,0.52,0.0
Iraq,IRQ,Asia,Western Asia,Lower-middle,2022,44070556.0,527.6,11973.0,217.64,4.94,0.01,134.84,36.06,13.09,164.97,7.09,391.08,15429.9,0.58,0.0
Ireland,IRL,Europe,Northern Europe,High income,2013,4624686.0,222.7,48163.0,37.28,8.06,8.74,17.61,9.07,1.11,17.9,9.2,67.19,35677.52,0.11,0.0
Ireland,IRL,Europe,Northern Europe,High income,2014,4658236.0,236.2,50701.0,36.85,7.91,8.65,17.32,8.8,1.46,18.18,9.28,66.16,35325.18,0.1,0.0
Ireland,IRL,Europe,Northern Europe,High income,2015,4702497.0,250.0,53154.0,38.72,8.23,9.35,18.2,8.89,1.65,18.52,9.34,69.97,36983.12,0.11,0.0
Ireland,IRL,Europe,Northern Europe,High income,2016,4753506.0,255.1,53669.0,40.37,8.49,9.2,18.82,9.91,1.79,19.59,9.51,73.18,38268.47,0.11,0.0
Ireland,IRL,Europe,Northern Europe,High income,2017,4810258.0,266.5,55408.0,39.04,8.12,7.87,18.61,10.15,1.84,19.77,9.73,71.98,37987.57,0.11,0.0
Ireland,IRL,Europe,Northern Europe,High income,2018,4872559.0,282.5,57978.0,38.92,7.99,6.35,19.39,10.6,1.92,17.77,9.41,69.35,38347.99,0.11,0.0
Ireland,IRL,Europe,Northern Europe,High income,2019,4933493.0,294.5,59695.0,37.2,7.54,4.54,19.38,10.84,1.89,17.73,9.16,66.76,38065.55,0.1,0.0
Ireland,IRL,Europe,Northern Europe,High income,2020,4982602.0,274.8,55144.0,35.05,7.04,3.76,18.0,10.95,1.77,17.73,9.02,62.91,35439.92,0.1,0.0
Ireland,IRL,Europe,Northern Europe,High income,2021,5028428.0,287.6,57203.0,37.47,7.45,4.93,19.22,10.44,2.1,17.97,9.15,66.26,35772.97,0.1,0.0
Ireland,IRL,Europe,Northern Europe,High income,2022,5110015.0,308.4,60350.0,36.68,7.18,4.04,19.15,10.76,1.96,17.74,8.8,64.07,36487.48,0.1,0.0
Israel,ISR,Asia,Western Asia,High income,2013,7749369.0,235.9,30439.0,63.1,8.14,26.72,22.92,11.29,2.17,7.05,2.48,73.06,34478.06,0.18,0.0
Israel,ISR,Asia,Western Asia,High income,2014,7897173.0,245.1,31040.0,60.28,7.63,25.3,20.21,12.47,2.29,7.22,2.47,70.03,33001.95,0.17,0.0
Israel,ISR,Asia,Western Asia,High income,2015,8052916.0,251.2,31197.0,62.94,7.82,25.09,21.83,13.78,2.23,7.37,2.51,72.74,34152.68,0.18,0.0
Israel,ISR,Asia,Western Asia,High income,2016,8210006.0,262.6,31983.0,61.16,7.45,20.84,22.66,15.69,1.98,7.5,2.52,73.54,34174.2,0.17,0.0
Israel,ISR,Asia,Western Asia,High income,2017,8361796.0,273.8,32746.0,58.85,7.04,18.83,21.34,16.69,1.98,7.65,2.58,70.34,34165.57,0.16,0.0
Israel,ISR,Asia,Western Asia,High income,2018,8510067.0,285.0,33485.0,59.99,7.05,18.13,22.41,17.67,1.78,7.82,2.62,71.06,34337.16,0.16,0.0
Israel,ISR,Asia,Western Asia,High income,2019,8657466.0,296.8,34282.0,58.95,6.81,18.01,21.51,17.62,1.81,7.98,2.62,69.83,34826.12,0.16,0.0
Israel,ISR,Asia,Western Asia,High income,2020,8800380.0,291.3,33099.0,59.28,6.74,17.1,18.3,22.17,1.72,8.16,2.53,70.12,32400.35,0.17,0.0
Israel,ISR,Asia,Western Asia,High income,2021,8942925.0,316.4,35377.0,58.95,6.59,14.33,19.86,23.09,1.67,8.4,2.55,69.97,32656.47,0.16,0.0
Israel,ISR,Asia,Western Asia,High income,2022,9103143.0,336.7,36990.0,62.27,6.84,14.54,22.01,23.89,1.82,8.58,2.57,73.43,33816.67,0.17,0.0
Italy,ITA,Europe,Southern Europe,High income,2013,60653864.0,2010.3,33143.0,369.46,6.09,57.78,158.74,137.7,8.88,49.34,16.16,412.46,30716.31,1.05,0.01
Italy,ITA,Europe,Southern Europe,High income,2014,60664169.0,2010.2,33136.0,349.39,5.76,55.84,157.63,121.59,8.34,47.45,15.96,389.07,29940.51,0.98,0.01
Italy,ITA,Europe,Southern Europe,High income,2015,60575314.0,2025.8,33443.0,361.24,5.96,53.06,161.43,132.76,8.2,46.66,16.07,403.9,30350.08,1.02,0.01
Italy,ITA,Europe,Southern Europe,High income,2016,60478103.0,2052.0,33930.0,358.13,5.92,48.3,156.02,140.79,7.68,45.69,16.1,402.13,30333.92,1.01,0.01
Italy,ITA,Europe,Southern Europe,High income,2017,60390317.0,2086.2,34546.0,352.67,5.84,41.8,148.76,148.76,7.71,46.88,15.91,394.95,30594.74,0.98,0.01
Italy,ITA,Europe,Southern Europe,High income,2018,60277496.0,2105.6,34931.0,349.05,5.79,39.21,152.74,143.68,7.76,46.39,16.05,408.85,30853.66,0.95,0.01
Italy,ITA,Europe,Southern Europe,High income,2019,60130136.0,2115.7,35186.0,339.64,5.65,30.48,148.49,146.78,7.91,45.7,15.91,394.14,30599.51,0.92,0.01
Italy,ITA,Europe,Southern Europe,High income,2020,59912763.0,1925.8,32143.0,302.6,5.05,22.12,127.57,140.82,7.06,44.65,15.39,351.31,27764.08,0.86,0.01
Italy,ITA,Europe,Southern Europe,High income,2021,59729353.0,2060.3,34494.0,335.93,5.62,24.57,145.9,152.32,7.92,44.09,15.62,398.23,29887.17,0.91,0.01
Italy,ITA,Europe,Southern Europe,High income,2022,59619106.0,2136.0,35828.0,340.12,5.7,31.34,159.15,137.55,7.09,42.62,15.45,398.01,29444.67,0.91,0.01
Jamaica,JAM,America,Caribbean,Lower-middle,2013,2783689.0,19.2,6885.0,8.47,3.04,0.21,7.9,0.0,0.36,0.83,0.38,10.61,12705.9,0.02,0.0
Jamaica,JAM,America,Caribbean,Lower-middle,2014,2793756.0,19.3,6900.0,7.68,2.75,0.24,7.02,0.0,0.41,0.82,0.38,9.11,12441.4,0.02,0.0
Jamaica,JAM,America,Caribbean,Lower-middle,2015,2802536.0,19.4,6938.0,7.97,2.84,0.24,7.31,0.0,0.42,0.81,0.36,9.11,12817.11,0.02,0.0
Jamaica,JAM,America,Caribbean,Lower-middle,2016,2809919.0,19.7,7024.0,8.13,2.9,0.23,7.49,0.02,0.4,0.82,0.37,9.24,13239.61,0.02,0.0
Jamaica,JAM,America,Caribbean,Lower-middle,2017,2815765.0,19.9,7057.0,7.77,2.76,0.19,7.02,0.2,0.36,0.82,0.37,9.33,11680.16,0.02,0.0
Jamaica,JAM,America,Caribbean,Lower-middle,2018,2820103.0,20.2,7175.0,8.06,2.86,0.2,7.35,0.19,0.32,0.82,0.4,8.74,13204.31,0.02,0.0
Jamaica,JAM,America,Caribbean,Lower-middle,2019,2823275.0,20.4,7236.0,9.44,3.34,0.28,8.27,0.56,0.33,0.78,0.39,9.98,14605.56,0.02,0.0
Jamaica,JAM,America,Caribbean,Lower-middle,2020,2830745.0,18.4,6501.0,6.87,2.42,0.28,4.83,1.38,0.38,0.77,0.36,7.47,10215.15,0.02,0.0
Jamaica,JAM,America,Caribbean,Lower-middle,2021,2837680.0,19.2,6783.0,7.31,2.58,0.28,5.21,1.43,0.4,0.78,0.37,7.79,11208.75,0.02,0.0
Jamaica,JAM,America,Caribbean,Lower-middle,2022,2839150.0,20.0,7051.0,7.91,2.78,0.22,6.13,1.17,0.39,0.76,0.36,8.41,11773.95,0.02,0.0
Japan,JPN,Asia,Eastern Asia,High income,2013,127723642.0,4621.0,36180.0,1311.88,10.27,475.3,537.86,256.13,26.8,33.94,20.69,1351.01,43658.48,3.72,0.03
Japan,JPN,Asia,Eastern Asia,High income,2014,127486601.0,4634.7,36354.0,1260.27,9.89,466.62,493.21,258.21,26.56,32.74,20.29,1300.12,42606.79,3.55,0.03
Japan,JPN,Asia,Eastern Asia,High income,2015,127275868.0,4707.0,36983.0,1219.98,9.59,460.16,472.95,246.09,25.94,31.98,19.92,1259.68,42138.87,3.45,0.03
Japan,JPN,Asia,Eastern Asia,High income,2016,127159950.0,4742.5,37296.0,1199.93,9.44,451.65,456.46,251.2,25.97,31.68,19.71,1239.43,41646.91,3.39,0.03
Japan,JPN,Asia,Eastern Asia,High income,2017,127064686.0,4822.0,37949.0,1184.39,9.32,453.72,444.29,245.32,26.43,31.6,19.82,1228.58,42137.56,3.29,0.03
Japan,JPN,Asia,Eastern Asia,High income,2018,126913432.0,4853.0,38239.0,1138.55,8.97,436.72,427.78,233.52,26.18,30.94,19.32,1183.46,41899.98,3.1,0.03
Japan,JPN,Asia,Eastern Asia,High income,2019,126699421.0,4833.5,38149.0,1102.06,8.7,427.65,411.85,223.8,25.33,30.32,19.14,1142.43,41086.22,2.97,0.03
Japan,JPN,Asia,Eastern Asia,High income,2020,126304533.0,4626.7,36631.0,1037.29,8.21,395.04,383.17,222.21,24.49,29.72,18.74,1080.6,38203.22,2.95,0.03
Japan,JPN,Asia,Eastern Asia,High income,2021,125679342.0,4725.9,37603.0,1058.5,8.42,421.46,387.74,211.75,24.4,29.54,19.06,1105.3,40020.16,2.87,0.03
Japan,JPN,Asia,Eastern Asia,High income,2022,124997585.0,4774.5,38197.0,1029.64,8.24,403.62,388.92,202.02,22.48,29.66,18.57,1077.86,39974.94,2.74,0.03
Jordan,JOR,Asia,Western Asia,Lower-middle,2013,7991812.0,83.5,10448.0,24.06,3.01,0.84,19.66,1.87,1.69,4.28,1.45,30.52,12308.97,0.07,0.0
Jordan,JOR,Asia,Western Asia,Lower-middle,2014,8791715.0,86.3,9818.0,26.16,2.98,1.34,22.43,0.62,1.78,4.53,1.48,32.65,11480.57,0.07,0.0
Jordan,JOR,Asia,Western Asia,Lower-middle,2015,9544730.0,88.5,9270.0,25.8,2.7,0.66,19.32,4.0,1.82,4.76,1.53,32.62,11395.7,0.07,0.0
Jordan,JOR,Asia,Western Asia,Lower-middle,2016,10006369.0,90.2,9018.0,24.95,2.49,0.9,15.24,6.98,1.83,5.03,1.53,31.48,11480.46,0.07,0.0
Jordan,JOR,Asia,Western Asia,Lower-middle,2017,10234227.0,92.5,9036.0,26.08,2.55,0.74,15.42,8.03,1.89,5.07,1.52,32.97,11529.93,0.07,0.0
Jordan,JOR,Asia,Western Asia,Lower-middle,2018,10462310.0,94.2,9008.0,25.42,2.43,0.78,14.78,7.87,2.0,5.17,1.51,32.57,10871.08,0.07,0.0
Jordan,JOR,Asia,Western Asia,Lower-middle,2019,10671893.0,96.1,9001.0,24.57,2.3,0.79,14.52,7.86,1.4,5.3,1.5,31.51,10452.87,0.07,0.0
Jordan,JOR,Asia,Western Asia,Lower-middle,2020,10865232.0,94.6,8702.0,20.62,1.9,0.62,11.3,7.36,1.34,5.43,1.45,27.49,9150.65,0.06,0.0
Jordan,JOR,Asia,Western Asia,Lower-middle,2021,11066356.0,96.7,8735.0,21.19,1.92,0.64,11.91,7.14,1.5,5.58,1.47,28.78,9497.25,0.06,0.0
Jordan,JOR,Asia,Western Asia,Lower-middle,2022,11256269.0,99.3,8820.0,22.43,1.99,0.86,12.38,7.46,1.73,5.68,1.47,30.02,10170.1,0.06,0.0
Kazakhstan,KAZ,Asia,Central Asia,Upper-middle,2013,17556502.0,400.6,22816.0,253.53,14.44,150.9,49.46,30.73,3.03,50.23,9.2,338.58,41671.48,0.72,0.01
Kazakhstan,KAZ,Asia,Central Asia,Upper-middle,2014,17816285.0,417.8,23450.0,299.14,16.79,194.2,39.73,43.38,3.24,51.59,10.49,395.17,43168.98,0.84,0.01
Kazakhstan,KAZ,Asia,Central Asia,Upper-middle,2015,18084175.0,422.0,23334.0,303.05,16.76,186.75,40.8,52.62,3.46,46.42,10.92,389.16,35163.89,0.86,0.01
Kazakhstan,KAZ,Asia,Central Asia,Upper-middle,2016,18363600.0,425.8,23186.0,301.74,16.43,185.49,42.12,54.66,3.52,46.55,9.97,387.38,38735.68,0.85,0.01
Kazakhstan,KAZ,Asia,Central Asia,Upper-middle,2017,18651931.0,442.4,23718.0,317.72,17.03,191.06,44.12,62.69,3.82,53.11,13.46,414.07,41010.55,0.88,0.01
Kazakhstan,KAZ,Asia,Central Asia,Upper-middle,2018,18932725.0,460.5,24324.0,329.57,17.41,193.77,47.98,68.52,3.89,52.26,10.86,415.54,41684.3,0.9,0.01
Kazakhstan,KAZ,Asia,Central Asia,Upper-middle,2019,19209556.0,481.2,25052.0,296.04,15.41,180.22,47.92,50.33,3.8,53.14,11.83,386.2,41578.89,0.8,0.01
Kazakhstan,KAZ,Asia,Central Asia,Upper-middle,2020,19482116.0,468.7,24060.0,281.79,14.46,184.96,47.22,32.12,4.45,52.08,11.57,370.84,37775.0,0.8,0.01
Kazakhstan,KAZ,Asia,Central Asia,Upper-middle,2021,19743607.0,488.0,24714.0,244.9,12.4,138.53,62.45,24.66,3.84,54.11,12.22,333.08,41644.13,0.66,0.01
Kazakhstan,KAZ,Asia,Central Asia,Upper-middle,2022,20034612.0,503.6,25138.0,274.35,13.69,150.97,64.98,38.81,4.46,54.52,11.92,361.98,40893.37,0.73,0.01
Kenya,KEN,Africa,Eastern Africa,Low income,2013,44986794.0,127.2,2827.0,12.16,0.27,0.89,9.93,0.0,1.35,40.34,15.7,87.36,1423.85,0.03,0.0
Kenya,KEN,Africa,Eastern Africa,Low income,2014,46051441.0,133.5,2900.0,13.21,0.29,1.1,10.36,0.0,1.75,41.06,15.89,85.75,1470.02,0.04,0.0
Kenya,KEN,Africa,Eastern Africa,Low income,2015,47088528.0,140.2,2977.0,15.21,0.32,1.16,12.52,0.0,1.53,41.82,15.84,91.19,1671.83,0.04,0.0
Kenya,KEN,Africa,Eastern Africa,Lower-middle,2016,48139683.0,146.1,3035.0,16.29,0.34,1.15,13.48,0.0,1.66,44.76,17.28,87.85,1743.28,0.05,0.0
Kenya,KEN,Africa,Eastern Africa,Lower-middle,2017,49197757.0,151.7,3083.0,16.18,0.33,1.08,13.37,0.0,1.73,42.68,16.33,97.21,1727.49,0.04,0.0
Kenya,KEN,Africa,Eastern Africa,Lower-middle,2018,50207109.0,160.3,3192.0,17.0,0.34,1.62,13.99,0.0,1.39,44.19,16.82,95.1,1644.68,0.05,0.0
Kenya,KEN,Africa,Eastern Africa,Lower-middle,2019,51202829.0,168.5,3290.0,18.16,0.36,1.43,15.2,0.0,1.54,49.26,19.14,97.52,1678.61,0.05,0.0
Kenya,KEN,Africa,Eastern Africa,Lower-middle,2020,52217327.0,168.0,3218.0,19.99,0.38,1.92,16.11,0.0,1.96,54.44,21.98,104.68,1565.24,0.06,0.0
Kenya,KEN,Africa,Eastern Africa,Lower-middle,2021,53219167.0,180.7,3395.0,20.59,0.39,2.23,15.18,0.0,3.18,50.34,19.74,95.75,1634.88,0.06,0.0
Kenya,KEN,Africa,Eastern Africa,Lower-middle,2022,54252458.0,190.4,3509.0,20.54,0.38,2.73,14.21,0.0,3.6,51.79,19.82,96.82,1609.95,0.06,0.0
Kiribati,KIR,Oceania,Micronesia,Unknown,2013,113847.0,,,0.06,0.48,0.0,0.06,0.0,0.0,0.02,0.01,0.09,2114.57,0.0,0.0
Kiribati,KIR,Oceania,Micronesia,Unknown,2014,115339.0,,,0.06,0.48,0.0,0.06,0.0,0.0,0.02,0.01,0.09,2094.63,0.0,0.0
Kiribati,KIR,Oceania,Micronesia,Unknown,2015,116826.0,,,0.06,0.5,0.0,0.06,0.0,0.0,0.03,0.01,0.09,2193.6,0.0,0.0
Kiribati,KIR,Oceania,Micronesia,Unknown,2016,118488.0,,,0.06,0.46,0.0,0.06,0.0,0.0,0.03,0.01,0.09,2312.02,0.0,0.0
Kiribati,KIR,Oceania,Micronesia,Unknown,2017,120288.0,,,0.07,0.58,0.0,0.07,0.0,0.0,0.03,0.01,0.1,2577.62,0.0,0.0
Kiribati,KIR,Oceania,Micronesia,Unknown,2018,122097.0,,,0.07,0.57,0.0,0.07,0.0,0.0,0.03,0.01,0.1,2569.7,0.0,0.0
Kiribati,KIR,Oceania,Micronesia,Unknown,2019,123928.0,,,0.07,0.56,0.0,0.07,0.0,0.0,0.03,0.01,0.1,2550.5,0.0,0.0
Kiribati,KIR,Oceania,Micronesia,Unknown,2020,126110.0,,,0.07,0.55,0.0,0.07,0.0,0.0,0.03,0.01,0.1,2468.37,0.0,0.0
Kiribati,KIR,Oceania,Micronesia,Unknown,2021,128387.0,,,0.07,0.54,0.0,0.07,0.0,0.0,0.03,0.01,0.11,2424.59,0.0,0.0
Kiribati,KIR,Oceania,Micronesia,Unknown,2022,130483.0,,,0.07,0.53,0.0,0.07,0.0,0.0,0.03,0.01,0.11,2414.87,0.0,0.0
Kuwait,KWT,Asia,Western Asia,High income,2013,3507755.0,217.0,61871.0,83.05,23.68,0.59,44.25,34.57,1.21,39.35,1.05,123.46,127883.84,0.24,0.0
Kuwait,KWT,Asia,Western Asia,High income,2014,3665769.0,218.1,59500.0,74.99,20.46,0.81,36.12,34.28,1.13,39.11,1.04,115.15,119275.03,0.21,0.0
Kuwait,KWT,Asia,Western Asia,High income,2015,3834465.0,219.4,57219.0,93.32,24.34,0.85,50.48,39.07,1.25,39.55,1.08,133.95,122225.26,0.26,0.0
Kuwait,KWT,Asia,Western Asia,High income,2016,4003976.0,225.8,56400.0,104.02,25.98,0.78,58.29,41.26,1.62,40.9,1.09,146.02,116373.02,0.29,0.0
Kuwait,KWT,Asia,Western Asia,High income,2017,4154686.0,215.2,51792.0,100.01,24.07,0.53,54.69,41.93,1.37,38.7,1.11,139.82,112401.04,0.28,0.0
Kuwait,KWT,Asia,Western Asia,High income,2018,4323389.0,220.4,50984.0,102.45,23.7,0.75,55.93,42.77,1.37,39.2,1.12,142.78,111575.0,0.28,0.0
Kuwait,KWT,Asia,Western Asia,High income,2019,4442201.0,219.2,49347.0,104.65,23.56,0.58,54.86,46.27,1.58,38.78,1.13,144.57,99692.88,0.28,0.0
Kuwait,KWT,Asia,Western Asia,High income,2020,4400146.0,199.8,45407.0,90.1,20.48,0.16,35.49,51.69,1.37,36.76,1.09,127.96,95378.4,0.26,0.0
Kuwait,KWT,Asia,Western Asia,High income,2021,4360748.0,202.4,46416.0,87.87,20.15,0.28,30.81,54.1,1.41,36.78,1.2,125.85,107581.4,0.24,0.0
Kuwait,KWT,Asia,Western Asia,High income,2022,4589514.0,219.0,47709.0,115.85,25.24,0.34,65.64,47.31,1.47,40.0,1.18,157.04,102111.33,0.31,0.0
Kyrgyzstan,KGZ,Asia,Central Asia,Lower-middle,2013,5797294.0,24.5,4219.0,9.73,1.68,3.58,4.8,0.63,0.74,5.71,1.74,19.36,8369.9,0.03,0.0
Kyrgyzstan,KGZ,Asia,Central Asia,Lower-middle,2014,5898322.0,25.4,4313.0,10.24,1.74,4.5,4.4,0.52,0.82,6.35,1.79,20.4,8409.27,0.03,0.0
Kyrgyzstan,KGZ,Asia,Central Asia,Lower-middle,2015,6001876.0,26.4,4403.0,10.26,1.71,4.34,4.72,0.52,0.68,6.46,1.7,20.6,7766.93,0.03,0.0
Kyrgyzstan,KGZ,Asia,Central Asia,Lower-middle,2016,6108460.0,27.6,4514.0,9.62,1.58,3.48,4.99,0.55,0.6,6.77,1.72,20.14,7790.06,0.03,0.0
Kyrgyzstan,KGZ,Asia,Central Asia,Lower-middle,2017,6220148.0,28.9,4643.0,9.36,1.5,3.39,4.71,0.58,0.68,6.95,1.68,19.73,7503.81,0.03,0.0
Kyrgyzstan,KGZ,Asia,Central Asia,Lower-middle,2018,6341733.0,29.9,4711.0,11.18,1.76,4.04,5.58,0.64,0.92,7.22,1.81,21.7,8185.48,0.03,0.0
Kyrgyzstan,KGZ,Asia,Central Asia,Lower-middle,2019,6494036.0,31.3,4813.0,9.05,1.39,3.17,4.33,0.62,0.92,7.36,1.84,19.68,7083.41,0.02,0.0
Kyrgyzstan,KGZ,Asia,Central Asia,Lower-middle,2020,6664143.0,28.6,4286.0,8.35,1.25,3.17,3.64,0.65,0.89,7.46,1.87,19.01,6305.92,0.02,0.0
Kyrgyzstan,KGZ,Asia,Central Asia,Lower-middle,2021,6820483.0,29.6,4344.0,10.34,1.52,4.16,4.23,0.76,1.18,7.59,1.84,21.0,6376.38,0.03,0.0
Kyrgyzstan,KGZ,Asia,Central Asia,Lower-middle,2022,6955792.0,31.7,4558.0,11.51,1.66,5.43,3.97,0.85,1.26,7.74,1.88,22.28,7590.5,0.03,0.0
Laos,LAO,Asia,South-eastern Asia,Lower-middle,2013,6611385.0,33.2,5024.0,4.2,0.64,1.07,2.3,0.0,0.82,8.83,2.66,84.17,2815.82,0.01,0.0
Laos,LAO,Asia,South-eastern Asia,Lower-middle,2014,6703170.0,35.7,5330.0,4.38,0.65,1.12,2.42,0.0,0.84,9.05,2.69,85.81,2958.91,0.01,0.0
Laos,LAO,Asia,South-eastern Asia,Lower-middle,2015,6801647.0,38.4,5649.0,9.18,1.35,5.11,2.9,0.0,1.18,9.33,2.85,76.59,5482.17,0.03,0.0
Laos,LAO,Asia,South-eastern Asia,Lower-middle,2016,6908800.0,41.1,5953.0,16.41,2.38,11.97,3.14,0.0,1.3,9.88,3.12,73.15,8507.05,0.05,0.0
Laos,LAO,Asia,South-eastern Asia,Lower-middle,2017,7018150.0,44.0,6264.0,19.62,2.8,14.92,3.21,0.0,1.5,9.84,2.95,70.55,9871.35,0.06,0.0
Laos,LAO,Asia,South-eastern Asia,Lower-middle,2018,7128043.0,46.7,6551.0,20.48,2.87,15.34,3.31,0.0,1.83,9.89,2.98,68.36,10029.2,0.06,0.0
Laos,LAO,Asia,South-eastern Asia,Lower-middle,2019,7237635.0,49.2,6804.0,18.34,2.53,13.66,2.69,0.0,1.99,10.05,3.18,58.63,10095.79,0.05,0.0
Laos,LAO,Asia,South-eastern Asia,Lower-middle,2020,7346534.0,50.9,6923.0,18.29,2.49,13.29,2.65,0.0,2.35,10.55,3.45,57.42,9092.15,0.05,0.0
Laos,LAO,Asia,South-eastern Asia,Lower-middle,2021,7453192.0,52.6,7061.0,21.84,2.93,13.67,2.67,0.0,5.5,10.48,3.19,67.78,9377.45,0.06,0.0
Laos,LAO,Asia,South-eastern Asia,Lower-middle,2022,7559008.0,55.0,7270.0,22.55,2.98,14.94,2.73,0.0,4.88,10.96,3.25,64.98,8549.83,0.06,0.0
Latvia,LVA,Europe,Northern Europe,Upper-middle,2013,2013004.0,41.4,20542.0,7.37,3.66,0.3,3.77,2.73,0.54,2.44,2.09,13.13,22147.38,0.02,0.0
Latvia,LVA,Europe,Northern Europe,Upper-middle,2014,1994153.0,42.1,21130.0,7.17,3.6,0.24,3.89,2.45,0.56,2.44,2.13,13.43,20567.85,0.02,0.0
Latvia,LVA,Europe,Northern Europe,Upper-middle,2015,1977874.0,43.8,22132.0,7.26,3.67,0.19,4.07,2.51,0.47,2.42,2.2,15.63,21292.6,0.02,0.0
Latvia,LVA,Europe,Northern Europe,Upper-middle,2016,1959863.0,44.8,22864.0,7.21,3.68,0.17,4.06,2.61,0.35,2.43,2.18,14.03,22950.19,0.02,0.0
Latvia,LVA,Europe,Northern Europe,Upper-middle,2017,1942599.0,46.3,23832.0,7.22,3.71,0.17,4.28,2.3,0.44,2.44,2.18,13.92,25378.88,0.02,0.0
Latvia,LVA,Europe,Northern Europe,Upper-middle,2018,1927586.0,48.1,24976.0,7.84,4.07,0.2,4.35,2.7,0.55,2.37,2.12,15.19,22825.79,0.02,0.0
Latvia,LVA,Europe,Northern Europe,Upper-middle,2019,1914267.0,49.4,25796.0,7.63,3.99,0.17,4.3,2.55,0.56,2.35,2.21,14.63,23645.1,0.02,0.0
Latvia,LVA,Europe,Northern Europe,Upper-middle,2020,1901119.0,48.3,25402.0,7.0,3.68,0.1,4.17,2.1,0.55,2.31,2.25,14.02,21682.37,0.02,0.0
Latvia,LVA,Europe,Northern Europe,Upper-middle,2021,1885593.0,50.3,26652.0,7.22,3.83,0.08,4.29,2.23,0.54,2.33,2.23,13.72,22845.33,0.02,0.0
Latvia,LVA,Europe,Northern Europe,Upper-middle,2022,1881059.0,51.2,27244.0,6.61,3.51,0.06,4.33,1.59,0.54,2.3,2.21,13.66,20474.27,0.02,0.0
Lebanon,LBN,Asia,Western Asia,Upper-middle,2013,5743441.0,71.1,12382.0,22.16,3.86,0.5,19.12,0.0,2.54,3.18,1.01,26.39,15143.68,0.06,0.0
Lebanon,LBN,Asia,Western Asia,Lower-middle,2014,6346993.0,72.9,11483.0,23.99,3.78,0.63,20.75,0.0,2.61,3.35,1.06,28.51,14433.08,0.07,0.0
Lebanon,LBN,Asia,Western Asia,Lower-middle,2015,6472470.0,73.2,11312.0,25.73,3.98,0.63,22.71,0.0,2.4,3.46,1.1,30.43,15547.41,0.07,0.0
Lebanon,LBN,Asia,Western Asia,Lower-middle,2016,6323061.0,74.4,11760.0,26.44,4.18,0.63,23.52,0.0,2.29,3.54,1.14,31.29,16396.98,0.08,0.0
Lebanon,LBN,Asia,Western Asia,Upper-middle,2017,6160129.0,75.0,12180.0,27.82,4.52,0.63,24.95,0.0,2.24,3.6,1.19,32.86,17961.68,0.08,0.0
Lebanon,LBN,Asia,Western Asia,Upper-middle,2018,5984120.0,73.6,12302.0,25.81,4.31,0.26,23.5,0.0,2.05,3.62,1.14,30.51,17403.57,0.07,0.0
Lebanon,LBN,Asia,Western Asia,Lower-middle,2019,5794601.0,68.5,11826.0,25.14,4.34,0.11,23.64,0.0,1.4,3.69,1.15,30.01,18132.56,0.07,0.0
Lebanon,LBN,Asia,Western Asia,Lower-middle,2020,5702400.0,50.8,8904.0,23.69,4.16,0.04,22.8,0.0,0.85,3.76,1.07,28.54,17467.38,0.07,0.0
Lebanon,LBN,Asia,Western Asia,Lower-middle,2021,5718129.0,50.8,8879.0,19.47,3.41,0.16,18.53,0.0,0.79,3.81,0.98,24.36,14463.0,0.05,0.0
Lebanon,LBN,Asia,Western Asia,Lower-middle,2022,5744492.0,48.7,8485.0,15.36,2.67,0.05,14.38,0.0,0.92,3.87,0.97,20.3,11560.58,0.04,0.0
Lesotho,LSO,Africa,Southern Africa,Low income,2013,2056509.0,5.0,2409.0,2.12,1.03,1.53,0.59,0.0,0.0,1.63,0.67,4.97,1610.64,0.01,0.0
Lesotho,LSO,Africa,Southern Africa,Low income,2014,2080091.0,5.1,2468.0,2.24,1.08,1.67,0.57,0.0,0.0,1.62,0.66,3.83,1641.57,0.01,0.0
Lesotho,LSO,Africa,Southern Africa,Low income,2015,2104614.0,5.3,2508.0,2.04,0.97,1.43,0.61,0.0,0.0,1.58,0.65,8.2,1577.33,0.01,0.0
Lesotho,LSO,Africa,Southern Africa,Low income,2016,2130424.0,5.4,2544.0,2.03,0.95,1.38,0.65,0.0,0.0,1.56,0.63,9.04,1737.05,0.01,0.0
Lesotho,LSO,Africa,Southern Africa,Low income,2017,2157117.0,5.2,2409.0,2.29,1.06,1.63,0.65,0.0,0.0,1.65,0.68,8.8,1842.36,0.01,0.0
Lesotho,LSO,Africa,Southern Africa,Low income,2018,2183611.0,5.1,2321.0,2.16,0.99,1.48,0.68,0.0,0.0,1.54,0.63,6.7,1771.34,0.01,0.0
Lesotho,LSO,Africa,Southern Africa,Low income,2019,2209414.0,5.0,2261.0,2.19,0.99,1.47,0.72,0.0,0.0,1.46,0.58,6.53,1821.1,0.01,0.0
Lesotho,LSO,Africa,Southern Africa,Low income,2020,2235727.0,4.6,2068.0,1.99,0.89,1.35,0.63,0.0,0.0,1.28,0.47,6.05,1613.2,0.01,0.0
Lesotho,LSO,Africa,Southern Africa,Low income,2021,2261549.0,4.7,2082.0,3.1,1.37,2.4,0.7,0.0,0.0,1.34,0.52,7.23,1755.9,0.01,0.0
Lesotho,LSO,Africa,Southern Africa,Low income,2022,2286112.0,4.8,2083.0,2.55,1.12,1.64,0.91,0.0,0.0,1.39,0.53,6.56,2108.48,0.01,0.0
Liberia,LBR,Africa,Western Africa,Low income,2013,4470246.0,3.8,854.0,0.87,0.2,0.0,0.8,0.0,0.08,2.21,0.47,30.54,822.97,0.0,0.0
Liberia,LBR,Africa,Western Africa,Low income,2014,4564299.0,3.8,842.0,0.73,0.16,0.0,0.62,0.0,0.11,2.29,0.53,31.43,1061.39,0.0,0.0
Liberia,LBR,Africa,Western Africa,Low income,2015,4659436.0,3.9,828.0,0.7,0.15,0.0,0.58,0.0,0.12,2.35,0.62,28.22,1043.53,0.0,0.0
Liberia,LBR,Africa,Western Africa,Low income,2016,4755607.0,3.9,812.0,0.65,0.14,0.0,0.55,0.0,0.09,2.32,0.5,28.54,1175.48,0.0,0.0
Liberia,LBR,Africa,Western Africa,Low income,2017,4848927.0,4.0,820.0,0.67,0.14,0.0,0.56,0.0,0.11,2.31,0.49,29.22,995.34,0.0,0.0
Liberia,LBR,Africa,Western Africa,Low income,2018,4944728.0,4.1,819.0,0.61,0.12,0.0,0.48,0.0,0.13,2.33,0.49,26.61,440.83,0.0,0.0
Liberia,LBR,Africa,Western Africa,Low income,2019,5043719.0,4.0,785.0,0.93,0.18,0.0,0.8,0.0,0.13,2.46,0.55,24.69,718.3,0.0,0.0
Liberia,LBR,Africa,Western Africa,Low income,2020,5149470.0,3.8,747.0,0.78,0.15,0.0,0.62,0.0,0.16,2.48,0.51,23.96,548.43,0.0,0.0
Liberia,LBR,Africa,Western Africa,Low income,2021,5259327.0,4.0,768.0,0.78,0.15,0.0,0.57,0.0,0.21,2.47,0.51,22.81,508.53,0.0,0.0
Liberia,LBR,Africa,Western Africa,Low income,2022,5373297.0,4.2,788.0,0.86,0.16,0.0,0.68,0.0,0.18,2.55,0.53,24.0,579.38,0.0,0.0
Libya,LBY,Africa,Northern Africa,Upper-middle,2013,6304636.0,121.4,19248.0,51.34,8.14,0.0,21.67,21.1,0.78,24.4,1.96,77.04,36775.57,0.15,0.0
Libya,LBY,Africa,Northern Africa,Upper-middle,2014,6427260.0,93.4,14530.0,68.35,10.63,0.0,41.34,18.84,2.71,14.9,1.9,84.52,35231.01,0.19,0.0
Libya,LBY,Africa,Northern Africa,Upper-middle,2015,6531825.0,92.6,14177.0,60.87,9.32,0.0,31.99,22.03,1.94,13.38,1.77,75.44,27587.34,0.17,0.0
Libya,LBY,Africa,Northern Africa,Upper-middle,2016,6632130.0,91.2,13754.0,57.38,8.65,0.0,25.51,25.9,1.59,12.94,1.81,71.6,26594.12,0.16,0.0
Libya,LBY,Africa,Northern Africa,Upper-middle,2017,6738771.0,120.9,17935.0,67.09,9.96,0.0,26.17,31.83,1.74,22.06,1.89,90.52,41165.11,0.19,0.0
Libya,LBY,Africa,Northern Africa,Upper-middle,2018,6849058.0,130.5,19047.0,62.64,9.15,0.0,25.91,26.19,1.74,26.33,1.88,90.35,38953.39,0.17,0.0
Libya,LBY,Africa,Northern Africa,Upper-middle,2019,6951040.0,115.9,16667.0,73.78,10.61,0.0,44.27,18.48,1.4,28.8,1.91,104.02,32845.67,0.2,0.0
Libya,LBY,Africa,Northern Africa,Lower-middle,2020,7045403.0,81.7,11600.0,36.11,5.12,0.0,21.96,8.34,1.16,13.22,1.79,50.66,25645.62,0.1,0.0
Libya,LBY,Africa,Northern Africa,Upper-middle,2021,7135179.0,104.9,14699.0,56.31,7.89,0.0,30.62,13.25,1.16,28.26,1.82,85.97,30892.9,0.15,0.0
Libya,LBY,Africa,Northern Africa,Upper-middle,2022,7223804.0,91.4,12659.0,58.97,8.16,0.0,32.56,15.07,1.16,25.77,1.88,86.23,31237.6,0.16,0.0
Liechtenstein,LIE,Europe,Western Europe,Unknown,2013,36930.0,,,0.19,5.21,0.0,0.14,0.06,0.0,0.02,0.01,0.2,,0.0,0.0
Liechtenstein,LIE,Europe,Western Europe,Unknown,2014,37191.0,,,0.16,4.33,0.0,0.11,0.05,0.0,0.02,0.01,0.17,,0.0,0.0
Liechtenstein,LIE,Europe,Western Europe,Unknown,2015,37424.0,,,0.16,4.27,0.0,0.11,0.05,0.0,0.02,0.01,0.17,,0.0,0.0
Liechtenstein,LIE,Europe,Western Europe,Unknown,2016,37635.0,,,0.15,3.98,0.0,0.1,0.05,0.0,0.02,0.01,0.16,,0.0,0.0
Liechtenstein,LIE,Europe,Western Europe,Unknown,2017,37872.0,,,0.16,4.11,0.0,0.1,0.05,0.0,0.02,0.01,0.17,,0.0,0.0
Liechtenstein,LIE,Europe,Western Europe,Unknown,2018,38157.0,,,0.14,3.74,0.0,0.09,0.05,0.0,0.02,0.01,0.15,,0.0,0.0
Liechtenstein,LIE,Europe,Western Europe,Unknown,2019,38463.0,,,0.15,3.86,0.0,0.1,0.05,0.0,0.02,0.01,0.16,,0.0,0.0
Liechtenstein,LIE,Europe,Western Europe,Unknown,2020,38793.0,,,0.14,3.65,0.0,0.09,0.05,0.0,0.02,0.01,0.16,,0.0,0.0
Liechtenstein,LIE,Europe,Western Europe,Unknown,2021,39062.0,,,0.15,3.73,0.0,0.09,0.05,0.0,0.02,0.01,0.16,,0.0,0.0
Liechtenstein,LIE,Europe,Western Europe,Unknown,2022,39338.0,,,0.13,3.26,0.0,0.08,0.04,0.0,0.02,0.01,0.14,,0.0,0.0
Lithuania,LTU,Europe,Northern Europe,Upper-middle,2013,2958359.0,63.9,21613.0,13.15,4.44,1.09,6.52,4.74,0.46,4.21,5.88,26.56,21436.04,0.04,0.0
Lithuania,LTU,Europe,Northern Europe,Upper-middle,2014,2933171.0,66.2,22569.0,12.85,4.38,0.92,6.77,4.41,0.4,4.12,6.12,23.13,20866.35,0.04,0.0
Lithuania,LTU,Europe,Northern Europe,Upper-middle,2015,2905771.0,67.5,23243.0,13.04,4.49,0.74,7.08,4.42,0.52,4.12,6.3,24.25,22063.78,0.04,0.0
Lithuania,LTU,Europe,Northern Europe,Upper-middle,2016,2869109.0,69.2,24133.0,13.1,4.57,0.75,7.62,3.96,0.45,3.67,6.1,22.93,22908.3,0.04,0.0
Lithuania,LTU,Europe,Northern Europe,Upper-middle,2017,2829317.0,72.2,25521.0,13.28,4.69,0.8,7.72,4.03,0.45,3.54,6.18,23.87,24440.61,0.04,0.0
Lithuania,LTU,Europe,Northern Europe,Upper-middle,2018,2802485.0,75.1,26794.0,13.41,4.79,0.86,8.02,3.73,0.51,3.42,6.06,25.64,25323.76,0.04,0.0
Lithuania,LTU,Europe,Northern Europe,Upper-middle,2019,2795057.0,78.6,28108.0,13.65,4.88,0.8,8.12,3.88,0.58,3.32,6.19,24.66,25257.85,0.04,0.0
Lithuania,LTU,Europe,Northern Europe,Upper-middle,2020,2795766.0,78.5,28094.0,13.5,4.83,0.62,7.94,4.13,0.56,3.1,6.08,24.06,25143.19,0.04,0.0
Lithuania,LTU,Europe,Northern Europe,Upper-middle,2021,2794490.0,83.2,29788.0,13.78,4.93,0.74,8.14,3.96,0.63,3.0,6.04,23.87,25102.79,0.04,0.0
Lithuania,LTU,Europe,Northern Europe,High income,2022,2816923.0,84.8,30109.0,12.9,4.58,0.73,8.38,2.79,0.68,2.85,5.3,22.65,23098.16,0.03,0.0
Luxembourg,LUX,Europe,Western Europe,High income,2013,543358.0,29.5,54319.0,10.32,19.0,0.28,7.51,2.12,0.37,0.59,0.34,11.39,84092.56,0.03,0.0
Luxembourg,LUX,Europe,Western Europe,High income,2014,556285.0,30.3,54449.0,9.81,17.63,0.28,7.09,2.01,0.36,0.6,0.33,10.86,79589.09,0.03,0.0
Luxembourg,LUX,Europe,Western Europe,High income,2015,569540.0,31.0,54389.0,9.33,16.39,0.29,6.81,1.83,0.33,0.57,0.33,10.33,75560.04,0.03,0.0
Luxembourg,LUX,Europe,Western Europe,High income,2016,583511.0,32.5,55729.0,9.08,15.56,0.29,6.68,1.68,0.35,0.6,0.33,10.13,72765.09,0.03,0.0
Luxembourg,LUX,Europe,Western Europe,High income,2017,596506.0,32.9,55233.0,9.25,15.51,0.28,6.87,1.66,0.37,0.6,0.33,10.3,74357.84,0.03,0.0
Luxembourg,LUX,Europe,Western Europe,High income,2018,608109.0,33.3,54840.0,9.56,15.72,0.27,7.24,1.61,0.37,0.6,0.32,10.57,76353.01,0.03,0.0
Luxembourg,LUX,Europe,Western Europe,High income,2019,620167.0,34.1,55021.0,9.75,15.72,0.27,7.4,1.61,0.4,0.6,0.32,10.8,76250.83,0.03,0.0
Luxembourg,LUX,Europe,Western Europe,High income,2020,630597.0,33.9,53680.0,8.07,12.8,0.24,5.9,1.47,0.4,0.57,0.3,9.08,64289.55,0.02,0.0
Luxembourg,LUX,Europe,Western Europe,High income,2021,640276.0,35.6,55566.0,8.41,13.13,0.24,6.19,1.59,0.35,0.56,0.31,9.4,67493.58,0.02,0.0
Luxembourg,LUX,Europe,Western Europe,High income,2022,653315.0,36.1,55300.0,7.27,11.14,0.24,5.41,1.25,0.37,0.56,0.27,8.2,59423.34,0.02,0.0
Macao,MAC,Asia,Eastern Asia,Unknown,2013,598752.0,,,0.99,1.65,0.0,0.99,0.0,0.0,0.04,0.04,1.08,18736.98,0.0,0.0
Macao,MAC,Asia,Eastern Asia,Unknown,2014,610308.0,,,1.29,2.12,0.0,1.18,0.11,0.0,0.05,0.04,1.38,19851.9,0.0,0.0
Macao,MAC,Asia,Eastern Asia,Unknown,2015,622185.0,,,1.77,2.85,0.0,1.77,0.0,0.0,0.05,0.06,1.88,20828.77,0.0,0.0
Macao,MAC,Asia,Eastern Asia,Unknown,2016,634317.0,,,1.78,2.81,0.0,1.76,0.02,0.0,0.05,0.06,1.88,20759.72,0.0,0.0
Macao,MAC,Asia,Eastern Asia,Unknown,2017,646558.0,,,1.93,2.98,0.0,1.59,0.34,0.0,0.05,0.06,2.03,24844.09,0.0,0.0
Macao,MAC,Asia,Eastern Asia,Unknown,2018,658777.0,,,1.24,1.88,0.0,1.06,0.18,0.0,0.05,0.05,1.34,20693.56,0.0,0.0
Macao,MAC,Asia,Eastern Asia,Unknown,2019,670982.0,,,1.21,1.81,0.0,0.96,0.26,0.0,0.05,0.05,1.32,21195.81,0.0,0.0
Macao,MAC,Asia,Eastern Asia,Unknown,2020,683069.0,,,1.03,1.51,0.0,0.89,0.14,0.0,0.05,0.05,1.14,18887.78,0.0,0.0
Macao,MAC,Asia,Eastern Asia,Unknown,2021,694404.0,,,1.03,1.48,0.0,0.86,0.16,0.0,0.05,0.06,1.14,17717.01,0.0,0.0
Macao,MAC,Asia,Eastern Asia,Unknown,2022,704360.0,,,1.05,1.49,0.0,0.82,0.22,0.0,0.05,0.06,1.16,17630.77,0.0,0.0
Madagascar,MDG,Africa,Eastern Africa,Low income,2013,24109290.0,30.4,1261.0,3.06,0.13,0.99,1.98,0.0,0.09,21.83,7.67,66.82,526.94,0.01,0.0
Madagascar,MDG,Africa,Eastern Africa,Low income,2014,24764356.0,31.4,1268.0,2.97,0.12,0.9,2.02,0.0,0.06,23.03,7.64,62.36,556.57,0.01,0.0
Madagascar,MDG,Africa,Eastern Africa,Low income,2015,25426703.0,32.4,1274.0,3.12,0.12,0.92,2.14,0.0,0.06,22.98,7.75,65.55,597.42,0.01,0.0
Madagascar,MDG,Africa,Eastern Africa,Low income,2016,26099950.0,33.7,1291.0,3.26,0.12,0.9,2.3,0.0,0.06,23.64,8.28,65.54,616.71,0.01,0.0
Madagascar,MDG,Africa,Eastern Africa,Low income,2017,26788379.0,35.0,1307.0,3.8,0.14,1.28,2.44,0.0,0.08,23.24,7.85,64.87,552.95,0.01,0.0
Madagascar,MDG,Africa,Eastern Africa,Low income,2018,27494930.0,36.1,1314.0,3.6,0.13,1.11,2.44,0.0,0.05,22.87,7.12,60.21,462.9,0.01,0.0
Madagascar,MDG,Africa,Eastern Africa,Low income,2019,28219559.0,37.7,1337.0,4.15,0.15,1.25,2.85,0.0,0.05,24.21,7.28,60.55,551.2,0.01,0.0
Madagascar,MDG,Africa,Eastern Africa,Low income,2020,28953560.0,35.0,1210.0,3.79,0.13,1.23,2.5,0.0,0.06,24.69,7.24,59.23,409.26,0.01,0.0
Madagascar,MDG,Africa,Eastern Africa,Low income,2021,29691087.0,37.0,1248.0,4.25,0.14,1.27,2.92,0.0,0.06,24.54,7.14,59.02,527.32,0.01,0.0
Madagascar,MDG,Africa,Eastern Africa,Low income,2022,30437261.0,38.6,1268.0,4.21,0.14,1.14,3.01,0.0,0.06,24.76,7.21,60.5,544.34,0.01,0.0
Malawi,MWI,Africa,Eastern Africa,Low income,2013,16161816.0,19.5,1208.0,1.12,0.07,0.19,0.85,0.0,0.07,5.5,3.04,22.11,391.17,0.0,0.0
Malawi,MWI,Africa,Eastern Africa,Low income,2014,16621534.0,20.6,1242.0,1.01,0.06,0.18,0.71,0.0,0.12,5.69,3.42,22.99,388.76,0.0,0.0
Malawi,MWI,Africa,Eastern Africa,Low income,2015,17085587.0,21.3,1244.0,1.05,0.06,0.2,0.78,0.0,0.07,5.89,3.53,22.22,361.84,0.0,0.0
Malawi,MWI,Africa,Eastern Africa,Low income,2016,17557741.0,21.7,1238.0,1.17,0.07,0.18,0.92,0.0,0.07,6.11,3.42,22.25,385.02,0.0,0.0
Malawi,MWI,Africa,Eastern Africa,Low income,2017,18039714.0,22.6,1253.0,1.19,0.07,0.17,0.92,0.0,0.1,6.24,3.73,23.32,402.66,0.0,0.0
Malawi,MWI,Africa,Eastern Africa,Low income,2018,18528086.0,23.6,1274.0,1.69,0.09,0.2,1.38,0.0,0.11,6.71,4.47,24.84,368.76,0.0,0.0
Malawi,MWI,Africa,Eastern Africa,Low income,2019,19025748.0,24.9,1308.0,1.7,0.09,0.21,1.37,0.0,0.11,7.36,5.03,26.52,419.86,0.0,0.0
Malawi,MWI,Africa,Eastern Africa,Low income,2020,19533885.0,25.1,1285.0,1.87,0.1,0.19,1.43,0.0,0.24,7.58,5.33,26.24,402.5,0.0,0.0
Malawi,MWI,Africa,Eastern Africa,Low income,2021,20047264.0,26.3,1310.0,1.68,0.08,0.13,1.32,0.0,0.24,7.66,5.18,23.25,391.6,0.0,0.0
Malawi,MWI,Africa,Eastern Africa,Low income,2022,20568731.0,26.5,1287.0,1.8,0.09,0.15,1.41,0.0,0.24,7.92,5.23,25.2,392.59,0.0,0.0
Malaysia,MYS,Asia,South-eastern Asia,Upper-middle,2013,30174269.0,615.6,20401.0,241.67,8.01,57.99,87.21,82.27,8.79,26.95,9.32,512.12,36091.8,0.68,0.01
Malaysia,MYS,Asia,South-eastern Asia,Upper-middle,2014,30696133.0,652.6,21259.0,245.05,7.98,57.87,88.72,82.56,9.47,27.19,9.84,506.07,35757.46,0.69,0.01
Malaysia,MYS,Asia,South-eastern Asia,Upper-middle,2015,31232796.0,685.2,21940.0,235.94,7.55,66.75,76.19,77.21,8.67,28.19,9.46,439.68,35686.04,0.67,0.01
Malaysia,MYS,Asia,South-eastern Asia,Upper-middle,2016,31789692.0,715.7,22515.0,237.29,7.46,71.52,77.29,73.52,9.13,29.07,9.32,399.25,36876.84,0.67,0.01
Malaysia,MYS,Asia,South-eastern Asia,Upper-middle,2017,32355642.0,757.3,23407.0,244.46,7.56,78.96,80.88,70.43,8.78,29.25,9.09,389.25,36732.11,0.68,0.01
Malaysia,MYS,Asia,South-eastern Asia,Upper-middle,2018,32910963.0,794.0,24126.0,262.65,7.98,84.59,80.68,84.26,9.06,29.36,8.52,389.99,36769.81,0.72,0.01
Malaysia,MYS,Asia,South-eastern Asia,Upper-middle,2019,33440590.0,829.1,24792.0,277.67,8.3,80.14,94.75,89.76,9.12,29.16,7.97,392.27,37119.5,0.75,0.01
Malaysia,MYS,Asia,South-eastern Asia,Upper-middle,2020,33889554.0,783.2,23110.0,262.16,7.74,94.07,68.5,83.74,11.29,28.14,8.18,368.9,35317.52,0.75,0.01
Malaysia,MYS,Asia,South-eastern Asia,Upper-middle,2021,34282404.0,807.4,23551.0,273.33,7.97,87.49,73.03,97.6,11.31,27.91,8.86,386.14,36500.76,0.74,0.01
Malaysia,MYS,Asia,South-eastern Asia,Upper-middle,2022,34695494.0,877.6,25294.0,281.88,8.12,89.22,71.19,107.2,11.25,28.34,8.48,383.87,39068.73,0.75,0.01
Maldives,MDV,Asia,Southern Asia,Unknown,2013,400077.0,,,1.1,2.74,0.0,1.1,0.0,0.0,0.11,0.04,1.25,16418.62,0.0,0.0
Maldives,MDV,Asia,Southern Asia,Unknown,2014,413623.0,,,1.32,3.19,0.0,1.32,0.0,0.0,0.12,0.05,1.49,21282.59,0.0,0.0
Maldives,MDV,Asia,Southern Asia,Unknown,2015,428165.0,,,1.28,3.0,0.0,1.28,0.0,0.0,0.12,0.04,1.44,15375.4,0.0,0.0
Maldives,MDV,Asia,Southern Asia,Unknown,2016,443316.0,,,1.43,3.23,0.0,1.43,0.0,0.0,0.13,0.04,1.6,15741.27,0.0,0.0
Maldives,MDV,Asia,Southern Asia,Unknown,2017,458297.0,,,1.51,3.3,0.0,1.51,0.0,0.0,0.13,0.04,1.69,15783.81,0.0,0.0
Maldives,MDV,Asia,Southern Asia,Unknown,2018,473106.0,,,1.74,3.67,0.0,1.74,0.0,0.0,0.14,0.05,1.92,12040.49,0.0,0.0
Maldives,MDV,Asia,Southern Asia,Unknown,2019,487737.0,,,1.99,4.09,0.0,1.99,0.0,0.0,0.14,0.05,2.19,12777.1,0.0,0.0
Maldives,MDV,Asia,Southern Asia,Unknown,2020,502127.0,,,1.68,3.34,0.0,1.68,0.0,0.0,0.15,0.05,1.88,10117.31,0.0,0.0
Maldives,MDV,Asia,Southern Asia,Unknown,2021,516163.0,,,2.0,3.87,0.0,2.0,0.0,0.0,0.16,0.06,2.21,12536.17,0.0,0.0
Maldives,MDV,Asia,Southern Asia,Unknown,2022,524116.0,,,2.22,4.23,0.0,2.22,0.0,0.0,0.16,0.06,2.43,14143.4,0.01,0.0
Mali,MLI,Africa,Western Africa,Low income,2013,17459619.0,20.8,1192.0,2.74,0.16,0.0,2.57,0.0,0.17,20.55,10.74,50.51,692.1,0.01,0.0
Mali,MLI,Africa,Western Africa,Low income,2014,18020267.0,22.3,1237.0,3.14,0.17,0.0,2.88,0.0,0.26,21.05,10.95,51.52,720.22,0.01,0.0
Mali,MLI,Africa,Western Africa,Low income,2015,18593022.0,23.7,1273.0,3.4,0.18,0.0,3.16,0.0,0.24,22.0,11.36,57.66,838.4,0.01,0.0
Mali,MLI,Africa,Western Africa,Low income,2016,19191298.0,25.0,1305.0,4.29,0.22,0.0,4.03,0.0,0.25,23.95,12.78,59.74,1012.11,0.01,0.0
Mali,MLI,Africa,Western Africa,Low income,2017,19813016.0,26.4,1331.0,4.77,0.24,0.0,4.51,0.0,0.26,24.62,12.67,61.29,1082.18,0.01,0.0
Mali,MLI,Africa,Western Africa,Low income,2018,20442031.0,27.6,1352.0,5.2,0.25,0.0,4.81,0.0,0.39,25.44,12.82,62.95,1088.26,0.01,0.0
Mali,MLI,Africa,Western Africa,Low income,2019,21068405.0,28.9,1374.0,5.59,0.27,0.0,5.21,0.0,0.39,25.66,13.65,63.61,1148.23,0.02,0.0
Mali,MLI,Africa,Western Africa,Low income,2020,21713837.0,28.6,1317.0,6.33,0.29,0.0,5.75,0.0,0.58,26.82,14.12,67.68,1222.05,0.02,0.0
Mali,MLI,Africa,Western Africa,Low income,2021,22388637.0,29.5,1316.0,7.39,0.33,0.0,6.73,0.0,0.66,28.36,14.11,63.08,1387.15,0.02,0.0
Mali,MLI,Africa,Western Africa,Low income,2022,23072641.0,30.6,1324.0,7.02,0.3,0.0,6.32,0.0,0.7,27.57,13.56,62.85,1269.19,0.02,0.0
Malta,MLT,Europe,Southern Europe,Upper-middle,2013,428457.0,10.9,25453.0,2.43,5.67,0.0,2.43,0.0,0.0,0.16,0.05,2.62,60896.26,0.01,0.0
Malta,MLT,Europe,Southern Europe,Upper-middle,2014,434494.0,11.7,27015.0,2.42,5.56,0.0,2.41,0.0,0.0,0.16,0.05,2.61,61302.93,0.01,0.0
Malta,MLT,Europe,Southern Europe,Upper-middle,2015,444978.0,12.9,28913.0,1.7,3.82,0.0,1.7,0.0,0.0,0.17,0.05,1.9,65432.04,0.0,0.0
Malta,MLT,Europe,Southern Europe,Upper-middle,2016,455276.0,13.3,29215.0,1.38,3.02,0.0,1.37,0.0,0.0,0.17,0.04,1.58,71012.43,0.0,0.0
Malta,MLT,Europe,Southern Europe,High income,2017,467902.0,14.7,31516.0,1.54,3.28,0.0,0.98,0.55,0.0,0.18,0.04,1.74,78640.64,0.0,0.0
Malta,MLT,Europe,Southern Europe,High income,2018,484560.0,15.7,32317.0,1.55,3.19,0.0,0.87,0.68,0.0,0.17,0.04,1.75,79115.16,0.0,0.0
Malta,MLT,Europe,Southern Europe,High income,2019,504017.0,16.8,33248.0,1.65,3.27,0.0,0.94,0.71,0.0,0.17,0.04,1.84,79261.16,0.0,0.0
Malta,MLT,Europe,Southern Europe,Upper-middle,2020,518212.0,15.3,29552.0,1.6,3.09,0.0,0.86,0.74,0.0,0.17,0.04,1.79,71572.87,0.0,0.0
Malta,MLT,Europe,Southern Europe,High income,2021,524383.0,17.1,32652.0,1.61,3.07,0.0,0.87,0.74,0.0,0.17,0.04,1.8,67572.73,0.0,0.0
Malta,MLT,Europe,Southern Europe,High income,2022,528194.0,18.3,34637.0,1.77,3.36,0.0,1.03,0.75,0.0,0.17,0.04,1.96,71854.42,0.0,0.0
Marshall Islands,MHL,Oceania,Micronesia,Unknown,2013,50696.0,,,0.14,2.75,0.0,0.14,0.0,0.0,0.0,0.0,0.0,,0.0,0.0
Marshall Islands,MHL,Oceania,Micronesia,Unknown,2014,49815.0,,,0.14,2.8,0.0,0.14,0.0,0.0,0.0,0.0,0.0,,0.0,0.0
Marshall Islands,MHL,Oceania,Micronesia,Unknown,2015,48823.0,,,0.14,2.93,0.0,0.14,0.0,0.0,0.0,0.0,0.0,,0.0,0.0
Marshall Islands,MHL,Oceania,Micronesia,Unknown,2016,47730.0,,,0.14,2.99,0.0,0.14,0.0,0.0,0.0,0.0,0.0,,0.0,0.0
Marshall Islands,MHL,Oceania,Micronesia,Unknown,2017,46544.0,,,0.15,3.15,0.0,0.15,0.0,0.0,0.0,0.0,0.0,,0.0,0.0
Marshall Islands,MHL,Oceania,Micronesia,Unknown,2018,45307.0,,,0.15,3.24,0.0,0.15,0.0,0.0,0.0,0.0,0.0,,0.0,0.0
Marshall Islands,MHL,Oceania,Micronesia,Unknown,2019,44030.0,,,0.15,3.33,0.0,0.15,0.0,0.0,0.0,0.0,0.0,,0.0,0.0
Marshall Islands,MHL,Oceania,Micronesia,Unknown,2020,42728.0,,,0.15,3.43,0.0,0.15,0.0,0.0,0.0,0.0,0.0,,0.0,0.0
Marshall Islands,MHL,Oceania,Micronesia,Unknown,2021,41387.0,,,0.15,3.54,0.0,0.15,0.0,0.0,0.0,0.0,0.0,,0.0,0.0
Marshall Islands,MHL,Oceania,Micronesia,Unknown,2022,40094.0,,,0.15,3.7,0.0,0.15,0.0,0.0,0.0,0.0,0.0,,0.0,0.0
Mauritania,MRT,Africa,Western Africa,Lower-middle,2013,3734324.0,11.4,3056.0,2.17,0.58,0.0,2.06,0.0,0.0,7.86,2.83,13.66,2473.53,0.01,-0.0
Mauritania,MRT,Africa,Western Africa,Lower-middle,2014,3848511.0,12.2,3161.0,2.56,0.67,0.0,2.5,0.0,0.0,8.13,2.8,14.41,2886.79,0.01,-0.0
Mauritania,MRT,Africa,Western Africa,Lower-middle,2015,3965959.0,12.3,3105.0,3.0,0.76,0.0,2.92,0.0,0.0,8.24,2.96,15.07,2800.82,0.01,-0.0
Mauritania,MRT,Africa,Western Africa,Lower-middle,2016,4086655.0,12.4,3038.0,2.62,0.64,0.0,2.53,0.0,0.0,8.3,2.97,14.99,2542.4,0.01,-0.0
Mauritania,MRT,Africa,Western Africa,Lower-middle,2017,4210603.0,13.1,3120.0,3.58,0.85,0.0,3.51,0.0,0.0,8.37,2.96,16.74,3739.25,0.01,-0.0
Mauritania,MRT,Africa,Western Africa,Lower-middle,2018,4337685.0,13.7,3158.0,4.44,1.02,0.0,4.44,0.0,0.0,8.41,2.95,17.19,3996.47,0.01,-0.0
Mauritania,MRT,Africa,Western Africa,Lower-middle,2019,4467714.0,14.4,3229.0,4.61,1.03,0.0,4.61,0.0,0.0,8.79,3.11,17.08,4034.87,0.01,-0.0
Mauritania,MRT,Africa,Western Africa,Lower-middle,2020,4600136.0,14.3,3106.0,4.78,1.04,0.0,4.78,0.0,0.0,8.83,3.14,17.24,4025.45,0.01,-0.0
Mauritania,MRT,Africa,Western Africa,Lower-middle,2021,4734874.0,14.6,3092.0,4.5,0.95,0.0,4.5,0.0,0.0,8.9,3.16,17.05,3711.98,0.01,-0.0
Mauritania,MRT,Africa,Western Africa,Lower-middle,2022,4875644.0,15.7,3215.0,5.27,1.08,0.0,5.27,0.0,0.0,8.89,3.15,17.96,4159.3,0.01,-0.0
Mauritius,MUS,Africa,Eastern Africa,Upper-middle,2013,1290988.0,22.7,17559.0,4.07,3.15,1.67,2.4,0.0,0.0,0.56,0.19,5.47,16960.32,0.01,0.0
Mauritius,MUS,Africa,Eastern Africa,Upper-middle,2014,1292006.0,23.5,18217.0,4.21,3.26,1.74,2.47,0.0,0.0,0.56,0.21,5.24,17446.72,0.01,0.0
Mauritius,MUS,Africa,Eastern Africa,Upper-middle,2015,1292283.0,24.4,18885.0,4.21,3.26,1.68,2.52,0.0,0.0,0.56,0.2,5.15,18059.0,0.01,0.0
Mauritius,MUS,Africa,Eastern Africa,Upper-middle,2016,1291807.0,25.3,19622.0,4.34,3.36,1.72,2.63,0.0,0.0,0.57,0.21,5.23,18795.4,0.01,0.0
Mauritius,MUS,Africa,Eastern Africa,Upper-middle,2017,1290654.0,26.3,20413.0,4.54,3.52,1.79,2.75,0.0,0.0,0.56,0.21,5.39,20664.51,0.01,0.0
Mauritius,MUS,Africa,Eastern Africa,Upper-middle,2018,1288836.0,27.4,21260.0,4.46,3.46,1.7,2.76,0.0,0.0,0.56,0.2,5.28,19499.12,0.01,0.0
Mauritius,MUS,Africa,Eastern Africa,Upper-middle,2019,1286269.0,28.2,21919.0,4.53,3.52,1.56,2.96,0.0,0.0,0.57,0.21,5.29,20152.34,0.01,0.0
Mauritius,MUS,Africa,Eastern Africa,Upper-middle,2020,1283231.0,24.1,18763.0,3.8,2.96,1.55,2.25,0.0,0.0,0.57,0.18,4.59,17047.53,0.01,0.0
Mauritius,MUS,Africa,Eastern Africa,Upper-middle,2021,1279628.0,24.9,19475.0,3.97,3.1,1.73,2.24,0.0,0.0,0.57,0.19,4.76,16870.01,0.01,0.0
Mauritius,MUS,Africa,Eastern Africa,Upper-middle,2022,1276134.0,27.0,21149.0,4.32,3.38,1.36,2.96,0.0,0.0,0.57,0.19,5.1,16850.51,0.01,0.0
Mexico,MEX,America,Central America,Upper-middle,2013,118343572.0,1803.1,15236.0,495.41,4.19,49.98,277.69,142.28,17.37,138.82,41.3,707.33,18952.08,1.4,0.01
Mexico,MEX,America,Central America,Upper-middle,2014,119784265.0,1854.6,15482.0,484.04,4.04,48.94,269.27,138.5,18.19,139.13,40.86,695.66,18621.59,1.36,0.01
Mexico,MEX,America,Central America,Upper-middle,2015,121072310.0,1916.0,15825.0,479.43,3.96,44.11,258.87,147.98,19.07,140.26,39.59,684.18,18215.73,1.35,0.01
Mexico,MEX,America,Central America,Upper-middle,2016,122251344.0,1961.9,16048.0,478.83,3.92,47.62,251.59,151.46,19.64,141.78,42.31,652.94,18618.85,1.35,0.01
Mexico,MEX,America,Central America,Upper-middle,2017,123400052.0,2007.7,16270.0,464.41,3.76,48.53,245.84,143.25,19.66,142.68,42.66,644.26,18879.3,1.29,0.01
Mexico,MEX,America,Central America,Upper-middle,2018,124573713.0,2051.5,16468.0,468.42,3.76,47.32,228.85,165.52,19.38,143.37,41.87,640.32,18337.24,1.27,0.01
Mexico,MEX,America,Central America,Upper-middle,2019,125762978.0,2047.7,16282.0,468.24,3.72,45.27,238.02,157.1,19.41,144.5,42.11,698.52,17971.64,1.26,0.01
Mexico,MEX,America,Central America,Upper-middle,2020,126799053.0,1880.2,14828.0,428.94,3.38,33.7,204.1,160.95,19.34,146.36,41.73,635.45,16329.47,1.22,0.01
Mexico,MEX,America,Central America,Upper-middle,2021,127648151.0,1973.1,15458.0,446.84,3.5,29.22,219.98,165.84,19.56,146.59,41.22,630.71,17223.48,1.21,0.01
Mexico,MEX,America,Central America,Upper-middle,2022,128613116.0,2033.4,15810.0,453.8,3.53,34.75,229.84,159.76,18.79,148.5,40.04,631.02,17858.7,1.21,0.01
Micronesia (country),FSM,Oceania,Micronesia,Unknown,2013,108133.0,,,0.14,1.25,0.0,0.14,0.0,0.0,0.05,0.02,0.19,5951.23,0.0,0.0
Micronesia (country),FSM,Oceania,Micronesia,Unknown,2014,108407.0,,,0.14,1.28,0.0,0.14,0.0,0.0,0.06,0.02,0.19,6217.4,0.0,0.0
Micronesia (country),FSM,Oceania,Micronesia,Unknown,2015,108727.0,,,0.14,1.31,0.0,0.14,0.0,0.0,0.06,0.02,0.2,6516.5,0.0,0.0
Micronesia (country),FSM,Oceania,Micronesia,Unknown,2016,109088.0,,,0.14,1.31,0.0,0.14,0.0,0.0,0.06,0.02,0.2,6870.51,0.0,0.0
Micronesia (country),FSM,Oceania,Micronesia,Unknown,2017,109495.0,,,0.14,1.3,0.0,0.14,0.0,0.0,0.06,0.02,0.2,6916.53,0.0,0.0
Micronesia (country),FSM,Oceania,Micronesia,Unknown,2018,109925.0,,,0.14,1.3,0.0,0.14,0.0,0.0,0.06,0.02,0.2,6183.75,0.0,0.0
Micronesia (country),FSM,Oceania,Micronesia,Unknown,2019,110293.0,,,0.14,1.3,0.0,0.14,0.0,0.0,0.06,0.02,0.2,6184.94,0.0,0.0
Micronesia (country),FSM,Oceania,Micronesia,Unknown,2020,110930.0,,,0.14,1.29,0.0,0.14,0.0,0.0,0.06,0.02,0.2,6090.19,0.0,0.0
Micronesia (country),FSM,Oceania,Micronesia,Unknown,2021,111635.0,,,0.14,1.28,0.0,0.14,0.0,0.0,0.06,0.02,0.2,5979.87,0.0,0.0
Micronesia (country),FSM,Oceania,Micronesia,Unknown,2022,112122.0,,,0.14,1.29,0.0,0.14,0.0,0.0,0.06,0.02,0.2,6059.89,0.0,0.0
Moldova,MDA,Europe,Eastern Europe,Lower-middle,2013,3408741.0,19.7,5770.0,4.9,1.44,0.55,2.15,1.72,0.48,2.08,0.91,5.69,12900.74,0.01,0.0
Moldova,MDA,Europe,Eastern Europe,Lower-middle,2014,3342715.0,20.7,6179.0,4.76,1.42,0.36,2.18,1.75,0.46,2.1,0.96,5.78,12572.96,0.01,0.0
Moldova,MDA,Europe,Eastern Europe,Lower-middle,2015,3287168.0,20.6,6262.0,4.78,1.46,0.37,2.29,1.68,0.44,2.07,0.9,5.77,11441.15,0.01,0.0
Moldova,MDA,Europe,Eastern Europe,Lower-middle,2016,3237798.0,21.5,6637.0,4.91,1.52,0.28,2.46,1.73,0.43,2.07,1.01,6.14,11629.28,0.01,0.0
Moldova,MDA,Europe,Eastern Europe,Lower-middle,2017,3193500.0,22.4,7012.0,5.09,1.59,0.4,2.55,1.73,0.41,2.13,1.05,5.83,11930.71,0.01,0.0
Moldova,MDA,Europe,Eastern Europe,Lower-middle,2018,3153779.0,23.3,7392.0,5.35,1.7,0.29,2.67,1.88,0.52,2.08,1.15,6.6,12904.73,0.02,0.0
Moldova,MDA,Europe,Eastern Europe,Lower-middle,2019,3112561.0,24.2,7759.0,5.38,1.73,0.37,2.75,1.73,0.53,1.98,1.06,6.5,13260.26,0.02,0.0
Moldova,MDA,Europe,Eastern Europe,Lower-middle,2020,3069135.0,22.1,7216.0,5.11,1.67,0.29,2.59,1.77,0.47,1.98,0.97,6.55,13000.61,0.02,0.0
Moldova,MDA,Europe,Eastern Europe,Lower-middle,2021,3023780.0,25.2,8345.0,5.76,1.9,0.34,2.89,2.02,0.51,2.0,1.13,7.49,14503.4,0.02,0.0
Moldova,MDA,Europe,Eastern Europe,Lower-middle,2022,3039986.0,23.8,7838.0,5.17,1.7,0.24,3.09,1.44,0.41,2.02,0.96,6.56,12621.71,0.01,0.0
Monaco,MCO,Europe,Western Europe,Unknown,2013,35476.0,,,0.0,0.0,0.0,0.0,0.0,0.0,0.0,0.0,0.0,,0.0,0.0
Monaco,MCO,Europe,Western Europe,Unknown,2014,36155.0,,,0.0,0.0,0.0,0.0,0.0,0.0,0.0,0.0,0.0,,0.0,0.0
Monaco,MCO,Europe,Western Europe,Unknown,2015,36785.0,,,0.0,0.0,0.0,0.0,0.0,0.0,0.0,0.0,0.0,,0.0,0.0
Monaco,MCO,Europe,Western Europe,Unknown,2016,37301.0,,,0.0,0.0,0.0,0.0,0.0,0.0,0.0,0.0,0.0,,0.0,0.0
Monaco,MCO,Europe,Western Europe,Unknown,2017,37700.0,,,0.0,0.0,0.0,0.0,0.0,0.0,0.0,0.0,0.0,,0.0,0.0
Monaco,MCO,Europe,Western Europe,Unknown,2018,38179.0,,,0.0,0.0,0.0,0.0,0.0,0.0,0.0,0.0,0.0,,0.0,0.0
Monaco,MCO,Europe,Western Europe,Unknown,2019,38131.0,,,0.0,0.0,0.0,0.0,0.0,0.0,0.0,0.0,0.0,,0.0,0.0
Monaco,MCO,Europe,Western Europe,Unknown,2020,38074.0,,,0.0,0.0,0.0,0.0,0.0,0.0,0.0,0.0,0.0,,0.0,0.0
Monaco,MCO,Europe,Western Europe,Unknown,2021,38548.0,,,0.0,0.0,0.0,0.0,0.0,0.0,0.0,0.0,0.0,,0.0,0.0
Monaco,MCO,Europe,Western Europe,Unknown,2022,38950.0,,,0.0,0.0,0.0,0.0,0.0,0.0,0.0,0.0,0.0,,0.0,0.0
Mongolia,MNG,Asia,Eastern Asia,Lower-middle,2013,2851887.0,33.6,11788.0,43.48,15.24,39.79,3.58,0.0,0.1,23.56,10.94,77.1,16651.84,0.12,0.0
Mongolia,MNG,Asia,Eastern Asia,Upper-middle,2014,2913041.0,36.3,12451.0,29.63,10.17,26.01,3.41,0.0,0.18,25.79,11.86,66.2,16812.26,0.08,0.0
Mongolia,MNG,Asia,Eastern Asia,Upper-middle,2015,2976528.0,37.1,12467.0,23.28,7.82,19.69,3.37,0.0,0.18,25.04,12.54,59.68,15730.63,0.07,0.0
Mongolia,MNG,Asia,Eastern Asia,Upper-middle,2016,3040815.0,37.3,12274.0,25.63,8.43,22.53,2.89,0.0,0.19,31.07,12.97,68.57,15564.2,0.07,0.0
Mongolia,MNG,Asia,Eastern Asia,Upper-middle,2017,3104371.0,39.1,12580.0,34.14,11.0,30.07,3.76,0.0,0.3,35.46,13.5,81.78,16759.92,0.1,0.0
Mongolia,MNG,Asia,Eastern Asia,Upper-middle,2018,3167714.0,41.6,13147.0,45.32,14.31,40.94,3.96,0.0,0.41,36.6,13.48,90.73,17967.14,0.12,0.0
Mongolia,MNG,Asia,Eastern Asia,Upper-middle,2019,3232118.0,44.0,13607.0,47.12,14.58,41.64,4.99,0.0,0.49,38.86,13.93,96.92,19338.59,0.13,0.0
Mongolia,MNG,Asia,Eastern Asia,Upper-middle,2020,3290786.0,42.0,12755.0,42.48,12.91,36.99,4.96,0.0,0.52,35.7,13.43,88.09,18992.55,0.12,0.0
Mongolia,MNG,Asia,Eastern Asia,Upper-middle,2021,3339676.0,42.7,12774.0,35.97,10.77,30.59,4.8,0.0,0.57,34.9,13.68,81.53,18217.95,0.1,0.0
Mongolia,MNG,Asia,Eastern Asia,Upper-middle,2022,3386015.0,44.8,13234.0,40.44,11.94,34.69,5.15,0.0,0.6,33.19,14.35,84.56,15611.41,0.11,0.0
Montenegro,MNE,Europe,Southern Europe,Upper-middle,2013,633199.0,10.0,15770.0,2.15,3.4,1.45,0.7,0.0,0.0,0.66,0.18,0.67,15910.19,0.01,0.0
Montenegro,MNE,Europe,Southern Europe,Upper-middle,2014,631377.0,10.2,16164.0,2.11,3.34,1.42,0.69,0.0,0.0,0.66,0.17,0.49,15636.25,0.01,0.0
Montenegro,MNE,Europe,Southern Europe,Upper-middle,2015,628145.0,10.7,17018.0,2.24,3.56,1.5,0.74,0.0,0.0,0.7,0.18,0.81,17168.65,0.01,0.0
Montenegro,MNE,Europe,Southern Europe,Upper-middle,2016,624246.0,11.0,17603.0,2.02,3.23,1.18,0.83,0.0,0.0,0.7,0.19,0.5,16356.96,0.01,0.0
Montenegro,MNE,Europe,Southern Europe,Upper-middle,2017,620112.0,11.5,18525.0,2.1,3.39,1.2,0.9,0.0,0.0,0.71,0.19,0.53,17004.28,0.01,0.0
Montenegro,MNE,Europe,Southern Europe,Upper-middle,2018,615798.0,12.0,19568.0,2.4,3.9,1.42,0.98,0.0,0.0,0.7,0.18,1.84,18089.06,0.01,0.0
Montenegro,MNE,Europe,Southern Europe,Upper-middle,2019,611671.0,12.5,20500.0,2.48,4.05,1.46,1.02,0.0,0.0,0.7,0.18,1.82,18501.8,0.01,0.0
Montenegro,MNE,Europe,Southern Europe,Upper-middle,2020,607934.0,10.6,17469.0,2.4,3.95,1.51,0.89,0.0,0.0,0.67,0.17,1.77,16963.93,0.01,0.0
Montenegro,MNE,Europe,Southern Europe,Upper-middle,2021,603854.0,12.0,19881.0,2.41,3.99,1.33,1.08,0.0,0.0,0.64,0.17,1.55,18418.84,0.01,0.0
Montenegro,MNE,Europe,Southern Europe,Upper-middle,2022,614649.0,12.8,20783.0,2.5,4.06,1.41,1.09,0.0,0.0,0.63,0.17,1.47,18458.86,0.01,0.0
Montserrat,MSR,America,Caribbean,Unknown,2013,4774.0,,,0.05,10.74,0.0,0.05,0.0,0.0,0.0,0.0,0.0,47845.59,0.0,0.0
Montserrat,MSR,America,Caribbean,Unknown,2014,4738.0,,,0.04,9.28,0.0,0.04,0.0,0.0,0.0,0.0,0.0,45017.27,0.0,0.0
Montserrat,MSR,America,Caribbean,Unknown,2015,4693.0,,,0.05,10.93,0.0,0.05,0.0,0.0,0.0,0.0,0.0,51149.11,0.0,0.0
Montserrat,MSR,America,Caribbean,Unknown,2016,4665.0,,,0.03,6.28,0.0,0.03,0.0,0.0,0.0,0.0,0.0,29353.95,0.0,0.0
Montserrat,MSR,America,Caribbean,Unknown,2017,4624.0,,,0.03,5.55,0.0,0.03,0.0,0.0,0.0,0.0,0.0,26601.78,0.0,0.0
Montserrat,MSR,America,Caribbean,Unknown,2018,4595.0,,,0.03,6.38,0.0,0.03,0.0,0.0,0.0,0.0,0.0,27406.45,0.0,0.0
Montserrat,MSR,America,Caribbean,Unknown,2019,4564.0,,,0.03,5.62,0.0,0.03,0.0,0.0,0.0,0.0,0.0,23059.76,0.0,0.0
Montserrat,MSR,America,Caribbean,Unknown,2020,4532.0,,,0.02,4.85,0.0,0.02,0.0,0.0,0.0,0.0,0.0,22780.91,0.0,0.0
Montserrat,MSR,America,Caribbean,Unknown,2021,4505.0,,,0.02,4.88,0.0,0.02,0.0,0.0,0.0,0.0,0.0,23226.73,0.0,0.0
Montserrat,MSR,America,Caribbean,Unknown,2022,4476.0,,,0.03,5.73,0.0,0.03,0.0,0.0,0.0,0.0,0.0,26739.41,0.0,0.0
Morocco,MAR,Africa,Northern Africa,Lower-middle,2013,33787573.0,256.4,7588.0,56.61,1.68,11.21,36.97,2.35,6.07,25.18,8.35,88.73,6333.07,0.16,0.0
Morocco,MAR,Africa,Northern Africa,Lower-middle,2014,34204784.0,263.3,7696.0,57.18,1.67,15.3,34.46,2.25,5.17,25.59,8.29,88.31,6344.88,0.16,0.0
Morocco,MAR,Africa,Northern Africa,Lower-middle,2015,34607590.0,274.7,7937.0,58.5,1.69,16.85,34.08,2.32,5.25,26.13,8.69,110.01,6381.8,0.16,0.0
Morocco,MAR,Africa,Northern Africa,Lower-middle,2016,35023459.0,276.1,7884.0,58.46,1.67,16.24,34.65,2.36,5.2,26.57,7.56,105.94,6376.42,0.16,0.0
Morocco,MAR,Africa,Northern Africa,Lower-middle,2017,35446395.0,290.1,8184.0,61.1,1.72,16.88,36.83,2.35,5.06,27.12,8.89,99.03,6595.9,0.17,0.0
Morocco,MAR,Africa,Northern Africa,Lower-middle,2018,35839760.0,299.0,8342.0,62.32,1.74,19.52,35.79,2.11,4.89,27.72,8.82,89.47,6747.09,0.17,0.0
Morocco,MAR,Africa,Northern Africa,Lower-middle,2019,36210907.0,307.6,8495.0,68.74,1.9,25.26,36.48,2.0,5.0,28.32,8.56,113.19,7286.23,0.18,0.0
Morocco,MAR,Africa,Northern Africa,Lower-middle,2020,36584208.0,285.5,7804.0,64.54,1.76,25.36,33.15,1.56,4.48,28.68,8.5,103.54,6625.93,0.18,0.0
Morocco,MAR,Africa,Northern Africa,Lower-middle,2021,36954443.0,308.2,8339.0,70.28,1.9,26.59,36.99,1.56,5.14,29.26,9.12,107.68,7275.98,0.19,0.0
Morocco,MAR,Africa,Northern Africa,Lower-middle,2022,37329068.0,311.7,8349.0,69.78,1.87,26.94,37.81,0.44,4.59,29.44,8.53,103.26,7146.28,0.19,0.0
Mozambique,MOZ,Africa,Eastern Africa,Low income,2013,25051613.0,22.9,912.0,3.58,0.14,0.04,2.68,0.36,0.51,20.53,11.42,76.56,1768.1,0.01,0.0
Mozambique,MOZ,Africa,Eastern Africa,Low income,2014,25788473.0,24.5,952.0,8.12,0.32,0.82,5.36,1.33,0.59,21.03,11.33,82.29,1905.26,0.02,0.0
Mozambique,MOZ,Africa,Eastern Africa,Low income,2015,26547576.0,26.2,987.0,6.73,0.25,0.43,3.93,1.74,0.61,20.46,10.81,70.35,1990.91,0.02,0.0
Mozambique,MOZ,Africa,Eastern Africa,Low income,2016,27337107.0,27.2,995.0,8.55,0.31,0.05,6.01,1.54,0.95,19.76,10.32,64.79,2136.81,0.02,0.0
Mozambique,MOZ,Africa,Eastern Africa,Low income,2017,28166397.0,28.2,1002.0,6.9,0.24,0.03,4.34,1.61,0.91,22.33,9.88,63.16,2194.46,0.02,0.0
Mozambique,MOZ,Africa,Eastern Africa,Low income,2018,29018647.0,29.2,1006.0,7.01,0.24,0.06,4.39,1.62,0.93,25.88,11.2,60.68,1625.51,0.02,0.0
Mozambique,MOZ,Africa,Eastern Africa,Low income,2019,29884378.0,29.9,999.0,7.1,0.24,0.04,4.28,1.73,1.05,22.87,10.82,53.61,1650.03,0.02,0.0
Mozambique,MOZ,Africa,Eastern Africa,Low income,2020,30783685.0,29.5,958.0,6.34,0.21,0.08,3.56,1.66,1.05,21.21,10.56,48.45,1478.3,0.02,0.0
Mozambique,MOZ,Africa,Eastern Africa,Low income,2021,31707798.0,30.2,952.0,7.72,0.24,0.03,4.85,1.8,1.05,23.23,10.77,52.08,1655.61,0.02,0.0
Mozambique,MOZ,Africa,Eastern Africa,Low income,2022,32656242.0,31.4,963.0,9.3,0.28,0.03,5.21,2.14,1.08,25.72,12.43,61.35,1721.49,0.02,0.0
Myanmar,MMR,Asia,South-eastern Asia,Lower-middle,2013,50262658.0,226.8,4512.0,12.72,0.25,1.14,6.78,4.2,0.43,69.49,17.12,225.07,1748.04,0.04,0.01
Myanmar,MMR,Asia,South-eastern Asia,Lower-middle,2014,50681635.0,245.4,4841.0,15.85,0.31,1.16,9.23,4.83,0.5,70.67,18.27,224.38,2079.96,0.04,0.01
Myanmar,MMR,Asia,South-eastern Asia,Lower-middle,2015,51089060.0,263.7,5161.0,21.88,0.43,0.92,9.62,10.85,0.38,72.28,18.32,232.81,1894.97,0.06,0.01
Myanmar,MMR,Asia,South-eastern Asia,Lower-middle,2016,51495701.0,280.6,5449.0,21.14,0.41,1.12,10.9,8.08,0.96,73.47,18.67,235.98,2201.67,0.06,0.01
Myanmar,MMR,Asia,South-eastern Asia,Lower-middle,2017,51894939.0,296.7,5718.0,23.63,0.46,1.55,11.46,8.46,2.09,76.12,20.67,238.19,2868.16,0.07,0.01
Myanmar,MMR,Asia,South-eastern Asia,Lower-middle,2018,52272250.0,315.7,6040.0,34.02,0.65,3.25,20.89,8.12,1.72,58.39,13.81,206.1,2971.11,0.09,0.01
Myanmar,MMR,Asia,South-eastern Asia,Lower-middle,2019,52640718.0,337.0,6403.0,33.62,0.64,3.93,19.72,7.98,1.95,58.05,14.54,196.53,2882.87,0.09,0.01
Myanmar,MMR,Asia,South-eastern Asia,Lower-middle,2020,53016525.0,347.8,6560.0,34.59,0.65,4.33,19.23,8.7,2.29,58.28,15.73,198.82,2963.5,0.1,0.01
Myanmar,MMR,Asia,South-eastern Asia,Lower-middle,2021,53387103.0,285.4,5346.0,29.28,0.55,2.88,14.76,9.05,2.56,59.54,14.88,192.78,2759.18,0.08,0.01
Myanmar,MMR,Asia,South-eastern Asia,Lower-middle,2022,53756791.0,291.0,5414.0,31.64,0.59,2.92,16.58,9.02,3.09,58.69,13.11,192.11,2493.02,0.08,0.01
Namibia,NAM,Africa,Southern Africa,Lower-middle,2013,2252505.0,20.3,9019.0,3.0,1.33,0.13,2.6,0.0,0.27,5.48,3.39,15.74,8094.94,0.01,0.0
Namibia,NAM,Africa,Southern Africa,Lower-middle,2014,2312143.0,21.6,9322.0,3.1,1.34,0.06,2.73,0.0,0.3,5.08,2.88,15.16,8291.81,0.01,0.0
Namibia,NAM,Africa,Southern Africa,Lower-middle,2015,2374305.0,22.5,9465.0,3.39,1.43,0.08,2.98,0.0,0.33,5.03,2.86,15.39,8520.55,0.01,0.0
Namibia,NAM,Africa,Southern Africa,Lower-middle,2016,2439219.0,22.5,9216.0,3.58,1.47,0.13,3.19,0.0,0.26,5.38,3.08,16.15,8412.1,0.01,0.0
Namibia,NAM,Africa,Southern Africa,Lower-middle,2017,2506854.0,22.2,8876.0,3.59,1.43,0.15,3.03,0.0,0.41,5.38,3.14,16.29,8261.7,0.01,0.0
Namibia,NAM,Africa,Southern Africa,Lower-middle,2018,2577327.0,22.5,8724.0,3.64,1.41,0.1,3.05,0.0,0.48,4.87,2.76,15.51,8095.82,0.01,0.0
Namibia,NAM,Africa,Southern Africa,Lower-middle,2019,2650499.0,22.3,8412.0,3.73,1.41,0.13,3.08,0.0,0.52,4.45,2.19,14.91,7681.07,0.01,0.0
Namibia,NAM,Africa,Southern Africa,Lower-middle,2020,2728760.0,20.5,7515.0,3.44,1.26,0.15,2.83,0.0,0.47,6.03,3.61,17.91,6990.98,0.01,0.0
Namibia,NAM,Africa,Southern Africa,Lower-middle,2021,2810552.0,21.0,7490.0,3.61,1.28,0.12,2.98,0.0,0.5,6.6,3.94,19.18,6798.69,0.01,0.0
Namibia,NAM,Africa,Southern Africa,Lower-middle,2022,2889668.0,21.9,7564.0,3.41,1.18,0.03,2.92,0.0,0.47,5.61,2.92,17.36,6222.07,0.01,0.0
Nauru,NRU,Oceania,Polynesia,Unknown,2013,10539.0,,,0.05,4.52,0.0,0.05,0.0,0.0,0.0,0.0,0.05,27437.01,0.0,0.0
Nauru,NRU,Oceania,Polynesia,Unknown,2014,10766.0,,,0.05,4.76,0.0,0.05,0.0,0.0,0.0,0.0,0.05,29001.47,0.0,0.0
Nauru,NRU,Oceania,Polynesia,Unknown,2015,10975.0,,,0.06,5.01,0.0,0.06,0.0,0.0,0.0,0.0,0.06,30294.22,0.0,0.0
Nauru,NRU,Oceania,Polynesia,Unknown,2016,11173.0,,,0.05,4.59,0.0,0.05,0.0,0.0,0.0,0.0,0.05,32657.59,0.0,0.0
Nauru,NRU,Oceania,Polynesia,Unknown,2017,11351.0,,,0.06,4.84,0.0,0.06,0.0,0.0,0.0,0.0,0.06,25127.23,0.0,0.0
Nauru,NRU,Oceania,Polynesia,Unknown,2018,11499.0,,,0.06,4.78,0.0,0.06,0.0,0.0,0.0,0.0,0.06,28063.16,0.0,0.0
Nauru,NRU,Oceania,Polynesia,Unknown,2019,11609.0,,,0.05,4.42,0.0,0.05,0.0,0.0,0.0,0.0,0.05,27454.72,0.0,0.0
Nauru,NRU,Oceania,Polynesia,Unknown,2020,11665.0,,,0.06,4.71,0.0,0.06,0.0,0.0,0.0,0.0,0.06,26711.46,0.0,0.0
Nauru,NRU,Oceania,Polynesia,Unknown,2021,11727.0,,,0.06,4.69,0.0,0.06,0.0,0.0,0.0,0.0,0.06,27542.61,0.0,0.0
Nauru,NRU,Oceania,Polynesia,Unknown,2022,11822.0,,,0.06,4.99,0.0,0.06,0.0,0.0,0.0,0.0,0.06,27801.13,0.0,0.0
Nepal,NPL,Asia,Southern Asia,Low income,2013,27589997.0,64.7,2343.0,6.22,0.22,1.04,4.03,0.0,1.14,26.43,5.98,47.88,785.82,0.02,0.0
Nepal,NPL,Asia,Southern Asia,Low income,2014,27672373.0,68.5,2477.0,7.59,0.27,1.84,4.57,0.0,1.18,26.24,6.13,48.66,848.15,0.02,0.0
Nepal,NPL,Asia,Southern Asia,Low income,2015,27823631.0,70.4,2530.0,6.9,0.25,2.2,3.21,0.0,1.49,26.1,6.09,48.98,757.94,0.02,0.0
Nepal,NPL,Asia,Southern Asia,Low income,2016,27955471.0,70.9,2538.0,10.09,0.36,2.62,5.24,0.0,2.23,26.93,6.56,53.48,1162.29,0.03,0.0
Nepal,NPL,Asia,Southern Asia,Low income,2017,28011258.0,77.3,2761.0,12.42,0.44,2.99,6.36,0.0,3.07,26.81,6.4,54.69,1333.34,0.04,0.0
Nepal,NPL,Asia,Southern Asia,Low income,2018,28079688.0,83.2,2964.0,14.04,0.5,3.69,6.91,0.0,3.44,27.22,6.76,55.27,1495.16,0.04,0.0
Nepal,NPL,Asia,Southern Asia,Lower-middle,2019,28414066.0,88.8,3124.0,12.75,0.45,3.91,5.08,0.0,3.76,27.35,6.84,54.24,1280.68,0.03,0.0
Nepal,NPL,Asia,Southern Asia,Low income,2020,28966580.0,86.7,2992.0,15.63,0.54,5.29,7.19,0.0,3.15,27.65,7.02,57.58,1574.52,0.04,0.0
Nepal,NPL,Asia,Southern Asia,Lower-middle,2021,29475016.0,90.9,3083.0,15.49,0.52,4.52,7.53,0.0,3.44,27.79,7.13,57.38,1633.55,0.04,0.0
Nepal,NPL,Asia,Southern Asia,Lower-middle,2022,29715435.0,96.0,3229.0,17.61,0.59,7.16,8.16,0.0,2.29,27.66,6.81,58.56,1820.38,0.05,0.0
Netherlands,NLD,Europe,Western Europe,High income,2013,16967066.0,736.0,43377.0,164.92,9.72,34.68,48.44,79.18,0.27,22.36,9.56,203.78,62644.01,0.47,0.0
Netherlands,NLD,Europe,Western Europe,High income,2014,17030085.0,746.5,43832.0,157.5,9.25,38.17,47.3,69.38,0.28,22.22,9.72,196.54,59678.54,0.44,0.0
Netherlands,NLD,Europe,Western Europe,High income,2015,17107429.0,761.1,44488.0,163.96,9.58,45.54,47.3,68.56,0.25,22.09,9.99,203.61,60001.3,0.46,0.0
Netherlands,NLD,Europe,Western Europe,High income,2016,17204693.0,777.8,45207.0,164.81,9.58,42.64,47.76,71.76,0.24,22.9,9.88,204.85,60683.61,0.47,0.0
Netherlands,NLD,Europe,Western Europe,High income,2017,17315376.0,800.4,46225.0,162.3,9.37,38.51,47.64,73.35,0.3,22.16,9.67,200.62,60761.14,0.45,0.01
Netherlands,NLD,Europe,Western Europe,High income,2018,17421285.0,819.3,47029.0,158.26,9.09,35.11,47.79,72.74,0.22,21.52,9.33,195.01,58901.46,0.43,0.01
Netherlands,NLD,Europe,Western Europe,High income,2019,17537505.0,835.3,47631.0,152.73,8.71,27.58,47.84,75.06,0.01,20.92,9.32,188.47,58248.69,0.41,0.01
Netherlands,NLD,Europe,Western Europe,High income,2020,17636732.0,802.9,45522.0,136.97,7.77,19.4,42.42,73.12,0.0,20.0,9.33,171.52,56095.61,0.39,0.01
Netherlands,NLD,Europe,Western Europe,High income,2021,17730565.0,841.9,47483.0,139.89,7.89,24.98,42.8,69.83,0.0,19.84,9.26,174.05,57247.26,0.38,0.01
Netherlands,NLD,Europe,Western Europe,High income,2022,17904421.0,879.6,49128.0,127.5,7.12,24.32,43.78,57.12,0.0,19.76,9.09,161.08,53288.39,0.34,0.01
New Caledonia,NCL,Oceania,Melanesia,Unknown,2013,276832.0,,,3.97,14.34,1.38,2.54,0.0,0.04,0.0,0.0,0.0,57012.3,0.01,0.0
New Caledonia,NCL,Oceania,Melanesia,Unknown,2014,281233.0,,,5.01,17.81,1.94,3.03,0.0,0.04,0.0,0.0,0.0,66096.52,0.01,0.0
New Caledonia,NCL,Oceania,Melanesia,Unknown,2015,283179.0,,,4.88,17.22,2.04,2.79,0.0,0.04,0.0,0.0,0.0,66969.8,0.01,0.0
New Caledonia,NCL,Oceania,Melanesia,Unknown,2016,283432.0,,,5.48,19.34,2.63,2.8,0.0,0.04,0.0,0.0,0.0,72312.38,0.02,0.0
New Caledonia,NCL,Oceania,Melanesia,Unknown,2017,283554.0,,,5.58,19.69,2.98,2.57,0.0,0.04,0.0,0.0,0.0,69077.99,0.02,0.0
New Caledonia,NCL,Oceania,Melanesia,Unknown,2018,283551.0,,,5.91,20.85,3.06,2.82,0.0,0.03,0.0,0.0,0.0,77017.23,0.02,0.0
New Caledonia,NCL,Oceania,Melanesia,Unknown,2019,283616.0,,,5.67,20.0,3.04,2.6,0.0,0.03,0.0,0.0,0.0,72879.4,0.02,0.0
New Caledonia,NCL,Oceania,Melanesia,Unknown,2020,284187.0,,,5.11,17.98,2.71,2.37,0.0,0.03,0.0,0.0,0.0,67648.06,0.02,0.0
New Caledonia,NCL,Oceania,Melanesia,Unknown,2021,285227.0,,,4.54,15.91,2.29,2.22,0.0,0.03,0.0,0.0,0.0,59830.67,0.01,0.0
New Caledonia,NCL,Oceania,Melanesia,Unknown,2022,287130.0,,,5.12,17.82,2.76,2.33,0.0,0.03,0.0,0.0,0.0,63128.05,0.01,0.0
New Zealand,NZL,Oceania,Australia and New Zealand,High income,2013,4453857.0,149.5,33569.0,35.22,7.91,6.03,18.42,8.36,0.59,37.33,13.9,91.84,53789.95,0.1,0.0
New Zealand,NZL,Oceania,Australia and New Zealand,High income,2014,4522976.0,154.4,34142.0,35.4,7.83,5.46,18.72,8.58,0.62,37.79,14.13,90.76,55422.56,0.1,0.0
New Zealand,NZL,Oceania,Australia and New Zealand,High income,2015,4614035.0,160.8,34846.0,35.8,7.76,5.49,19.25,8.31,0.62,36.8,13.96,89.1,54663.06,0.1,0.0
New Zealand,NZL,Oceania,Australia and New Zealand,High income,2016,4714768.0,167.4,35509.0,34.14,7.24,4.48,19.36,7.89,0.49,37.02,13.91,88.44,54230.54,0.1,0.0
New Zealand,NZL,Oceania,Australia and New Zealand,High income,2017,4812749.0,174.2,36193.0,35.66,7.41,4.69,20.23,8.52,0.44,36.86,13.96,91.0,53988.82,0.1,0.0
New Zealand,NZL,Oceania,Australia and New Zealand,High income,2018,4900840.0,181.4,37023.0,35.69,7.28,5.27,20.41,7.9,0.42,36.89,14.0,91.42,52734.94,0.1,0.0
New Zealand,NZL,Oceania,Australia and New Zealand,High income,2019,4989410.0,187.3,37534.0,36.71,7.36,5.62,20.78,8.24,0.41,36.33,13.94,91.23,52824.82,0.1,0.0
New Zealand,NZL,Oceania,Australia and New Zealand,High income,2020,5069895.0,185.0,36484.0,34.11,6.73,5.34,19.0,7.95,0.38,35.73,13.87,91.36,47200.77,0.1,0.0
New Zealand,NZL,Oceania,Australia and New Zealand,High income,2021,5107694.0,196.3,38435.0,34.6,6.77,6.19,19.73,6.97,0.37,35.7,13.72,89.26,46175.44,0.09,0.0
New Zealand,NZL,Oceania,Australia and New Zealand,High income,2022,5131731.0,200.6,39091.0,31.97,6.23,4.3,19.26,6.43,0.41,35.28,13.46,84.07,45347.2,0.08,0.0
Nicaragua,NIC,America,Central America,Lower-middle,2013,5983852.0,26.2,4380.0,4.59,0.77,0.0,4.35,0.0,0.23,9.52,2.8,37.15,3574.8,0.01,0.0
Nicaragua,NIC,America,Central America,Lower-middle,2014,6066493.0,27.4,4517.0,4.72,0.78,0.0,4.47,0.0,0.25,9.94,3.01,34.75,3700.04,0.01,0.0
Nicaragua,NIC,America,Central America,Lower-middle,2015,6149417.0,28.7,4675.0,5.41,0.88,0.0,5.14,0.0,0.26,10.29,3.1,40.27,4094.41,0.02,0.0
Nicaragua,NIC,America,Central America,Lower-middle,2016,6232664.0,29.9,4802.0,5.38,0.86,0.0,5.1,0.0,0.28,10.34,3.18,40.26,4045.38,0.02,0.0
Nicaragua,NIC,America,Central America,Lower-middle,2017,6316235.0,31.2,4936.0,5.44,0.86,0.0,5.16,0.0,0.28,10.24,3.22,40.93,3990.25,0.02,0.0
Nicaragua,NIC,America,Central America,Lower-middle,2018,6400074.0,30.0,4688.0,5.18,0.81,0.0,4.93,0.0,0.24,10.47,3.14,36.71,3713.18,0.01,0.0
Nicaragua,NIC,America,Central America,Lower-middle,2019,6483660.0,29.1,4493.0,5.21,0.8,0.0,5.0,0.0,0.21,10.69,3.22,36.24,3813.52,0.01,0.0
Nicaragua,NIC,America,Central America,Lower-middle,2020,6565267.0,28.6,4359.0,4.64,0.71,0.0,4.46,0.0,0.18,11.02,3.4,34.29,3477.78,0.01,0.0
Nicaragua,NIC,America,Central America,Lower-middle,2021,6644745.0,31.6,4753.0,5.13,0.77,0.0,4.95,0.0,0.18,11.14,3.35,34.8,3787.7,0.01,0.0
Nicaragua,NIC,America,Central America,Lower-middle,2022,6730662.0,32.8,4868.0,5.13,0.76,0.0,4.94,0.0,0.19,11.29,3.33,36.7,3820.0,0.01,0.0
Niger,NER,Africa,Western Africa,Low income,2013,18519899.0,15.1,817.0,2.08,0.11,0.34,1.54,0.0,0.02,18.64,8.55,49.57,557.46,0.01,0.0
Niger,NER,Africa,Western Africa,Low income,2014,19215917.0,16.1,840.0,2.26,0.12,0.39,1.68,0.0,0.02,19.5,9.02,53.6,509.83,0.01,0.0
Niger,NER,Africa,Western Africa,Low income,2015,19939496.0,16.8,845.0,2.2,0.11,0.33,1.76,0.0,0.02,20.26,9.35,59.58,518.87,0.01,0.0
Niger,NER,Africa,Western Africa,Low income,2016,20685758.0,17.8,861.0,2.14,0.1,0.36,1.68,0.0,0.02,21.26,9.87,60.56,466.94,0.01,0.0
Niger,NER,Africa,Western Africa,Low income,2017,21435449.0,18.7,872.0,2.24,0.1,0.34,1.81,0.0,0.02,22.24,10.31,56.18,438.04,0.01,0.0
Niger,NER,Africa,Western Africa,Low income,2018,22188074.0,20.0,902.0,1.8,0.08,0.33,1.38,0.0,0.03,23.29,10.84,51.62,381.83,0.0,0.0
Niger,NER,Africa,Western Africa,Low income,2019,22947765.0,21.2,925.0,2.51,0.11,0.33,2.03,0.07,0.03,24.37,11.29,49.62,535.5,0.01,0.0
Niger,NER,Africa,Western Africa,Low income,2020,23717615.0,22.0,927.0,3.04,0.13,0.36,2.5,0.08,0.03,25.58,11.84,49.73,522.74,0.01,0.0
Niger,NER,Africa,Western Africa,Low income,2021,24502145.0,22.3,910.0,2.59,0.11,0.15,2.19,0.12,0.04,26.81,12.35,48.75,459.2,0.01,0.0
Niger,NER,Africa,Western Africa,Low income,2022,25311978.0,24.8,979.0,3.2,0.13,0.32,2.68,0.1,0.04,27.95,12.98,50.74,534.42,0.01,0.0
Nigeria,NGA,Africa,Western Africa,Lower-middle,2013,181049440.0,957.4,5288.0,117.4,0.65,1.13,62.25,28.63,7.83,228.36,35.27,360.02,2503.92,0.33,0.01
Nigeria,NGA,Africa,Western Africa,Lower-middle,2014,185896917.0,1017.8,5475.0,123.97,0.67,1.13,66.6,32.68,7.74,231.69,35.75,372.52,2658.42,0.35,0.01
Nigeria,NGA,Africa,Western Africa,Lower-middle,2015,190671883.0,1044.8,5480.0,110.52,0.58,1.18,54.11,32.45,8.39,230.34,35.73,362.7,2458.86,0.31,0.01
Nigeria,NGA,Africa,Western Africa,Lower-middle,2016,195443698.0,1027.9,5259.0,116.4,0.6,1.24,60.54,34.43,6.89,221.45,38.15,364.16,2421.68,0.33,0.01
Nigeria,NGA,Africa,Western Africa,Lower-middle,2017,200254580.0,1036.2,5174.0,112.54,0.56,1.07,58.48,32.42,6.2,225.83,39.23,377.18,2284.91,0.31,0.01
Nigeria,NGA,Africa,Western Africa,Lower-middle,2018,204938752.0,1056.1,5153.0,106.79,0.52,1.25,48.44,34.34,8.58,229.37,39.53,384.3,2383.93,0.29,0.01
Nigeria,NGA,Africa,Western Africa,Lower-middle,2019,209485637.0,1079.4,5153.0,127.86,0.61,1.27,68.0,35.11,8.9,237.14,40.18,408.82,2446.24,0.34,0.01
Nigeria,NGA,Africa,Western Africa,Lower-middle,2020,213996185.0,1060.1,4954.0,124.9,0.58,1.5,64.36,35.29,10.22,216.41,42.04,398.5,2256.09,0.36,0.01
Nigeria,NGA,Africa,Western Africa,Lower-middle,2021,218529286.0,1098.7,5028.0,147.78,0.68,3.05,82.84,38.11,11.31,210.48,41.86,405.61,2388.64,0.4,0.01
Nigeria,NGA,Africa,Western Africa,Lower-middle,2022,223150906.0,1134.4,5084.0,131.44,0.59,3.2,69.38,37.94,10.92,202.91,40.81,383.89,2363.21,0.35,0.01
Niue,NIU,Oceania,Polynesia,Unknown,2013,1786.0,,,0.01,4.1,0.0,0.01,0.0,0.0,0.0,0.0,0.01,15888.22,0.0,0.0
Niue,NIU,Oceania,Polynesia,Unknown,2014,1792.0,,,0.01,4.09,0.0,0.01,0.0,0.0,0.0,0.0,0.01,16357.54,0.0,0.0
Niue,NIU,Oceania,Polynesia,Unknown,2015,1803.0,,,0.01,4.06,0.0,0.01,0.0,0.0,0.0,0.0,0.01,17585.44,0.0,0.0
Niue,NIU,Oceania,Polynesia,Unknown,2016,1806.0,,,0.01,4.06,0.0,0.01,0.0,0.0,0.0,0.0,0.01,16896.67,0.0,0.0
Niue,NIU,Oceania,Polynesia,Unknown,2017,1803.0,,,0.01,4.06,0.0,0.01,0.0,0.0,0.0,0.0,0.01,16501.9,0.0,0.0
Niue,NIU,Oceania,Polynesia,Unknown,2018,1805.0,,,0.01,4.06,0.0,0.01,0.0,0.0,0.0,0.0,0.01,17009.49,0.0,0.0
Niue,NIU,Oceania,Polynesia,Unknown,2019,1814.0,,,0.01,4.04,0.0,0.01,0.0,0.0,0.0,0.0,0.01,18138.42,0.0,0.0
Niue,NIU,Oceania,Polynesia,Unknown,2020,1822.0,,,0.01,4.02,0.0,0.01,0.0,0.0,0.0,0.0,0.01,17978.35,0.0,0.0
Niue,NIU,Oceania,Polynesia,Unknown,2021,1836.0,,,0.01,3.99,0.0,0.01,0.0,0.0,0.0,0.0,0.01,18198.82,0.0,0.0
Niue,NIU,Oceania,Polynesia,Unknown,2022,1844.0,,,0.01,3.97,0.0,0.01,0.0,0.0,0.0,0.0,0.01,18580.77,0.0,0.0
North Korea,PRK,Asia,Eastern Asia,Low income,2013,25329456.0,44.0,1738.0,36.14,1.43,30.89,2.73,0.0,2.52,24.21,2.65,71.79,5513.81,0.1,0.0
North Korea,PRK,Asia,Eastern Asia,Low income,2014,25451263.0,44.5,1749.0,39.83,1.56,34.67,2.61,0.0,2.55,24.38,2.56,74.78,5388.66,0.11,0.0
North Korea,PRK,Asia,Eastern Asia,Low income,2015,25575355.0,44.0,1722.0,31.28,1.22,25.74,2.99,0.0,2.56,23.82,2.35,65.96,4766.54,0.09,0.0
North Korea,PRK,Asia,Eastern Asia,Low income,2016,25698325.0,45.7,1780.0,34.24,1.33,28.34,3.2,0.0,2.7,25.6,2.58,69.69,4823.0,0.1,0.0
North Korea,PRK,Asia,Eastern Asia,Low income,2017,25817710.0,44.2,1710.0,69.71,2.7,64.17,2.93,0.0,2.61,24.2,2.96,104.23,8832.86,0.19,0.0
North Korea,PRK,Asia,Eastern Asia,Low income,2018,25931153.0,42.3,1633.0,62.61,2.41,57.48,2.91,0.0,2.23,21.78,3.21,94.22,8003.17,0.17,0.0
North Korea,PRK,Asia,Eastern Asia,Low income,2019,26037633.0,42.5,1632.0,69.51,2.67,64.2,3.17,0.0,2.14,23.29,2.74,102.29,8788.4,0.19,0.0
North Korea,PRK,Asia,Eastern Asia,Low income,2020,26136312.0,40.6,1552.0,65.58,2.51,60.35,3.05,0.0,2.17,22.53,2.42,97.2,8332.38,0.19,0.0
North Korea,PRK,Asia,Eastern Asia,Low income,2021,26232530.0,40.6,1546.0,53.97,2.06,49.22,2.48,0.0,2.27,20.39,2.24,82.49,7039.5,0.15,0.0
North Korea,PRK,Asia,Eastern Asia,Low income,2022,26328843.0,40.5,1538.0,56.29,2.14,51.19,2.6,0.0,2.5,20.72,2.14,86.17,6909.17,0.15,0.0
North Macedonia,MKD,Europe,Southern Europe,Lower-middle,2013,2013280.0,23.8,11807.0,7.45,3.7,4.56,2.6,0.3,0.0,1.89,0.57,11.34,14960.78,0.02,0.0
North Macedonia,MKD,Europe,Southern Europe,Upper-middle,2014,1997842.0,24.6,12330.0,7.17,3.59,4.32,2.59,0.25,0.0,1.82,0.58,10.8,13996.48,0.02,0.0
North Macedonia,MKD,Europe,Southern Europe,Upper-middle,2015,1980366.0,25.6,12919.0,6.72,3.39,3.75,2.74,0.23,0.0,1.83,0.58,10.17,14884.38,0.02,0.0
North Macedonia,MKD,Europe,Southern Europe,Upper-middle,2016,1961268.0,26.3,13416.0,6.61,3.37,3.43,2.81,0.36,0.0,1.82,0.61,9.65,15598.14,0.02,0.0
North Macedonia,MKD,Europe,Southern Europe,Upper-middle,2017,1940877.0,26.6,13704.0,7.09,3.65,3.81,2.81,0.46,0.0,1.85,0.6,9.97,15164.85,0.02,0.0
North Macedonia,MKD,Europe,Southern Europe,Upper-middle,2018,1919730.0,27.4,14254.0,6.65,3.47,3.41,2.77,0.48,0.0,1.81,0.58,9.36,15849.29,0.02,0.0
North Macedonia,MKD,Europe,Southern Europe,Upper-middle,2019,1897643.0,28.4,14983.0,7.62,4.02,4.05,3.02,0.56,0.0,1.7,0.55,9.95,16366.36,0.02,0.0
North Macedonia,MKD,Europe,Southern Europe,Upper-middle,2020,1872021.0,27.1,14476.0,6.98,3.73,3.46,2.88,0.64,0.0,1.72,0.57,9.29,14801.11,0.02,0.0
North Macedonia,MKD,Europe,Southern Europe,Upper-middle,2021,1851109.0,28.2,15216.0,6.52,3.52,2.55,3.16,0.81,0.0,1.62,0.5,8.57,15665.12,0.02,0.0
North Macedonia,MKD,Europe,Southern Europe,Upper-middle,2022,1840236.0,28.8,15634.0,7.35,4.0,3.32,3.48,0.55,0.0,1.61,0.5,9.18,16701.21,0.02,0.0
Norway,NOR,Europe,Northern Europe,High income,2013,5080126.0,414.4,81582.0,44.54,8.77,3.24,24.54,13.91,0.73,8.41,4.08,60.65,102996.66,0.13,0.0
Norway,NOR,Europe,Northern Europe,High income,2014,5137397.0,422.9,82325.0,44.98,8.75,3.47,24.09,14.65,0.73,8.3,4.11,61.34,105489.09,0.13,0.0
Norway,NOR,Europe,Northern Europe,High income,2015,5189777.0,430.8,83007.0,45.52,8.77,3.36,23.89,15.52,0.67,8.41,4.18,62.45,105836.88,0.13,0.0
Norway,NOR,Europe,Northern Europe,High income,2016,5235974.0,435.8,83233.0,44.71,8.54,3.48,23.38,15.15,0.68,8.32,4.16,61.78,106500.5,0.13,0.0
Norway,NOR,Europe,Northern Europe,High income,2017,5276807.0,446.5,84624.0,44.2,8.38,3.58,22.72,15.5,0.77,8.23,4.15,61.7,106154.73,0.12,0.0
Norway,NOR,Europe,Northern Europe,High income,2018,5311751.0,450.2,84764.0,44.47,8.37,3.47,23.35,15.34,0.73,8.35,4.15,62.07,103850.73,0.12,0.0
Norway,NOR,Europe,Northern Europe,High income,2019,5347733.0,455.3,85140.0,42.87,8.02,3.48,22.08,15.06,0.72,7.92,4.17,60.49,96479.19,0.12,0.0
Norway,NOR,Europe,Northern Europe,High income,2020,5379275.0,449.5,83559.0,41.28,7.67,3.54,21.33,14.32,0.72,8.04,4.16,58.88,103430.57,0.12,0.0
Norway,NOR,Europe,Northern Europe,High income,2021,5408082.0,467.0,86354.0,41.06,7.59,3.64,22.07,13.4,0.7,8.2,4.3,59.64,105249.94,0.11,0.0
Norway,NOR,Europe,Northern Europe,High income,2022,5456796.0,482.3,88390.0,40.83,7.48,3.68,22.16,12.92,0.71,8.23,4.16,59.7,97780.37,0.11,0.0
Oman,OMN,Asia,Western Asia,High income,2013,3833915.0,152.1,39666.0,65.59,17.11,0.02,13.17,45.64,2.34,26.74,1.13,93.44,82844.79,0.19,0.0
Oman,OMN,Asia,Western Asia,High income,2014,4002444.0,154.0,38487.0,66.19,16.54,0.02,14.28,44.96,2.06,27.0,1.15,94.47,78943.88,0.19,0.0
Oman,OMN,Asia,Western Asia,High income,2015,4184898.0,161.8,38656.0,67.88,16.22,0.21,12.7,48.25,2.14,28.24,1.18,97.41,80629.07,0.19,0.0
Oman,OMN,Asia,Western Asia,High income,2016,4390880.0,169.9,38701.0,66.24,15.09,0.19,10.94,48.26,2.3,29.24,1.2,96.9,77124.48,0.19,0.0
Oman,OMN,Asia,Western Asia,High income,2017,4537397.0,170.4,37565.0,66.34,14.62,0.17,11.83,47.5,1.96,28.85,1.21,96.63,77558.96,0.18,0.0
Oman,OMN,Asia,Western Asia,High income,2018,4597878.0,172.6,37548.0,70.68,15.37,0.11,12.6,51.3,2.17,29.19,1.25,101.27,81778.44,0.19,0.0
Oman,OMN,Asia,Western Asia,High income,2019,4591248.0,170.7,37178.0,72.04,15.69,0.19,12.32,52.34,2.23,29.22,1.27,102.65,81330.62,0.19,0.0
Oman,OMN,Asia,Western Asia,High income,2020,4522502.0,165.2,36535.0,71.84,15.89,0.33,10.07,54.17,2.54,28.94,1.26,102.13,79945.42,0.2,0.0
Oman,OMN,Asia,Western Asia,High income,2021,4500429.0,170.0,37780.0,75.04,16.67,0.16,11.15,56.45,2.62,29.6,1.31,106.1,88512.25,0.2,0.0
Oman,OMN,Asia,Western Asia,High income,2022,4730229.0,177.4,37494.0,77.99,16.49,0.02,12.72,58.52,2.83,31.96,1.36,111.46,89754.84,0.21,0.0
Pakistan,PAK,Asia,Southern Asia,Lower-middle,2013,211073979.0,918.3,4351.0,148.18,0.7,10.32,61.04,63.72,11.96,164.96,54.01,371.96,3673.5,0.42,0.0
Pakistan,PAK,Asia,Southern Asia,Lower-middle,2014,214264649.0,961.5,4488.0,150.81,0.7,13.12,60.43,64.2,12.2,170.33,54.47,378.13,3669.8,0.42,0.0
Pakistan,PAK,Asia,Southern Asia,Lower-middle,2015,217290884.0,1010.8,4652.0,144.9,0.67,12.51,54.38,64.41,12.7,174.17,55.66,387.85,3816.6,0.41,0.0
Pakistan,PAK,Asia,Southern Asia,Lower-middle,2016,220138863.0,1061.1,4820.0,176.74,0.8,22.61,74.33,64.52,14.46,178.87,57.52,425.98,4090.32,0.5,0.0
Pakistan,PAK,Asia,Southern Asia,Lower-middle,2017,223273974.0,1117.3,5004.0,211.98,0.95,37.26,83.47,75.72,14.85,184.14,60.9,465.36,4263.79,0.59,0.0
Pakistan,PAK,Asia,Southern Asia,Lower-middle,2018,226928893.0,1165.4,5136.0,203.5,0.9,46.21,66.65,74.56,15.5,189.75,62.02,455.02,4263.36,0.55,0.0
Pakistan,PAK,Asia,Southern Asia,Lower-middle,2019,230800908.0,1172.3,5079.0,190.83,0.83,44.72,61.87,68.34,15.44,194.79,62.66,454.96,4218.51,0.52,0.0
Pakistan,PAK,Asia,Southern Asia,Lower-middle,2020,235001745.0,1202.0,5115.0,215.51,0.92,52.01,80.08,66.4,16.57,202.85,64.59,482.81,4083.67,0.61,0.0
Pakistan,PAK,Asia,Southern Asia,Lower-middle,2021,239477805.0,1278.2,5337.0,243.55,1.02,62.29,94.02,67.87,18.93,209.77,67.45,518.17,4451.4,0.66,0.0
Pakistan,PAK,Asia,Southern Asia,Lower-middle,2022,243700667.0,1318.8,5412.0,211.97,0.87,59.54,73.32,61.74,16.92,213.51,68.11,489.88,4017.64,0.56,0.0
Palau,PLW,Oceania,Micronesia,Unknown,2013,17670.0,,,0.23,12.86,0.0,0.23,0.0,0.0,0.03,0.03,0.29,,0.0,0.0
Palau,PLW,Oceania,Micronesia,Unknown,2014,17740.0,,,0.22,12.39,0.0,0.22,0.0,0.0,0.03,0.02,0.28,,0.0,0.0
Palau,PLW,Oceania,Micronesia,Unknown,2015,17791.0,,,0.2,11.33,0.0,0.2,0.0,0.0,0.04,0.02,0.26,,0.0,0.0
Palau,PLW,Oceania,Micronesia,Unknown,2016,17824.0,,,0.21,11.72,0.0,0.21,0.0,0.0,0.04,0.02,0.27,,0.0,0.0
Palau,PLW,Oceania,Micronesia,Unknown,2017,17838.0,,,0.22,12.12,0.0,0.22,0.0,0.0,0.04,0.02,0.28,,0.0,0.0
Palau,PLW,Oceania,Micronesia,Unknown,2018,17843.0,,,0.21,11.91,0.0,0.21,0.0,0.0,0.03,0.02,0.27,,0.0,0.0
Palau,PLW,Oceania,Micronesia,Unknown,2019,17821.0,,,0.22,12.13,0.0,0.22,0.0,0.0,0.04,0.03,0.28,,0.0,0.0
Palau,PLW,Oceania,Micronesia,Unknown,2020,17817.0,,,0.21,11.72,0.0,0.21,0.0,0.0,0.04,0.03,0.27,,0.0,0.0
Palau,PLW,Oceania,Micronesia,Unknown,2021,17809.0,,,0.21,11.93,0.0,0.21,0.0,0.0,0.04,0.03,0.28,,0.0,0.0
Palau,PLW,Oceania,Micronesia,Unknown,2022,17784.0,,,0.22,12.22,0.0,0.22,0.0,0.0,0.04,0.03,0.28,,0.0,0.0
Palestine,PSE,Asia,Western Asia,Lower-middle,2013,4315263.0,21.1,4893.0,2.44,0.56,0.0,2.44,0.0,0.0,0.0,0.0,0.0,3544.62,0.01,0.0
Palestine,PSE,Asia,Western Asia,Lower-middle,2014,4415887.0,21.1,4775.0,2.84,0.64,0.0,2.84,0.0,0.0,0.0,0.0,0.0,3736.32,0.01,0.0
Palestine,PSE,Asia,Western Asia,Lower-middle,2015,4521564.0,21.8,4823.0,3.0,0.66,0.0,3.0,0.0,0.0,0.0,0.0,0.0,4048.84,0.01,0.0
Palestine,PSE,Asia,Western Asia,Lower-middle,2016,4632743.0,23.7,5108.0,3.24,0.7,0.0,3.24,0.0,0.0,0.0,0.0,0.0,4137.11,0.01,0.0
Palestine,PSE,Asia,Western Asia,Lower-middle,2017,4742747.0,23.9,5036.0,3.26,0.69,0.0,3.26,0.0,0.0,0.0,0.0,0.0,4055.85,0.01,0.0
Palestine,PSE,Asia,Western Asia,Lower-middle,2018,4850593.0,24.1,4965.0,2.96,0.61,0.0,2.96,0.0,0.0,0.0,0.0,0.0,3805.81,0.01,0.0
Palestine,PSE,Asia,Western Asia,Lower-middle,2019,4957773.0,24.4,4924.0,3.26,0.66,0.0,3.26,0.0,0.0,0.0,0.0,0.0,4149.4,0.01,0.0
Palestine,PSE,Asia,Western Asia,Lower-middle,2020,5069692.0,21.6,4270.0,3.33,0.66,0.0,3.33,0.0,0.0,0.0,0.0,0.0,4169.64,0.01,0.0
Palestine,PSE,Asia,Western Asia,Lower-middle,2021,5185341.0,23.2,4467.0,3.64,0.7,0.0,3.64,0.0,0.0,0.0,0.0,0.0,4366.51,0.01,0.0
Palestine,PSE,Asia,Western Asia,Lower-middle,2022,5305274.0,24.1,4538.0,4.7,0.89,0.0,4.7,0.0,0.0,0.0,0.0,0.0,5117.87,0.01,0.0
Panama,PAN,America,Central America,Upper-middle,2013,3825333.0,67.5,17658.0,10.27,2.69,0.8,8.69,0.0,0.79,4.2,1.32,22.48,23914.47,0.03,0.0
Panama,PAN,America,Central America,Upper-middle,2014,3892100.0,71.6,18406.0,10.69,2.75,0.82,9.07,0.0,0.79,4.09,1.24,21.4,24101.71,0.03,0.0
Panama,PAN,America,Central America,Upper-middle,2015,3960034.0,75.8,19137.0,10.65,2.69,0.83,9.08,0.0,0.74,4.0,1.23,21.26,25493.6,0.03,0.0
Panama,PAN,America,Central America,Upper-middle,2016,4029085.0,79.5,19720.0,10.33,2.56,0.73,8.87,0.0,0.73,4.05,1.21,21.24,26459.42,0.03,0.0
Panama,PAN,America,Central America,Upper-middle,2017,4098704.0,83.8,20448.0,9.57,2.33,0.2,8.6,0.0,0.77,4.03,1.21,20.44,27922.57,0.03,0.0
Panama,PAN,America,Central America,Upper-middle,2018,4167860.0,86.8,20831.0,9.12,2.19,0.51,7.43,0.54,0.64,4.11,1.24,18.61,26785.83,0.02,0.0
Panama,PAN,America,Central America,Upper-middle,2019,4234698.0,89.7,21175.0,12.45,2.94,2.1,8.13,1.66,0.56,4.07,1.26,21.33,29523.99,0.03,0.0
Panama,PAN,America,Central America,Upper-middle,2020,4293258.0,73.8,17196.0,6.56,1.53,2.25,3.13,0.9,0.27,4.09,1.27,17.23,19829.7,0.02,0.0
Panama,PAN,America,Central America,Upper-middle,2021,4345410.0,85.5,19680.0,10.14,2.34,2.15,6.43,1.07,0.49,4.13,1.34,19.52,21343.16,0.03,0.0
Panama,PAN,America,Central America,Upper-middle,2022,4400775.0,94.8,21533.0,11.71,2.66,2.09,8.57,0.51,0.54,4.16,1.26,20.56,23285.07,0.03,0.0
Papua New Guinea,PNG,Oceania,Melanesia,Unknown,2013,8302700.0,,,4.53,0.55,0.0,4.17,0.26,0.0,2.57,1.66,46.54,2406.37,0.01,0.0
Papua New Guinea,PNG,Oceania,Melanesia,Unknown,2014,8523440.0,,,6.12,0.72,0.0,4.93,0.64,0.0,3.26,1.74,49.08,2494.86,0.02,0.0
Papua New Guinea,PNG,Oceania,Melanesia,Unknown,2015,8743247.0,,,6.32,0.72,0.0,5.23,0.95,0.0,3.84,1.91,47.22,2863.97,0.02,0.0
Papua New Guinea,PNG,Oceania,Melanesia,Unknown,2016,8961717.0,,,7.02,0.78,0.0,5.77,1.08,0.0,3.84,1.68,75.35,2987.72,0.02,0.0
Papua New Guinea,PNG,Oceania,Melanesia,Unknown,2017,9178717.0,,,6.55,0.71,0.0,5.33,1.12,0.0,3.86,1.73,55.22,2848.77,0.02,0.0
Papua New Guinea,PNG,Oceania,Melanesia,Unknown,2018,9394518.0,,,7.6,0.81,0.0,6.65,0.86,0.0,3.73,1.86,48.48,3249.43,0.02,0.0
Papua New Guinea,PNG,Oceania,Melanesia,Unknown,2019,9609014.0,,,7.58,0.79,0.0,6.52,1.0,0.0,3.83,1.79,46.18,3148.99,0.02,0.0
Papua New Guinea,PNG,Oceania,Melanesia,Unknown,2020,9815743.0,,,7.91,0.81,0.0,5.84,1.97,0.0,3.78,1.73,45.05,2866.86,0.02,0.0
Papua New Guinea,PNG,Oceania,Melanesia,Unknown,2021,10012898.0,,,7.87,0.79,0.0,5.84,1.91,0.0,3.83,1.73,44.87,2756.84,0.02,0.0
Papua New Guinea,PNG,Oceania,Melanesia,Unknown,2022,10203177.0,,,8.44,0.83,0.0,6.45,1.82,0.0,3.83,1.79,41.77,3436.56,0.02,0.0
Paraguay,PRY,America,South America,Lower-middle,2013,5982447.0,51.7,8648.0,5.17,0.86,0.0,4.95,0.0,0.22,24.6,8.88,86.78,5759.68,0.02,0.0
Paraguay,PRY,America,South America,Lower-middle,2014,6069819.0,54.5,8975.0,5.45,0.9,0.0,5.2,0.0,0.25,26.02,9.07,87.52,5999.33,0.02,0.0
Paraguay,PRY,America,South America,Lower-middle,2015,6159106.0,56.1,9106.0,6.04,0.98,0.01,5.69,0.0,0.34,25.57,8.91,89.52,6838.8,0.02,0.0
Paraguay,PRY,America,South America,Lower-middle,2016,6249129.0,58.5,9358.0,7.19,1.15,0.0,6.8,0.0,0.38,25.36,9.08,86.51,7659.0,0.02,0.0
Paraguay,PRY,America,South America,Lower-middle,2017,6338658.0,61.3,9670.0,7.94,1.25,0.0,7.67,0.0,0.27,26.04,9.9,85.34,7744.29,0.02,0.0
Paraguay,PRY,America,South America,Lower-middle,2018,6427382.0,63.3,9842.0,8.5,1.32,0.02,8.09,0.0,0.4,24.81,9.05,78.36,8063.86,0.02,0.0
Paraguay,PRY,America,South America,Lower-middle,2019,6515059.0,63.0,9671.0,8.27,1.27,0.0,7.83,0.0,0.44,25.52,9.37,74.16,7898.02,0.02,0.0
Paraguay,PRY,America,South America,Lower-middle,2020,6603741.0,62.5,9462.0,7.44,1.13,0.0,7.11,0.0,0.33,26.5,10.23,71.54,7560.66,0.02,0.0
Paraguay,PRY,America,South America,Lower-middle,2021,6684184.0,65.0,9724.0,8.19,1.23,0.0,7.84,0.0,0.35,25.99,9.73,70.5,8164.1,0.02,0.0
Paraguay,PRY,America,South America,Lower-middle,2022,6760460.0,65.1,9634.0,7.53,1.11,0.0,7.19,0.0,0.35,25.08,8.77,67.27,7732.66,0.02,0.0
Peru,PER,America,South America,Lower-middle,2013,29817908.0,274.9,9221.0,42.72,1.43,3.37,23.28,11.86,3.95,29.7,8.7,134.48,8806.17,0.12,0.0
Peru,PER,America,South America,Lower-middle,2014,30115825.0,281.5,9347.0,49.39,1.64,3.05,24.85,16.53,4.59,30.06,8.63,165.7,8926.5,0.14,0.0
Peru,PER,America,South America,Lower-middle,2015,30457598.0,290.6,9543.0,49.2,1.62,3.09,24.99,16.24,4.45,30.01,8.86,140.58,9247.92,0.14,0.0
Peru,PER,America,South America,Lower-middle,2016,30866497.0,302.1,9788.0,52.7,1.71,3.21,27.86,17.09,4.3,30.08,8.97,147.23,9684.86,0.15,0.0
Peru,PER,America,South America,Lower-middle,2017,31324639.0,309.7,9888.0,54.73,1.75,2.81,33.12,14.46,4.16,30.06,9.16,140.19,9691.74,0.15,0.0
Peru,PER,America,South America,Lower-middle,2018,31897590.0,322.1,10097.0,56.01,1.76,2.5,33.9,14.95,4.48,30.32,8.78,138.84,9982.72,0.15,0.0
Peru,PER,America,South America,Lower-middle,2019,32449302.0,329.3,10147.0,58.67,1.81,2.57,35.46,15.68,4.85,30.47,9.35,143.43,10064.47,0.16,0.0
Peru,PER,America,South America,Lower-middle,2020,32838577.0,293.0,8922.0,47.24,1.44,1.88,29.24,13.17,2.79,30.43,9.14,126.96,8766.57,0.13,0.0
Peru,PER,America,South America,Lower-middle,2021,33155883.0,332.7,10034.0,59.96,1.81,2.65,34.53,17.38,5.28,30.93,9.43,140.23,9877.37,0.16,0.0
Peru,PER,America,South America,Lower-middle,2022,33475436.0,341.7,10207.0,64.78,1.94,2.8,36.22,19.81,5.8,31.21,9.31,144.24,10099.02,0.17,0.0
Philippines,PHL,Asia,South-eastern Asia,Lower-middle,2013,102076334.0,674.3,6606.0,94.82,0.93,39.51,41.32,6.74,7.02,74.0,11.74,248.97,3778.86,0.27,0.01
Philippines,PHL,Asia,South-eastern Asia,Lower-middle,2014,103767127.0,717.2,6911.0,100.07,0.96,42.04,43.21,7.09,7.44,73.82,12.24,243.33,3909.48,0.28,0.01
Philippines,PHL,Asia,South-eastern Asia,Lower-middle,2015,105312988.0,762.7,7242.0,111.05,1.05,45.82,49.86,6.66,8.4,73.54,12.88,245.6,4220.3,0.31,0.01
Philippines,PHL,Asia,South-eastern Asia,Lower-middle,2016,106735721.0,817.2,7656.0,120.22,1.13,50.68,53.55,7.63,8.03,74.75,14.84,256.07,4547.89,0.34,0.01
Philippines,PHL,Asia,South-eastern Asia,Lower-middle,2017,108119691.0,873.8,8082.0,133.58,1.24,60.93,55.79,7.53,9.08,77.88,16.33,273.37,4925.25,0.37,0.01
Philippines,PHL,Asia,South-eastern Asia,Lower-middle,2018,109465284.0,929.3,8489.0,139.86,1.28,64.17,57.4,8.4,9.68,78.16,15.69,273.76,5028.47,0.38,0.01
Philippines,PHL,Asia,South-eastern Asia,Lower-middle,2019,110804685.0,986.1,8900.0,142.6,1.29,68.89,55.41,8.46,9.68,78.13,16.88,274.81,5109.18,0.38,0.01
Philippines,PHL,Asia,South-eastern Asia,Lower-middle,2020,112081270.0,892.3,7961.0,131.46,1.17,69.31,46.3,7.68,8.03,78.52,17.07,262.88,4583.8,0.37,0.01
Philippines,PHL,Asia,South-eastern Asia,Lower-middle,2021,113100947.0,943.1,8339.0,140.27,1.24,74.7,49.39,6.58,9.43,79.76,17.21,269.07,4823.63,0.38,0.01
Philippines,PHL,Asia,South-eastern Asia,Lower-middle,2022,113964343.0,1014.8,8905.0,150.96,1.32,75.35,59.36,6.1,10.02,78.52,17.72,282.4,5010.16,0.4,0.01
Poland,POL,Europe,Eastern Europe,Upper-middle,2013,38259267.0,863.6,22572.0,321.76,8.41,214.31,61.68,30.81,5.87,53.3,27.88,380.85,29569.78,0.91,0.01
Poland,POL,Europe,Eastern Europe,Upper-middle,2014,38265113.0,896.7,23435.0,309.42,8.09,203.0,61.38,29.47,6.46,49.91,27.53,363.08,28468.61,0.87,0.01
Poland,POL,Europe,Eastern Europe,Upper-middle,2015,38266314.0,936.0,24461.0,312.55,8.17,201.65,64.79,30.63,6.34,49.08,27.76,364.75,28824.65,0.88,0.01
Poland,POL,Europe,Eastern Europe,Upper-middle,2016,38263260.0,963.7,25186.0,323.3,8.45,202.1,72.9,32.42,6.53,48.56,28.57,378.8,30061.35,0.91,0.01
Poland,POL,Europe,Eastern Europe,Upper-middle,2017,38254964.0,1013.2,26486.0,336.5,8.8,203.5,82.45,34.13,7.0,48.12,29.18,392.97,31585.15,0.94,0.01
Poland,POL,Europe,Eastern Europe,Upper-middle,2018,38241070.0,1073.5,28071.0,335.72,8.78,198.67,85.49,34.27,7.66,49.0,28.23,401.0,31957.33,0.91,0.01
Poland,POL,Europe,Eastern Europe,Upper-middle,2019,38225884.0,1121.2,29332.0,317.44,8.3,177.75,87.28,35.49,7.69,48.28,28.28,388.34,31059.26,0.86,0.01
Poland,POL,Europe,Eastern Europe,Upper-middle,2020,38171005.0,1098.6,28781.0,302.1,7.91,164.2,84.24,36.73,7.69,46.44,27.64,363.46,29845.54,0.86,0.01
Poland,POL,Europe,Eastern Europe,High income,2021,38040303.0,1173.8,30857.0,330.69,8.69,184.11,89.71,39.73,7.37,47.2,28.16,393.79,32196.33,0.9,0.01
Poland,POL,Europe,Eastern Europe,High income,2022,38385734.0,1231.0,32070.0,314.89,8.2,172.49,90.97,34.29,7.66,46.47,27.96,376.12,30919.51,0.84,0.01
Portugal,PRT,Europe,Southern Europe,Upper-middle,2013,10458287.0,250.4,23943.0,48.15,4.6,10.19,24.97,8.12,2.81,9.23,3.26,59.41,27696.83,0.14,0.0
Portugal,PRT,Europe,Southern Europe,Upper-middle,2014,10406203.0,252.4,24254.0,47.94,4.61,10.32,24.99,7.66,3.1,9.27,3.37,58.72,28038.43,0.14,0.0
Portugal,PRT,Europe,Southern Europe,Upper-middle,2015,10370264.0,256.9,24774.0,52.23,5.04,12.56,25.62,9.1,2.92,9.3,3.36,62.83,27918.5,0.15,0.0
Portugal,PRT,Europe,Southern Europe,Upper-middle,2016,10346377.0,262.1,25333.0,50.31,4.86,10.82,25.59,9.68,2.3,9.48,3.35,63.14,29949.3,0.14,0.0
Portugal,PRT,Europe,Southern Europe,Upper-middle,2017,10330838.0,271.3,26260.0,55.16,5.34,12.39,25.93,12.32,2.53,9.99,3.48,69.68,29221.05,0.15,0.0
Portugal,PRT,Europe,Southern Europe,Upper-middle,2018,10325355.0,279.0,27023.0,51.34,4.97,10.38,25.5,11.24,2.25,10.03,3.34,73.04,29450.78,0.14,0.0
Portugal,PRT,Europe,Southern Europe,Upper-middle,2019,10343218.0,286.5,27700.0,47.58,4.6,5.03,26.18,12.12,2.22,10.21,3.38,65.17,28333.22,0.13,0.0
Portugal,PRT,Europe,Southern Europe,Upper-middle,2020,10370519.0,262.7,25334.0,41.74,4.03,2.42,23.18,12.01,2.31,10.36,3.33,57.79,25577.09,0.12,0.0
Portugal,PRT,Europe,Southern Europe,Upper-middle,2021,10390957.0,277.2,26675.0,40.3,3.88,1.04,23.78,11.58,2.11,10.51,3.24,56.02,25646.33,0.11,0.0
Portugal,PRT,Europe,Southern Europe,Upper-middle,2022,10417074.0,295.7,28387.0,40.72,3.91,0.24,24.88,11.36,2.23,10.55,2.98,58.13,25206.66,0.11,0.0
Qatar,QAT,Asia,Western Asia,High income,2013,2032650.0,327.4,161065.0,91.43,44.98,0.0,3.04,84.7,2.15,23.22,0.61,115.3,237978.62,0.26,0.0
Qatar,QAT,Asia,Western Asia,High income,2014,2218378.0,344.9,155452.0,91.64,41.31,0.0,4.69,82.5,2.46,23.17,0.67,115.5,233130.47,0.26,0.0
Qatar,QAT,Asia,Western Asia,High income,2015,2427340.0,361.2,148822.0,93.31,38.44,0.0,4.87,83.7,2.78,23.38,0.71,117.41,245295.05,0.26,0.0
Qatar,QAT,Asia,Western Asia,High income,2016,2599382.0,372.3,143231.0,91.38,35.15,0.0,6.21,80.79,2.71,23.47,0.77,115.65,225636.41,0.26,0.0
Qatar,QAT,Asia,Western Asia,High income,2017,2706716.0,366.7,135490.0,105.66,39.03,0.0,14.27,87.08,2.42,22.74,0.8,129.24,208396.75,0.29,0.0
Qatar,QAT,Asia,Western Asia,High income,2018,2761144.0,371.3,134460.0,102.62,37.17,0.0,11.38,87.15,2.26,22.56,0.82,126.03,207650.47,0.28,0.0
Qatar,QAT,Asia,Western Asia,High income,2019,2797927.0,373.8,133605.0,101.43,36.25,0.0,10.58,87.43,1.82,21.75,0.84,124.04,209158.02,0.27,0.0
Qatar,QAT,Asia,Western Asia,High income,2020,2803375.0,360.5,128601.0,101.33,36.15,0.0,11.1,86.82,1.62,21.61,0.84,123.8,183122.62,0.29,0.0
Qatar,QAT,Asia,Western Asia,High income,2021,2814988.0,366.2,130106.0,104.39,37.08,0.0,10.39,90.38,1.82,21.68,0.85,126.93,192920.66,0.28,0.0
Qatar,QAT,Asia,Western Asia,High income,2022,2892466.0,381.8,131991.0,109.59,37.89,0.0,17.23,88.57,1.94,22.0,0.88,132.49,195336.34,0.29,0.0
Romania,ROU,Europe,Eastern Europe,Upper-middle,2013,20062913.0,357.8,17833.0,78.8,3.93,25.27,23.73,25.25,2.7,21.07,9.9,106.36,18420.88,0.22,0.0
Romania,ROU,Europe,Eastern Europe,Upper-middle,2014,19968179.0,372.5,18656.0,79.33,3.97,25.01,24.89,24.43,2.94,21.69,9.86,107.45,18986.03,0.22,0.0
Romania,ROU,Europe,Eastern Europe,Upper-middle,2015,19871018.0,384.3,19340.0,78.05,3.93,25.13,24.15,23.49,3.34,21.94,9.46,102.4,19180.48,0.22,0.0
Romania,ROU,Europe,Eastern Europe,Upper-middle,2016,19777049.0,395.3,19987.0,76.59,3.87,22.15,25.9,23.3,3.18,22.48,9.93,101.42,19269.06,0.22,0.0
Romania,ROU,Europe,Eastern Europe,Upper-middle,2017,19689405.0,456.0,23160.0,79.43,4.03,21.77,27.91,24.36,3.31,22.37,10.34,109.88,19702.77,0.22,0.0
Romania,ROU,Europe,Eastern Europe,Upper-middle,2018,19597874.0,473.1,24142.0,79.87,4.08,20.77,28.46,24.97,3.5,22.64,10.83,125.7,20004.78,0.22,0.0
Romania,ROU,Europe,Eastern Europe,Upper-middle,2019,19501542.0,456.6,23412.0,76.69,3.93,18.36,29.78,22.68,3.83,22.85,10.82,106.97,19681.4,0.21,0.0
Romania,ROU,Europe,Eastern Europe,Upper-middle,2020,19392467.0,483.5,24932.0,73.95,3.81,14.3,29.06,25.01,3.9,21.74,10.33,105.11,19053.2,0.21,0.0
Romania,ROU,Europe,Eastern Europe,Upper-middle,2021,19248159.0,505.1,26242.0,77.5,4.03,15.53,30.97,25.27,3.96,22.0,11.11,103.51,20261.83,0.21,0.0
Romania,ROU,Europe,Eastern Europe,Upper-middle,2022,19166776.0,504.7,26334.0,73.19,3.82,13.75,32.43,21.61,3.72,21.98,10.2,96.86,18791.15,0.2,0.0
Russia,RUS,Europe,Eastern Europe,Upper-middle,2013,144604105.0,3500.2,24206.0,1637.55,11.32,405.8,354.88,782.9,27.28,385.32,72.17,2371.68,55548.39,4.64,0.09
Russia,RUS,Europe,Eastern Europe,Upper-middle,2014,144925639.0,3526.0,24330.0,1637.31,11.3,394.97,383.7,775.51,26.45,389.14,75.29,2267.96,55599.28,4.62,0.09
Russia,RUS,Europe,Eastern Europe,Upper-middle,2015,145307612.0,3456.4,23787.0,1635.24,11.25,414.85,406.41,739.42,23.17,394.76,74.99,2536.79,54577.7,4.62,0.09
Russia,RUS,Europe,Eastern Europe,Upper-middle,2016,145778668.0,3463.1,23756.0,1629.33,11.18,402.76,400.52,752.16,20.43,403.68,76.5,2545.69,55468.09,4.6,0.09
Russia,RUS,Europe,Eastern Europe,Upper-middle,2017,146186798.0,3526.4,24122.0,1661.01,11.36,386.28,414.63,779.8,20.51,416.51,77.1,2560.47,55653.06,4.62,0.09
Russia,RUS,Europe,Eastern Europe,Upper-middle,2018,146430146.0,3625.3,24758.0,1709.91,11.68,399.66,392.62,828.79,20.09,433.6,78.7,2531.22,57585.2,4.66,0.09
Russia,RUS,Europe,Eastern Europe,Upper-middle,2019,146533063.0,3705.0,25285.0,1704.46,11.63,395.98,400.01,807.03,20.31,450.49,80.65,2521.29,57120.42,4.6,0.09
Russia,RUS,Europe,Eastern Europe,Upper-middle,2020,146371295.0,3606.7,24641.0,1631.9,11.15,368.05,381.97,784.26,20.58,441.39,81.09,2380.63,55172.79,4.64,0.09
Russia,RUS,Europe,Eastern Europe,Upper-middle,2021,145836172.0,3809.6,26122.0,1674.52,11.48,375.44,375.4,822.7,22.16,462.56,84.4,2488.22,57127.57,4.54,0.09
Russia,RUS,Europe,Eastern Europe,Upper-middle,2022,145579889.0,3731.4,25632.0,1675.46,11.51,369.69,391.39,811.09,22.6,464.22,82.9,2600.79,59257.91,4.46,0.09
Rwanda,RWA,Africa,Eastern Africa,Low income,2013,11093340.0,16.4,1482.0,0.78,0.07,0.0,0.74,0.0,0.03,4.07,1.62,8.67,366.96,0.0,0.0
Rwanda,RWA,Africa,Eastern Africa,Low income,2014,11364758.0,17.5,1536.0,0.83,0.07,0.0,0.78,0.01,0.04,4.12,1.59,8.38,370.45,0.0,0.0
Rwanda,RWA,Africa,Eastern Africa,Low income,2015,11640026.0,19.0,1632.0,0.97,0.08,0.0,0.85,0.05,0.06,4.46,1.83,8.9,390.74,0.0,0.0
Rwanda,RWA,Africa,Eastern Africa,Low income,2016,11919183.0,20.1,1689.0,1.05,0.09,0.02,0.84,0.08,0.11,4.38,1.77,8.76,387.8,0.0,0.0
Rwanda,RWA,Africa,Eastern Africa,Low income,2017,12202062.0,20.9,1716.0,1.17,0.1,0.02,0.93,0.08,0.13,4.41,1.84,8.02,403.97,0.0,0.0
Rwanda,RWA,Africa,Eastern Africa,Low income,2018,12488000.0,22.7,1820.0,1.31,0.1,0.04,1.04,0.1,0.13,4.58,1.79,8.11,391.71,0.0,0.0
Rwanda,RWA,Africa,Eastern Africa,Low income,2019,12776102.0,24.9,1948.0,1.41,0.11,0.06,1.11,0.09,0.15,4.68,1.81,9.24,430.32,0.0,0.0
Rwanda,RWA,Africa,Eastern Africa,Low income,2020,13065838.0,24.0,1841.0,1.39,0.11,0.04,1.11,0.09,0.16,4.86,1.86,10.45,440.12,0.0,0.0
Rwanda,RWA,Africa,Eastern Africa,Low income,2021,13355260.0,26.7,1996.0,1.7,0.13,0.06,1.33,0.09,0.22,4.81,1.77,9.96,488.14,0.0,0.0
Rwanda,RWA,Africa,Eastern Africa,Low income,2022,13651025.0,28.5,2085.0,1.96,0.14,0.19,1.37,0.09,0.31,4.72,1.68,9.9,498.15,0.0,0.0
Saint Helena,SHN,Africa,Western Africa,Unknown,2013,5462.0,,,0.01,2.01,0.0,0.01,0.0,0.0,0.0,0.0,0.01,8320.8,0.0,0.0
Saint Helena,SHN,Africa,Western Africa,Unknown,2014,5493.0,,,0.01,2.0,0.0,0.01,0.0,0.0,0.0,0.0,0.01,7854.35,0.0,0.0
Saint Helena,SHN,Africa,Western Africa,Unknown,2015,5529.0,,,0.01,1.99,0.0,0.01,0.0,0.0,0.0,0.0,0.01,7102.83,0.0,0.0
Saint Helena,SHN,Africa,Western Africa,Unknown,2016,5544.0,,,0.02,2.64,0.0,0.02,0.0,0.0,0.0,0.0,0.02,7136.47,0.0,0.0
Saint Helena,SHN,Africa,Western Africa,Unknown,2017,5528.0,,,0.01,1.99,0.0,0.01,0.0,0.0,0.0,0.0,0.01,7652.68,0.0,0.0
Saint Helena,SHN,Africa,Western Africa,Unknown,2018,5507.0,,,0.01,2.0,0.0,0.01,0.0,0.0,0.0,0.0,0.01,9256.19,0.0,0.0
Saint Helena,SHN,Africa,Western Africa,Unknown,2019,5485.0,,,0.02,2.67,0.0,0.02,0.0,0.0,0.0,0.0,0.02,10433.01,0.0,0.0
Saint Helena,SHN,Africa,Western Africa,Unknown,2020,5451.0,,,0.01,2.02,0.0,0.01,0.0,0.0,0.0,0.0,0.01,8166.85,0.0,0.0
Saint Helena,SHN,Africa,Western Africa,Unknown,2021,5415.0,,,0.01,1.35,0.0,0.01,0.0,0.0,0.0,0.0,0.01,6934.66,0.0,0.0
Saint Helena,SHN,Africa,Western Africa,Unknown,2022,5369.0,,,0.01,2.05,0.0,0.01,0.0,0.0,0.0,0.0,0.01,8174.77,0.0,0.0
Saint Kitts and Nevis,KNA,America,Caribbean,Unknown,2013,47092.0,,,0.22,4.75,0.0,0.22,0.0,0.0,0.04,0.0,0.23,21595.96,0.0,0.0
Saint Kitts and Nevis,KNA,America,Caribbean,Unknown,2014,47112.0,,,0.23,4.82,0.0,0.23,0.0,0.0,0.03,0.0,0.24,21861.32,0.0,0.0
Saint Kitts and Nevis,KNA,America,Caribbean,Unknown,2015,47108.0,,,0.23,4.9,0.0,0.23,0.0,0.0,0.04,0.0,0.24,22399.08,0.0,0.0
Saint Kitts and Nevis,KNA,America,Caribbean,Unknown,2016,47099.0,,,0.24,5.06,0.0,0.24,0.0,0.0,0.04,0.0,0.25,23007.66,0.0,0.0
Saint Kitts and Nevis,KNA,America,Caribbean,Unknown,2017,47075.0,,,0.24,5.14,0.0,0.24,0.0,0.0,0.04,0.0,0.25,23117.53,0.0,0.0
Saint Kitts and Nevis,KNA,America,Caribbean,Unknown,2018,47032.0,,,0.25,5.3,0.0,0.25,0.0,0.0,0.04,0.0,0.26,23590.61,0.0,0.0
Saint Kitts and Nevis,KNA,America,Caribbean,Unknown,2019,46976.0,,,0.26,5.54,0.0,0.26,0.0,0.0,0.04,0.01,0.27,23980.76,0.0,0.0
Saint Kitts and Nevis,KNA,America,Caribbean,Unknown,2020,46896.0,,,0.24,5.16,0.0,0.24,0.0,0.0,0.04,0.0,0.26,22395.14,0.0,0.0
Saint Kitts and Nevis,KNA,America,Caribbean,Unknown,2021,46786.0,,,0.23,5.01,0.0,0.23,0.0,0.0,0.04,0.01,0.26,22304.87,0.0,0.0
Saint Kitts and Nevis,KNA,America,Caribbean,Unknown,2022,46732.0,,,0.25,5.36,0.0,0.25,0.0,0.0,0.05,0.01,0.28,24238.5,0.0,0.0
Saint Lucia,LCA,America,Caribbean,Lower-middle,2013,173380.0,1.6,9436.0,0.49,2.81,0.0,0.49,0.0,0.0,0.06,0.02,0.5,10444.18,0.0,0.0
Saint Lucia,LCA,America,Caribbean,Lower-middle,2014,174145.0,1.6,9393.0,0.49,2.8,0.0,0.49,0.0,0.0,0.06,0.02,0.5,10499.43,0.0,0.0
Saint Lucia,LCA,America,Caribbean,Lower-middle,2015,174919.0,1.7,9549.0,0.48,2.74,0.0,0.48,0.0,0.0,0.06,0.02,0.5,10514.65,0.0,0.0
Saint Lucia,LCA,America,Caribbean,Lower-middle,2016,175651.0,1.7,9791.0,0.47,2.69,0.0,0.47,0.0,0.0,0.06,0.02,0.5,10583.14,0.0,0.0
Saint Lucia,LCA,America,Caribbean,Lower-middle,2017,176352.0,1.8,10101.0,0.5,2.8,0.0,0.5,0.0,0.0,0.06,0.02,0.52,11427.6,0.0,0.0
Saint Lucia,LCA,America,Caribbean,Lower-middle,2018,177032.0,1.8,10341.0,0.51,2.88,0.0,0.51,0.0,0.0,0.06,0.02,0.53,14370.85,0.0,0.0
Saint Lucia,LCA,America,Caribbean,Lower-middle,2019,177675.0,1.8,10266.0,0.5,2.82,0.0,0.5,0.0,0.0,0.06,0.02,0.52,14145.36,0.0,0.0
Saint Lucia,LCA,America,Caribbean,Lower-middle,2020,178261.0,1.4,7638.0,0.49,2.73,0.0,0.49,0.0,0.0,0.06,0.02,0.51,13442.01,0.0,0.0
Saint Lucia,LCA,America,Caribbean,Lower-middle,2021,178540.0,1.5,8489.0,0.51,2.83,0.0,0.51,0.0,0.0,0.06,0.02,0.53,13946.94,0.0,0.0
Saint Lucia,LCA,America,Caribbean,Lower-middle,2022,178794.0,1.7,9783.0,0.52,2.9,0.0,0.52,0.0,0.0,0.06,0.02,0.55,14172.19,0.0,0.0
Saint Pierre and Miquelon,SPM,America,Northern America,Unknown,2013,5999.0,,,0.07,10.99,0.0,0.07,0.0,0.0,0.0,0.0,0.0,63223.35,0.0,0.0
Saint Pierre and Miquelon,SPM,America,Northern America,Unknown,2014,5984.0,,,0.07,11.02,0.0,0.07,0.0,0.0,0.0,0.0,0.0,66678.84,0.0,0.0
Saint Pierre and Miquelon,SPM,America,Northern America,Unknown,2015,5971.0,,,0.07,11.04,0.0,0.07,0.0,0.0,0.0,0.0,0.0,66824.01,0.0,0.0
Saint Pierre and Miquelon,SPM,America,Northern America,Unknown,2016,5957.0,,,0.07,11.07,0.0,0.07,0.0,0.0,0.0,0.0,0.0,68195.56,0.0,0.0
Saint Pierre and Miquelon,SPM,America,Northern America,Unknown,2017,5946.0,,,0.07,11.09,0.0,0.07,0.0,0.0,0.0,0.0,0.0,67104.97,0.0,0.0
Saint Pierre and Miquelon,SPM,America,Northern America,Unknown,2018,5932.0,,,0.06,9.88,0.0,0.06,0.0,0.0,0.0,0.0,0.0,48226.64,0.0,0.0
Saint Pierre and Miquelon,SPM,America,Northern America,Unknown,2019,5899.0,,,0.07,11.18,0.0,0.07,0.0,0.0,0.0,0.0,0.0,51840.15,0.0,0.0
Saint Pierre and Miquelon,SPM,America,Northern America,Unknown,2020,5852.0,,,0.06,10.64,0.0,0.06,0.0,0.0,0.0,0.0,0.0,49131.09,0.0,0.0
Saint Pierre and Miquelon,SPM,America,Northern America,Unknown,2021,5802.0,,,0.06,9.47,0.0,0.06,0.0,0.0,0.0,0.0,0.0,44315.49,0.0,0.0
Saint Pierre and Miquelon,SPM,America,Northern America,Unknown,2022,5760.0,,,0.05,9.27,0.0,0.05,0.0,0.0,0.0,0.0,0.0,43032.6,0.0,0.0
Saint Vincent and the Grenadines,VCT,America,Caribbean,Unknown,2013,108156.0,,,0.22,2.0,0.0,0.22,0.0,0.0,0.05,0.01,0.37,8331.03,0.0,0.0
Saint Vincent and the Grenadines,VCT,America,Caribbean,Unknown,2014,107555.0,,,0.26,2.38,0.0,0.26,0.0,0.0,0.05,0.01,0.33,8823.81,0.0,0.0
Saint Vincent and the Grenadines,VCT,America,Caribbean,Unknown,2015,106975.0,,,0.23,2.19,0.0,0.23,0.0,0.0,0.05,0.01,0.26,9015.49,0.0,0.0
Saint Vincent and the Grenadines,VCT,America,Caribbean,Unknown,2016,106365.0,,,0.24,2.27,0.0,0.24,0.0,0.0,0.05,0.01,0.28,9070.23,0.0,0.0
Saint Vincent and the Grenadines,VCT,America,Caribbean,Unknown,2017,105674.0,,,0.21,2.01,0.0,0.21,0.0,0.0,0.05,0.01,0.25,10490.86,0.0,0.0
Saint Vincent and the Grenadines,VCT,America,Caribbean,Unknown,2018,104939.0,,,0.24,2.3,0.0,0.24,0.0,0.0,0.05,0.01,0.27,10144.43,0.0,0.0
Saint Vincent and the Grenadines,VCT,America,Caribbean,Unknown,2019,104183.0,,,0.22,2.11,0.0,0.22,0.0,0.0,0.05,0.01,0.24,9379.39,0.0,0.0
Saint Vincent and the Grenadines,VCT,America,Caribbean,Unknown,2020,103540.0,,,0.24,2.3,0.0,0.24,0.0,0.0,0.05,0.01,0.26,10105.65,0.0,0.0
Saint Vincent and the Grenadines,VCT,America,Caribbean,Unknown,2021,102848.0,,,0.23,2.28,0.0,0.23,0.0,0.0,0.05,0.01,0.26,10010.84,0.0,0.0
Saint Vincent and the Grenadines,VCT,America,Caribbean,Unknown,2022,102063.0,,,0.25,2.42,0.0,0.25,0.0,0.0,0.05,0.01,0.27,10512.45,0.0,0.0
Samoa,WSM,Oceania,Polynesia,Unknown,2013,198284.0,,,0.19,0.96,0.0,0.19,0.0,0.0,0.2,0.06,1.09,5777.38,0.0,0.0
Samoa,WSM,Oceania,Polynesia,Unknown,2014,200051.0,,,0.2,1.01,0.0,0.2,0.0,0.0,0.2,0.06,1.25,5826.46,0.0,0.0
Samoa,WSM,Oceania,Polynesia,Unknown,2015,201794.0,,,0.23,1.13,0.0,0.23,0.0,0.0,0.21,0.06,1.15,6696.76,0.0,0.0
Samoa,WSM,Oceania,Polynesia,Unknown,2016,203509.0,,,0.24,1.17,0.0,0.24,0.0,0.0,0.19,0.06,0.9,7039.85,0.0,0.0
Samoa,WSM,Oceania,Polynesia,Unknown,2017,205423.0,,,0.23,1.14,0.0,0.23,0.0,0.0,0.18,0.05,0.72,6688.36,0.0,0.0
Samoa,WSM,Oceania,Polynesia,Unknown,2018,207595.0,,,0.23,1.13,0.0,0.23,0.0,0.0,0.17,0.05,0.57,6772.36,0.0,0.0
Samoa,WSM,Oceania,Polynesia,Unknown,2019,209794.0,,,0.26,1.24,0.0,0.26,0.0,0.0,0.15,0.04,0.48,7204.65,0.0,0.0
Samoa,WSM,Oceania,Polynesia,Unknown,2020,211957.0,,,0.23,1.11,0.0,0.23,0.0,0.0,0.13,0.04,0.38,6182.26,0.0,0.0
Samoa,WSM,Oceania,Polynesia,Unknown,2021,213792.0,,,0.27,1.25,0.0,0.27,0.0,0.0,0.16,0.05,0.4,6107.98,0.0,0.0
Samoa,WSM,Oceania,Polynesia,Unknown,2022,215270.0,,,0.24,1.1,0.0,0.24,0.0,0.0,0.16,0.05,0.29,6267.3,0.0,0.0
San Marino,SMR,Europe,Southern Europe,Unknown,2013,33641.0,,,0.0,0.0,0.0,0.0,0.0,0.0,0.0,0.0,0.0,,0.0,0.0
San Marino,SMR,Europe,Southern Europe,Unknown,2014,33753.0,,,0.0,0.0,0.0,0.0,0.0,0.0,0.0,0.0,0.0,,0.0,0.0
San Marino,SMR,Europe,Southern Europe,Unknown,2015,33927.0,,,0.0,0.0,0.0,0.0,0.0,0.0,0.0,0.0,0.0,,0.0,0.0
San Marino,SMR,Europe,Southern Europe,Unknown,2016,34188.0,,,0.0,0.0,0.0,0.0,0.0,0.0,0.0,0.0,0.0,,0.0,0.0
San Marino,SMR,Europe,Southern Europe,Unknown,2017,34405.0,,,0.0,0.0,0.0,0.0,0.0,0.0,0.0,0.0,0.0,,0.0,0.0
San Marino,SMR,Europe,Southern Europe,Unknown,2018,34557.0,,,0.0,0.0,0.0,0.0,0.0,0.0,0.0,0.0,0.0,,0.0,0.0
San Marino,SMR,Europe,Southern Europe,Unknown,2019,34674.0,,,0.0,0.0,0.0,0.0,0.0,0.0,0.0,0.0,0.0,,0.0,0.0
San Marino,SMR,Europe,Southern Europe,Unknown,2020,34796.0,,,0.0,0.0,0.0,0.0,0.0,0.0,0.0,0.0,0.0,,0.0,0.0
San Marino,SMR,Europe,Southern Europe,Unknown,2021,34599.0,,,0.0,0.0,0.0,0.0,0.0,0.0,0.0,0.0,0.0,,0.0,0.0
San Marino,SMR,Europe,Southern Europe,Unknown,2022,34113.0,,,0.0,0.0,0.0,0.0,0.0,0.0,0.0,0.0,0.0,,0.0,0.0
Sao Tome and Principe,STP,Africa,Middle Africa,Lower-middle,2013,193158.0,0.6,3208.0,0.11,0.57,0.0,0.11,0.0,0.0,0.06,0.02,0.27,3131.05,0.0,0.0
Sao Tome and Principe,STP,Africa,Middle Africa,Lower-middle,2014,196780.0,0.7,3354.0,0.13,0.65,0.0,0.13,0.0,0.0,0.06,0.02,0.23,3083.58,0.0,0.0
Sao Tome and Principe,STP,Africa,Middle Africa,Lower-middle,2015,200308.0,0.7,3433.0,0.14,0.68,0.0,0.14,0.0,0.0,0.06,0.02,0.39,3139.28,0.0,0.0
Sao Tome and Principe,STP,Africa,Middle Africa,Lower-middle,2016,203702.0,0.7,3528.0,0.15,0.72,0.0,0.15,0.0,0.0,0.06,0.02,0.34,3200.86,0.0,0.0
Sao Tome and Principe,STP,Africa,Middle Africa,Lower-middle,2017,206986.0,0.7,3601.0,0.14,0.67,0.0,0.14,0.0,0.0,0.06,0.02,0.33,3200.03,0.0,0.0
Sao Tome and Principe,STP,Africa,Middle Africa,Lower-middle,2018,210198.0,0.8,3654.0,0.14,0.66,0.0,0.14,0.0,0.0,0.06,0.02,0.27,2999.56,0.0,0.0
Sao Tome and Principe,STP,Africa,Middle Africa,Lower-middle,2019,213405.0,0.8,3678.0,0.15,0.69,0.0,0.15,0.0,0.0,0.07,0.02,0.28,3108.31,0.0,0.0
Sao Tome and Principe,STP,Africa,Middle Africa,Lower-middle,2020,217450.0,0.8,3722.0,0.14,0.66,0.0,0.14,0.0,0.0,0.07,0.02,0.31,2926.47,0.0,0.0
Sao Tome and Principe,STP,Africa,Middle Africa,Lower-middle,2021,221975.0,0.8,3715.0,0.14,0.64,0.0,0.14,0.0,0.0,0.07,0.02,0.27,2968.91,0.0,0.0
Sao Tome and Principe,STP,Africa,Middle Africa,Lower-middle,2022,226313.0,0.8,3646.0,0.14,0.6,0.0,0.14,0.0,0.0,0.07,0.02,0.29,2571.2,0.0,0.0
Saudi Arabia,SAU,Asia,Western Asia,High income,2013,28026825.0,1461.6,52151.0,583.18,20.81,0.24,359.38,192.01,27.79,99.46,9.36,689.07,97450.23,1.65,0.0
Saudi Arabia,SAU,Asia,Western Asia,High income,2014,28998127.0,1520.5,52434.0,585.11,20.18,0.26,355.28,196.52,29.4,101.3,9.57,693.59,101100.23,1.65,0.0
Saudi Arabia,SAU,Asia,Western Asia,High income,2015,29974944.0,1591.8,53104.0,624.55,20.84,0.26,390.53,200.5,29.21,104.79,9.8,737.01,101972.69,1.76,0.01
Saudi Arabia,SAU,Asia,Western Asia,High income,2016,30717804.0,1629.4,53045.0,641.17,20.87,0.33,395.72,212.8,28.44,107.74,9.78,757.19,103517.94,1.81,0.01
Saudi Arabia,SAU,Asia,Western Asia,High income,2017,30782400.0,1628.3,52896.0,644.49,20.94,0.52,393.12,222.86,23.63,105.97,9.45,758.85,103364.89,1.79,0.01
Saudi Arabia,SAU,Asia,Western Asia,High income,2018,30365119.0,1673.3,55104.0,652.2,21.48,0.46,391.61,231.04,24.75,109.1,9.5,769.68,102146.08,1.78,0.01
Saudi Arabia,SAU,Asia,Western Asia,High income,2019,30472809.0,1687.2,55367.0,708.34,23.24,0.48,446.99,233.22,23.68,106.72,9.63,823.83,97377.94,1.91,0.01
Saudi Arabia,SAU,Asia,Western Asia,High income,2020,30991206.0,1613.9,52077.0,653.57,21.09,0.42,388.28,234.95,25.65,106.55,11.04,770.18,93195.88,1.86,0.01
Saudi Arabia,SAU,Asia,Western Asia,High income,2021,31328374.0,1677.2,53537.0,695.39,22.2,0.52,420.65,241.86,28.37,106.55,11.06,812.1,95196.31,1.89,0.01
Saudi Arabia,SAU,Asia,Western Asia,High income,2022,32175351.0,1823.9,56686.0,666.99,20.73,0.51,435.51,197.94,29.54,117.03,11.82,795.18,97902.7,1.78,0.01
Senegal,SEN,Africa,Western Africa,Low income,2013,13710857.0,32.2,2346.0,7.85,0.57,0.81,4.93,0.08,2.02,9.9,4.83,22.04,2060.03,0.02,0.0
Senegal,SEN,Africa,Western Africa,Low income,2014,14152103.0,34.2,2414.0,8.72,0.62,1.1,5.65,0.07,1.9,9.72,4.77,34.8,2220.11,0.02,0.0
Senegal,SEN,Africa,Western Africa,Low income,2015,14593335.0,36.3,2491.0,9.85,0.68,1.15,6.86,0.05,1.79,9.68,4.52,30.48,2501.01,0.03,0.0
Senegal,SEN,Africa,Western Africa,Low income,2016,15034517.0,38.7,2571.0,10.01,0.67,1.2,6.77,0.04,2.0,10.18,5.28,30.02,2342.34,0.03,0.0
Senegal,SEN,Africa,Western Africa,Low income,2017,15475001.0,41.5,2683.0,10.76,0.7,1.44,7.26,0.04,2.01,10.04,5.42,29.53,2407.79,0.03,0.0
Senegal,SEN,Africa,Western Africa,Low income,2018,15914495.0,44.1,2771.0,11.33,0.71,2.26,6.95,0.02,2.1,9.97,5.21,29.99,2492.89,0.03,0.0
Senegal,SEN,Africa,Western Africa,Low income,2019,16352926.0,46.1,2821.0,12.71,0.78,2.09,7.97,0.03,2.62,10.32,5.45,31.83,2556.1,0.03,0.0
Senegal,SEN,Africa,Western Africa,Low income,2020,16789217.0,46.7,2784.0,10.82,0.64,1.35,6.72,0.03,2.73,10.94,5.86,32.69,2295.9,0.03,0.0
Senegal,SEN,Africa,Western Africa,Low income,2021,17220866.0,49.6,2879.0,12.32,0.72,1.97,7.43,0.02,2.91,10.92,5.7,32.14,2586.95,0.03,0.0
Senegal,SEN,Africa,Western Africa,Low income,2022,17651099.0,51.9,2941.0,14.13,0.8,2.09,8.93,0.01,3.1,10.93,5.9,34.16,2651.39,0.04,0.0
Serbia,SRB,Europe,Southern Europe,Upper-middle,2013,7276183.0,93.0,12785.0,44.58,6.13,31.28,8.22,4.27,0.79,7.47,4.33,41.28,23679.71,0.13,0.0
Serbia,SRB,Europe,Southern Europe,Upper-middle,2014,7227203.0,91.5,12667.0,37.33,5.16,24.62,8.22,3.68,0.79,7.32,3.63,33.44,20779.76,0.1,0.0
Serbia,SRB,Europe,Southern Europe,Upper-middle,2015,7177257.0,93.2,12986.0,43.9,6.12,30.56,8.49,4.0,0.82,7.44,3.46,41.18,23759.52,0.12,0.0
Serbia,SRB,Europe,Southern Europe,Upper-middle,2016,7126083.0,96.3,13516.0,45.19,6.34,31.08,8.89,4.33,0.89,7.36,3.79,42.95,24436.86,0.13,0.0
Serbia,SRB,Europe,Southern Europe,Upper-middle,2017,7073507.0,98.3,13902.0,45.67,6.46,31.01,8.87,4.84,0.94,7.32,3.5,44.11,25638.64,0.13,0.0
Serbia,SRB,Europe,Southern Europe,Upper-middle,2018,7020014.0,102.8,14638.0,44.48,6.34,29.6,8.97,4.88,1.03,7.14,3.06,42.59,25794.07,0.12,0.0
Serbia,SRB,Europe,Southern Europe,Upper-middle,2019,6966155.0,107.2,15390.0,44.44,6.38,29.6,9.22,4.56,1.06,7.21,3.15,43.69,25990.82,0.12,0.0
Serbia,SRB,Europe,Southern Europe,Upper-middle,2020,6907814.0,106.2,15380.0,45.36,6.57,31.03,8.6,4.55,1.17,7.47,3.87,46.15,25791.17,0.13,0.0
Serbia,SRB,Europe,Southern Europe,Upper-middle,2021,6835429.0,114.3,16716.0,43.89,6.42,27.46,9.65,5.48,1.29,7.23,3.0,43.46,27267.76,0.12,0.0
Serbia,SRB,Europe,Southern Europe,Upper-middle,2022,6791215.0,116.8,17204.0,44.46,6.55,27.11,10.76,5.3,1.3,7.08,3.79,44.79,26256.81,0.12,0.0
Seychelles,SYC,Africa,Eastern Africa,Upper-middle,2013,102108.0,2.1,20530.0,0.41,4.06,0.0,0.41,0.0,0.0,0.06,0.02,0.49,36527.23,0.0,0.0
Seychelles,SYC,Africa,Eastern Africa,Upper-middle,2014,104663.0,2.2,21316.0,0.46,4.38,0.0,0.46,0.0,0.0,0.06,0.02,0.54,41677.82,0.0,0.0
Seychelles,SYC,Africa,Eastern Africa,Upper-middle,2015,107247.0,2.4,22038.0,0.5,4.65,0.0,0.5,0.0,0.0,0.06,0.02,0.58,42146.88,0.0,0.0
Seychelles,SYC,Africa,Eastern Africa,Upper-middle,2016,109836.0,2.7,24206.0,0.55,5.04,0.0,0.55,0.0,0.0,0.06,0.03,0.65,45840.83,0.0,0.0
Seychelles,SYC,Africa,Eastern Africa,Upper-middle,2017,112443.0,2.8,25118.0,0.57,5.12,0.0,0.57,0.0,0.0,0.07,0.03,0.67,46686.66,0.0,0.0
Seychelles,SYC,Africa,Eastern Africa,Upper-middle,2018,115053.0,3.0,25930.0,0.6,5.19,0.0,0.6,0.0,0.0,0.07,0.03,0.69,36782.39,0.0,0.0
Seychelles,SYC,Africa,Eastern Africa,Upper-middle,2019,117662.0,3.1,26662.0,0.59,5.01,0.0,0.59,0.0,0.0,0.07,0.03,0.69,32611.26,0.0,0.0
Seychelles,SYC,Africa,Eastern Africa,Upper-middle,2020,120299.0,2.9,23872.0,0.6,4.96,0.0,0.6,0.0,0.0,0.07,0.03,0.7,29880.9,0.0,0.0
Seychelles,SYC,Africa,Eastern Africa,Upper-middle,2021,123000.0,2.9,23936.0,0.61,4.97,0.0,0.61,0.0,0.0,0.07,0.03,0.72,27693.8,0.0,0.0
Seychelles,SYC,Africa,Eastern Africa,Upper-middle,2022,125533.0,3.1,24323.0,0.63,5.01,0.0,0.63,0.0,0.0,0.07,0.03,0.74,28729.11,0.0,0.0
Sierra Leone,SLE,Africa,Western Africa,Low income,2013,6714057.0,11.0,1643.0,1.05,0.16,0.0,1.05,0.0,0.0,5.02,1.36,24.14,690.48,0.0,0.0
Sierra Leone,SLE,Africa,Western Africa,Low income,2014,6876385.0,11.5,1676.0,1.13,0.16,0.0,1.13,0.0,0.0,5.24,1.42,21.21,738.87,0.0,0.0
Sierra Leone,SLE,Africa,Western Africa,Low income,2015,7037660.0,9.2,1306.0,1.08,0.15,0.0,1.08,0.0,0.0,5.01,1.49,18.68,585.57,0.0,0.0
Sierra Leone,SLE,Africa,Western Africa,Low income,2016,7205339.0,9.8,1355.0,1.14,0.16,0.0,1.14,0.0,0.0,5.2,1.4,18.85,585.52,0.0,0.0
Sierra Leone,SLE,Africa,Western Africa,Low income,2017,7379300.0,10.1,1373.0,1.1,0.15,0.0,1.1,0.0,0.0,5.13,1.39,17.91,565.93,0.0,0.0
Sierra Leone,SLE,Africa,Western Africa,Low income,2018,7554568.0,10.5,1387.0,1.04,0.14,0.0,1.04,0.0,0.0,5.8,1.35,17.19,607.23,0.0,0.0
Sierra Leone,SLE,Africa,Western Africa,Low income,2019,7731994.0,11.0,1427.0,1.12,0.14,0.0,1.12,0.0,0.0,4.86,1.23,15.59,646.62,0.0,0.0
Sierra Leone,SLE,Africa,Western Africa,Low income,2020,7912557.0,10.8,1367.0,1.19,0.15,0.0,1.19,0.0,0.0,4.93,1.26,15.65,663.21,0.0,0.0
Sierra Leone,SLE,Africa,Western Africa,Low income,2021,8094603.0,11.3,1391.0,1.48,0.18,0.0,1.48,0.0,0.0,5.58,1.37,16.88,799.51,0.0,0.0
Sierra Leone,SLE,Africa,Western Africa,Low income,2022,8276809.0,11.7,1411.0,1.44,0.17,0.0,1.44,0.0,0.0,5.16,1.38,16.08,766.95,0.0,0.0
Singapore,SGP,Asia,South-eastern Asia,High income,2013,5385589.0,350.0,64986.0,47.0,8.73,1.0,27.68,18.32,0.0,4.35,1.14,52.73,156552.8,0.13,0.0
Singapore,SGP,Asia,South-eastern Asia,High income,2014,5457899.0,363.8,66648.0,47.6,8.72,1.47,26.91,19.22,0.0,4.53,1.2,53.6,157654.78,0.13,0.0
Singapore,SGP,Asia,South-eastern Asia,High income,2015,5525343.0,374.6,67794.0,49.4,8.94,1.54,28.3,19.56,0.0,4.72,1.2,55.43,164988.62,0.14,0.0
Singapore,SGP,Asia,South-eastern Asia,High income,2016,5577936.0,388.1,69574.0,49.1,8.8,1.62,27.44,20.05,0.0,4.48,1.19,54.9,172266.61,0.14,0.0
Singapore,SGP,Asia,South-eastern Asia,High income,2017,5604087.0,405.7,72396.0,50.1,8.94,3.4,26.54,20.16,0.0,4.94,1.32,56.49,175960.0,0.14,0.0
Singapore,SGP,Asia,South-eastern Asia,High income,2018,5634366.0,420.2,74582.0,50.3,8.93,1.81,27.91,20.58,0.0,4.93,1.33,56.66,176342.38,0.14,0.0
Singapore,SGP,Asia,South-eastern Asia,High income,2019,5669562.0,425.8,75106.0,49.0,8.64,1.74,26.38,20.89,0.0,5.07,1.35,55.53,171884.06,0.13,0.0
Singapore,SGP,Asia,South-eastern Asia,High income,2020,5620151.0,409.2,72810.0,46.7,8.31,1.64,23.94,21.12,0.0,4.85,1.34,53.02,162517.11,0.13,0.0
Singapore,SGP,Asia,South-eastern Asia,High income,2021,5546291.0,445.6,80333.0,50.1,9.03,1.76,26.79,21.55,0.0,5.11,1.36,56.7,164442.58,0.14,0.0
Singapore,SGP,Asia,South-eastern Asia,High income,2022,5649888.0,461.8,81736.0,48.93,8.66,1.57,26.28,21.08,0.0,5.33,1.33,55.72,158521.72,0.13,0.0
Sint Maarten (Dutch part),SXM,America,Caribbean,Unknown,2013,35871.0,,,0.71,19.92,0.0,0.71,0.0,0.0,0.0,0.0,0.0,,0.0,0.0
Sint Maarten (Dutch part),SXM,America,Caribbean,Unknown,2014,36695.0,,,0.72,19.77,0.0,0.72,0.0,0.0,0.0,0.0,0.0,,0.0,0.0
Sint Maarten (Dutch part),SXM,America,Caribbean,Unknown,2015,37490.0,,,0.74,19.84,0.0,0.74,0.0,0.0,0.0,0.0,0.0,,0.0,0.0
Sint Maarten (Dutch part),SXM,America,Caribbean,Unknown,2016,38274.0,,,0.75,19.53,0.0,0.75,0.0,0.0,0.0,0.0,0.0,,0.0,0.0
Sint Maarten (Dutch part),SXM,America,Caribbean,Unknown,2017,39012.0,,,0.7,18.03,0.0,0.7,0.0,0.0,0.0,0.0,0.0,,0.0,0.0
Sint Maarten (Dutch part),SXM,America,Caribbean,Unknown,2018,39736.0,,,0.68,17.24,0.0,0.68,0.0,0.0,0.0,0.0,0.0,,0.0,0.0
Sint Maarten (Dutch part),SXM,America,Caribbean,Unknown,2019,40410.0,,,0.69,17.05,0.0,0.69,0.0,0.0,0.0,0.0,0.0,,0.0,0.0
Sint Maarten (Dutch part),SXM,America,Caribbean,Unknown,2020,41027.0,,,0.65,15.9,0.0,0.65,0.0,0.0,0.0,0.0,0.0,,0.0,0.0
Sint Maarten (Dutch part),SXM,America,Caribbean,Unknown,2021,41593.0,,,0.68,16.39,0.0,0.68,0.0,0.0,0.0,0.0,0.0,,0.0,0.0
Sint Maarten (Dutch part),SXM,America,Caribbean,Unknown,2022,42163.0,,,0.69,16.42,0.0,0.69,0.0,0.0,0.0,0.0,0.0,,0.0,0.0
Slovakia,SVK,Europe,Eastern Europe,Upper-middle,2013,5410422.0,122.9,22719.0,35.62,6.58,14.15,8.87,10.48,1.14,5.92,3.13,65.31,35965.22,0.1,0.0
Slovakia,SVK,Europe,Eastern Europe,Upper-middle,2014,5415238.0,126.2,23311.0,33.71,6.22,13.97,8.75,8.72,1.27,5.59,3.14,66.85,33446.34,0.1,0.0
Slovakia,SVK,Europe,Eastern Europe,Upper-middle,2015,5420278.0,132.8,24492.0,34.53,6.37,13.8,9.53,8.96,1.31,5.71,3.22,73.59,33760.25,0.1,0.0
Slovakia,SVK,Europe,Eastern Europe,Upper-middle,2016,5427262.0,135.3,24936.0,34.98,6.44,13.7,9.9,9.1,1.34,5.81,3.26,65.07,34039.95,0.1,0.0
Slovakia,SVK,Europe,Eastern Europe,Upper-middle,2017,5435702.0,139.3,25629.0,36.18,6.66,14.16,10.01,9.64,1.37,5.86,3.2,57.52,35799.37,0.1,0.0
Slovakia,SVK,Europe,Eastern Europe,Upper-middle,2018,5443229.0,144.9,26625.0,36.18,6.65,14.1,10.12,9.58,1.35,5.7,3.29,50.17,35143.78,0.1,0.0
Slovakia,SVK,Europe,Eastern Europe,Upper-middle,2019,5450627.0,148.6,27259.0,33.85,6.21,11.67,10.22,9.58,1.4,5.72,3.26,42.06,33913.33,0.09,0.0
Slovakia,SVK,Europe,Eastern Europe,Upper-middle,2020,5455028.0,143.6,26318.0,31.18,5.72,9.85,9.52,9.49,1.44,5.78,3.28,34.84,33203.39,0.09,0.0
Slovakia,SVK,Europe,Eastern Europe,Upper-middle,2021,5442766.0,147.9,27172.0,35.25,6.48,12.08,10.14,10.61,1.45,5.97,3.35,35.22,35868.37,0.1,0.0
Slovakia,SVK,Europe,Eastern Europe,Upper-middle,2022,5473195.0,150.4,27472.0,31.59,5.77,9.93,10.35,8.89,1.49,5.78,3.23,27.78,32867.98,0.08,0.0
Slovenia,SVN,Europe,Southern Europe,Upper-middle,2013,2056452.0,51.8,25191.0,15.14,7.36,5.74,7.08,1.65,0.39,3.17,0.79,23.81,39280.56,0.04,0.0
Slovenia,SVN,Europe,Southern Europe,Upper-middle,2014,2058395.0,53.2,25864.0,13.57,6.59,4.5,6.92,1.49,0.42,2.86,0.8,21.6,40255.16,0.04,0.0
Slovenia,SVN,Europe,Southern Europe,Upper-middle,2015,2059946.0,54.4,26415.0,13.66,6.63,4.62,6.84,1.59,0.37,2.95,0.8,22.03,36270.61,0.04,0.0
Slovenia,SVN,Europe,Southern Europe,Upper-middle,2016,2061379.0,56.2,27240.0,14.47,7.02,4.96,7.22,1.69,0.34,2.89,0.8,22.96,38740.15,0.04,0.0
Slovenia,SVN,Europe,Southern Europe,Upper-middle,2017,2062410.0,58.9,28537.0,14.64,7.1,4.91,7.28,1.77,0.41,2.93,0.8,23.21,39139.12,0.04,0.0
Slovenia,SVN,Europe,Southern Europe,Upper-middle,2018,2069484.0,61.5,29706.0,14.56,7.04,4.79,7.33,1.73,0.45,2.85,0.79,22.05,39812.32,0.04,0.0
Slovenia,SVN,Europe,Southern Europe,High income,2019,2083438.0,63.6,30526.0,14.05,6.74,4.53,7.03,1.76,0.48,2.85,0.79,21.8,38399.17,0.04,0.0
Slovenia,SVN,Europe,Southern Europe,Upper-middle,2020,2102421.0,60.8,28943.0,12.87,6.12,4.39,6.0,1.76,0.48,2.83,0.79,19.75,36764.93,0.04,0.0
Slovenia,SVN,Europe,Southern Europe,High income,2021,2113495.0,65.8,31155.0,13.08,6.19,3.99,6.52,1.86,0.47,2.67,0.8,19.68,36234.73,0.04,0.0
Slovenia,SVN,Europe,Southern Europe,High income,2022,2115231.0,69.4,32803.0,12.73,6.02,3.24,7.12,1.67,0.49,2.53,0.78,18.8,33377.8,0.03,0.0
Solomon Islands,SLB,Oceania,Melanesia,Unknown,2013,594952.0,,,0.38,0.63,0.0,0.38,0.0,0.0,0.23,0.04,5.4,2709.94,0.0,0.0
Solomon Islands,SLB,Oceania,Melanesia,Unknown,2014,616915.0,,,0.33,0.54,0.0,0.33,0.0,0.0,0.24,0.04,4.22,2459.19,0.0,0.0
Solomon Islands,SLB,Oceania,Melanesia,Unknown,2015,639423.0,,,0.3,0.46,0.0,0.3,0.0,0.0,0.24,0.03,4.75,2167.24,0.0,0.0
Solomon Islands,SLB,Oceania,Melanesia,Unknown,2016,662387.0,,,0.29,0.44,0.0,0.29,0.0,0.0,0.25,0.04,4.57,2009.22,0.0,0.0
Solomon Islands,SLB,Oceania,Melanesia,Unknown,2017,685677.0,,,0.29,0.42,0.0,0.29,0.0,0.0,0.25,0.04,4.56,1927.05,0.0,0.0
Solomon Islands,SLB,Oceania,Melanesia,Unknown,2018,709109.0,,,0.29,0.41,0.0,0.29,0.0,0.0,0.26,0.04,4.12,1908.37,0.0,0.0
Solomon Islands,SLB,Oceania,Melanesia,Unknown,2019,728156.0,,,0.3,0.41,0.0,0.3,0.0,0.0,0.26,0.03,3.85,1829.27,0.0,0.0
Solomon Islands,SLB,Oceania,Melanesia,Unknown,2020,744505.0,,,0.29,0.39,0.0,0.29,0.0,0.0,0.27,0.03,3.63,1751.73,0.0,0.0
Solomon Islands,SLB,Oceania,Melanesia,Unknown,2021,762594.0,,,0.29,0.38,0.0,0.29,0.0,0.0,0.28,0.03,3.49,1691.58,0.0,0.0
Solomon Islands,SLB,Oceania,Melanesia,Unknown,2022,781075.0,,,0.28,0.36,0.0,0.28,0.0,0.0,0.28,0.03,3.48,1602.05,0.0,0.0
Somalia,SOM,Africa,Eastern Africa,Unknown,2013,12869599.0,,,0.86,0.07,0.0,0.86,0.0,0.0,24.36,6.44,44.62,264.89,0.0,0.0
Somalia,SOM,Africa,Eastern Africa,Unknown,2014,13339497.0,,,0.89,0.07,0.0,0.89,0.0,0.0,24.45,6.44,43.68,255.57,0.0,0.0
Somalia,SOM,Africa,Eastern Africa,Unknown,2015,13806969.0,,,0.92,0.07,0.0,0.92,0.0,0.0,24.35,6.42,43.2,256.09,0.0,0.0
Somalia,SOM,Africa,Eastern Africa,Unknown,2016,14348741.0,,,0.96,0.07,0.0,0.96,0.0,0.0,24.49,6.39,43.38,251.35,0.0,0.0
Somalia,SOM,Africa,Eastern Africa,Unknown,2017,14916630.0,,,0.99,0.07,0.0,0.99,0.0,0.0,24.53,6.33,43.8,241.23,0.0,0.0
Somalia,SOM,Africa,Eastern Africa,Unknown,2018,15452489.0,,,1.03,0.07,0.0,1.03,0.0,0.0,24.78,6.34,44.31,326.76,0.0,0.0
Somalia,SOM,Africa,Eastern Africa,Unknown,2019,16030969.0,,,1.07,0.07,0.0,1.07,0.0,0.0,25.14,6.35,45.19,326.2,0.0,0.0
Somalia,SOM,Africa,Eastern Africa,Unknown,2020,16651200.0,,,1.14,0.07,0.0,1.14,0.0,0.0,25.4,6.4,45.82,341.12,0.0,0.0
Somalia,SOM,Africa,Eastern Africa,Unknown,2021,17271435.0,,,1.15,0.07,0.0,1.15,0.0,0.0,25.14,6.3,46.04,336.74,0.0,0.0
Somalia,SOM,Africa,Eastern Africa,Unknown,2022,17801895.0,,,1.27,0.07,0.0,1.27,0.0,0.0,25.24,6.22,46.77,359.71,0.0,0.0
South Africa,ZAF,Africa,Southern Africa,Upper-middle,2013,54678789.0,677.3,12386.0,456.19,8.34,392.34,49.52,9.38,4.89,87.75,20.24,565.26,26163.14,1.29,0.01
South Africa,ZAF,Africa,Southern Africa,Upper-middle,2014,55594840.0,686.9,12355.0,481.64,8.66,413.2,54.54,8.94,4.91,88.51,20.32,590.75,26046.39,1.36,0.01
South Africa,ZAF,Africa,Southern Africa,Upper-middle,2015,56723536.0,695.9,12269.0,457.47,8.06,387.49,54.69,9.83,5.42,87.34,19.37,564.5,24952.88,1.29,0.01
South Africa,ZAF,Africa,Southern Africa,Upper-middle,2016,57259550.0,700.6,12235.0,457.05,7.98,384.49,59.01,7.82,5.69,85.8,18.59,561.79,25848.28,1.29,0.01
South Africa,ZAF,Africa,Southern Africa,Upper-middle,2017,57635158.0,708.7,12296.0,440.01,7.63,369.9,57.26,7.34,5.48,87.12,20.24,547.12,25594.48,1.22,0.01
South Africa,ZAF,Africa,Southern Africa,Upper-middle,2018,58613001.0,719.5,12275.0,453.77,7.74,384.22,54.28,9.75,5.47,86.08,20.24,560.44,24053.7,1.24,0.01
South Africa,ZAF,Africa,Southern Africa,Upper-middle,2019,59587880.0,721.6,12111.0,470.73,7.9,405.22,50.17,9.84,5.45,85.42,20.01,577.6,24698.11,1.27,0.01
South Africa,ZAF,Africa,Southern Africa,Lower-middle,2020,60562374.0,675.9,11160.0,435.3,7.19,374.0,46.61,9.56,5.07,83.51,19.84,541.34,23110.01,1.24,0.01
South Africa,ZAF,Africa,Southern Africa,Lower-middle,2021,61502602.0,709.1,11529.0,439.46,7.14,366.53,59.91,7.1,5.87,81.62,21.22,545.7,22855.14,1.19,0.01
South Africa,ZAF,Africa,Southern Africa,Lower-middle,2022,62378417.0,723.6,11600.0,428.78,6.87,357.02,59.16,6.93,5.63,81.24,19.9,533.33,21580.69,1.14,0.01
South Korea,KOR,Asia,Eastern Asia,High income,2013,50071168.0,1700.0,33953.0,634.58,12.67,320.64,168.58,111.53,25.05,28.33,12.76,667.71,64755.3,1.8,0.01
South Korea,KOR,Asia,Eastern Asia,High income,2014,50539055.0,1754.5,34715.0,629.37,12.45,331.3,161.53,101.44,25.41,28.68,12.24,665.25,64689.97,1.78,0.01
South Korea,KOR,Asia,Eastern Asia,High income,2015,50983909.0,1803.8,35379.0,634.18,12.44,335.41,170.59,92.59,25.78,29.31,12.44,671.25,65128.56,1.79,0.01
South Korea,KOR,Asia,Eastern Asia,High income,2016,51297836.0,1856.9,36199.0,637.91,12.44,320.7,184.03,96.66,26.67,29.33,14.04,674.03,67038.73,1.8,0.01
South Korea,KOR,Asia,Eastern Asia,High income,2017,51486268.0,1915.6,37206.0,654.54,12.71,337.67,179.41,100.86,26.35,29.82,14.61,691.61,67581.46,1.82,0.01
South Korea,KOR,Asia,Eastern Asia,High income,2018,51640894.0,1971.3,38173.0,670.17,12.98,340.35,177.63,117.17,24.7,30.0,14.72,709.06,68987.42,1.82,0.01
South Korea,KOR,Asia,Eastern Asia,High income,2019,51767844.0,2015.5,38934.0,646.1,12.48,321.61,175.8,113.59,24.93,30.14,14.54,683.06,67917.34,1.74,0.01
South Korea,KOR,Asia,Eastern Asia,High income,2020,51858481.0,2001.2,38590.0,597.63,11.52,282.88,165.07,116.64,22.87,32.96,14.27,636.65,65364.6,1.7,0.01
South Korea,KOR,Asia,Eastern Asia,High income,2021,51848401.0,2084.2,40198.0,616.08,11.88,283.91,171.48,126.79,23.7,36.49,14.4,657.43,68918.58,1.67,0.01
South Korea,KOR,Asia,Eastern Asia,High income,2022,51782515.0,2137.6,41280.0,606.88,11.72,272.88,173.66,126.73,23.41,37.11,14.01,651.58,69899.45,1.62,0.01
South Sudan,SSD,Africa,Eastern Africa,Unknown,2013,11166280.0,,,1.44,0.13,0.0,1.44,0.0,0.0,31.28,19.14,63.26,564.89,0.0,0.0
South Sudan,SSD,Africa,Eastern Africa,Unknown,2014,11235071.0,,,1.5,0.13,0.0,1.5,0.0,0.0,31.72,19.31,59.21,580.85,0.0,0.0
South Sudan,SSD,Africa,Eastern Africa,Unknown,2015,11107569.0,,,1.91,0.17,0.0,1.91,0.0,0.0,31.92,19.55,62.4,720.1,0.0,0.0
South Sudan,SSD,Africa,Eastern Africa,Unknown,2016,10830108.0,,,1.7,0.16,0.0,1.7,0.0,0.0,32.38,20.16,63.85,713.28,0.0,0.0
South Sudan,SSD,Africa,Eastern Africa,Unknown,2017,10259150.0,,,1.46,0.14,0.0,1.46,0.0,0.0,31.03,19.01,60.38,659.66,0.0,0.0
South Sudan,SSD,Africa,Eastern Africa,Unknown,2018,10122983.0,,,1.74,0.17,0.0,1.74,0.0,0.0,34.54,21.72,66.11,776.82,0.0,0.0
South Sudan,SSD,Africa,Eastern Africa,Unknown,2019,10423382.0,,,1.77,0.17,0.0,1.77,0.0,0.0,29.82,17.05,52.13,711.8,0.0,0.0
South Sudan,SSD,Africa,Eastern Africa,Unknown,2020,10698471.0,,,1.71,0.16,0.0,1.71,0.0,0.0,33.52,20.39,67.14,627.95,0.0,0.0
South Sudan,SSD,Africa,Eastern Africa,Unknown,2021,10865786.0,,,1.74,0.16,0.0,1.74,0.0,0.0,32.07,19.17,61.66,668.25,0.0,0.0
South Sudan,SSD,Africa,Eastern Africa,Unknown,2022,11021175.0,,,1.63,0.15,0.0,1.63,0.0,0.0,30.82,17.88,58.18,618.12,0.0,0.0
Spain,ESP,Europe,Southern Europe,High income,2013,46860394.0,1413.4,30161.0,252.11,5.38,48.72,129.98,59.06,7.64,43.3,20.64,302.98,33685.82,0.72,0.01
Spain,ESP,Europe,Southern Europe,High income,2014,46720187.0,1433.1,30674.0,253.66,5.43,53.62,129.9,54.25,8.9,44.21,21.06,304.31,33266.54,0.72,0.01
Spain,ESP,Europe,Southern Europe,High income,2015,46683683.0,1488.1,31876.0,270.25,5.79,61.25,136.36,56.6,9.22,45.51,21.53,319.56,33697.95,0.76,0.01
Spain,ESP,Europe,Southern Europe,High income,2016,46732768.0,1533.3,32810.0,259.56,5.55,45.48,140.3,57.65,9.41,45.16,21.26,310.05,33871.6,0.73,0.01
Spain,ESP,Europe,Southern Europe,High income,2017,46868594.0,1578.9,33688.0,273.48,5.84,53.5,141.12,62.51,9.45,45.15,21.64,320.49,34181.58,0.76,0.01
Spain,ESP,Europe,Southern Europe,High income,2018,47092817.0,1615.0,34294.0,268.52,5.7,47.9,142.11,61.82,9.67,46.05,21.81,320.73,34584.29,0.73,0.01
Spain,ESP,Europe,Southern Europe,High income,2019,47435121.0,1647.0,34722.0,250.67,5.28,23.53,140.04,71.16,9.06,45.55,21.28,299.7,33390.26,0.68,0.01
Spain,ESP,Europe,Southern Europe,High income,2020,47679482.0,1460.5,30632.0,211.76,4.44,14.23,118.78,64.23,8.19,46.02,21.77,263.36,29844.28,0.6,0.01
Spain,ESP,Europe,Southern Europe,High income,2021,47735670.0,1541.1,32284.0,228.81,4.79,16.01,129.71,68.1,8.47,45.94,21.79,293.89,32091.29,0.62,0.01
Spain,ESP,Europe,Southern Europe,High income,2022,47828386.0,1625.1,33979.0,234.22,4.9,17.7,135.03,67.26,7.72,44.99,19.81,291.1,33289.13,0.62,0.01
Sri Lanka,LKA,Asia,Southern Asia,Lower-middle,2013,21358829.0,220.9,10344.0,14.14,0.66,2.02,11.76,0.0,0.36,10.69,2.29,39.5,3708.73,0.04,0.0
Sri Lanka,LKA,Asia,Southern Asia,Lower-middle,2014,21547454.0,235.0,10908.0,17.08,0.79,3.88,12.83,0.0,0.37,9.68,2.8,40.21,3986.14,0.05,0.0
Sri Lanka,LKA,Asia,Southern Asia,Lower-middle,2015,21729975.0,244.9,11271.0,19.18,0.88,5.22,13.59,0.0,0.37,10.65,2.46,45.28,4201.58,0.05,0.0
Sri Lanka,LKA,Asia,Southern Asia,Lower-middle,2016,21910763.0,257.3,11743.0,22.34,1.02,5.52,16.44,0.0,0.38,10.27,2.28,46.7,4603.75,0.06,0.0
Sri Lanka,LKA,Asia,Southern Asia,Upper-middle,2017,22087525.0,273.9,12401.0,22.17,1.0,5.72,16.08,0.0,0.37,9.27,2.08,49.41,4832.21,0.06,0.0
Sri Lanka,LKA,Asia,Southern Asia,Upper-middle,2018,22253116.0,280.2,12593.0,20.14,0.9,5.53,14.24,0.0,0.37,10.2,1.95,43.63,5049.59,0.06,0.0
Sri Lanka,LKA,Asia,Southern Asia,Upper-middle,2019,22410552.0,279.6,12477.0,21.11,0.94,5.9,14.83,0.0,0.37,9.98,2.41,42.62,5043.85,0.06,0.0
Sri Lanka,LKA,Asia,Southern Asia,Lower-middle,2020,22561808.0,269.9,11964.0,20.41,0.9,7.09,12.96,0.0,0.36,10.42,2.99,41.68,4653.03,0.06,0.0
Sri Lanka,LKA,Asia,Southern Asia,Upper-middle,2021,22700377.0,278.9,12286.0,20.82,0.92,6.18,14.27,0.0,0.37,10.71,2.36,41.39,4795.04,0.06,0.0
Sri Lanka,LKA,Asia,Southern Asia,Lower-middle,2022,22834965.0,254.7,11156.0,18.38,0.8,5.88,12.0,0.0,0.5,10.68,2.22,39.83,4265.7,0.05,0.0
Sudan,SDN,Africa,Northern Africa,Unknown,2013,37785852.0,,,17.37,0.46,0.0,15.16,0.0,1.38,63.21,27.37,144.82,1888.24,0.05,0.0
Sudan,SDN,Africa,Northern Africa,Unknown,2014,38823324.0,,,13.1,0.34,0.0,10.86,0.0,1.35,63.79,27.14,145.36,1871.96,0.04,0.0
Sudan,SDN,Africa,Northern Africa,Unknown,2015,40024433.0,,,14.25,0.36,0.0,11.79,0.0,1.44,64.68,27.4,143.06,1915.48,0.04,0.0
Sudan,SDN,Africa,Northern Africa,Unknown,2016,41259892.0,,,19.74,0.48,0.0,17.45,0.0,1.56,65.23,28.88,148.73,2243.97,0.06,0.0
Sudan,SDN,Africa,Northern Africa,Unknown,2017,42714311.0,,,20.31,0.48,0.0,18.03,0.0,1.56,65.96,28.42,149.87,2182.0,0.06,0.0
Sudan,SDN,Africa,Northern Africa,Unknown,2018,44230597.0,,,20.52,0.46,0.0,18.28,0.0,1.56,66.51,29.24,141.4,2160.18,0.06,0.0
Sudan,SDN,Africa,Northern Africa,Unknown,2019,45548179.0,,,22.01,0.48,0.0,19.93,0.0,1.56,67.25,28.1,135.06,2116.51,0.06,0.0
Sudan,SDN,Africa,Northern Africa,Unknown,2020,46789237.0,,,19.8,0.42,0.0,19.35,0.0,0.0,68.29,29.88,137.36,1715.85,0.06,0.0
Sudan,SDN,Africa,Northern Africa,Unknown,2021,48066930.0,,,19.21,0.4,0.0,18.75,0.0,0.0,68.83,28.86,134.03,1703.64,0.05,0.0
Sudan,SDN,Africa,Northern Africa,Unknown,2022,49383344.0,,,17.53,0.36,0.0,17.13,0.0,0.0,68.91,28.51,132.96,1854.03,0.05,0.0
Suriname,SUR,America,South America,Unknown,2013,569024.0,,,3.15,5.54,0.0,3.09,0.01,0.05,0.98,0.2,8.3,17473.53,0.01,0.0
Suriname,SUR,America,South America,Unknown,2014,575380.0,,,3.2,5.56,0.0,3.17,0.01,0.03,1.01,0.23,7.3,17378.72,0.01,0.0
Suriname,SUR,America,South America,Unknown,2015,581634.0,,,2.71,4.67,0.0,2.68,0.01,0.03,0.99,0.22,6.32,16460.9,0.01,0.0
Suriname,SUR,America,South America,Unknown,2016,587765.0,,,2.91,4.96,0.0,2.9,0.01,0.01,1.0,0.26,6.74,15591.24,0.01,0.0
Suriname,SUR,America,South America,Unknown,2017,593720.0,,,2.43,4.09,0.0,2.41,0.01,0.01,0.98,0.25,6.3,17317.96,0.01,0.0
Suriname,SUR,America,South America,Unknown,2018,599519.0,,,2.09,3.49,0.0,2.07,0.01,0.01,0.96,0.2,5.79,14142.29,0.01,0.0
Suriname,SUR,America,South America,Unknown,2019,605779.0,,,2.63,4.34,0.0,2.6,0.01,0.02,1.0,0.23,6.46,16713.48,0.01,0.0
Suriname,SUR,America,South America,Unknown,2020,612320.0,,,2.92,4.77,0.0,2.89,0.02,0.02,0.98,0.26,6.32,15335.73,0.01,0.0
Suriname,SUR,America,South America,Unknown,2021,617905.0,,,2.65,4.28,0.0,2.62,0.01,0.02,0.96,0.23,5.81,17477.8,0.01,0.0
Suriname,SUR,America,South America,Unknown,2022,623172.0,,,2.83,4.54,0.0,2.79,0.02,0.02,0.95,0.23,5.81,18310.58,0.01,0.0
Sweden,SWE,Europe,Northern Europe,High income,2013,9600620.0,400.0,41661.0,45.11,4.7,8.74,31.24,2.36,1.4,8.52,6.06,64.43,62865.04,0.13,0.0
Sweden,SWE,Europe,Northern Europe,High income,2014,9696438.0,410.6,42346.0,43.38,4.47,8.28,30.29,2.06,1.4,8.22,6.16,62.22,61958.48,0.12,0.0
Sweden,SWE,Europe,Northern Europe,High income,2015,9799483.0,429.0,43782.0,43.31,4.42,8.02,30.38,1.97,1.54,8.04,6.21,62.81,63479.05,0.12,0.0
Sweden,SWE,Europe,Northern Europe,High income,2016,9923281.0,437.9,44131.0,43.31,4.36,8.02,30.24,2.27,1.55,8.03,6.17,63.42,61411.2,0.12,0.0
Sweden,SWE,Europe,Northern Europe,High income,2017,10057864.0,449.2,44658.0,42.36,4.21,8.31,29.32,1.82,1.48,8.1,6.32,63.63,62771.07,0.12,0.0
Sweden,SWE,Europe,Northern Europe,High income,2018,10175400.0,457.9,45003.0,41.86,4.11,8.09,28.89,1.89,1.61,8.04,6.17,62.15,59869.38,0.11,0.0
Sweden,SWE,Europe,Northern Europe,High income,2019,10279120.0,467.0,45434.0,40.77,3.97,8.11,28.46,1.78,1.36,7.94,6.31,61.68,60882.55,0.11,0.0
Sweden,SWE,Europe,Northern Europe,High income,2020,10353682.0,456.9,44128.0,36.62,3.54,6.64,26.28,1.45,1.27,7.96,6.51,56.41,57977.38,0.1,0.0
Sweden,SWE,Europe,Northern Europe,High income,2021,10416134.0,481.5,46226.0,38.57,3.7,6.98,27.89,1.9,1.26,7.94,6.36,59.84,60836.35,0.1,0.0
Sweden,SWE,Europe,Northern Europe,High income,2022,10487335.0,494.2,47125.0,36.34,3.46,6.54,25.63,1.16,1.23,7.94,6.25,57.26,59279.21,0.1,0.0
Switzerland,CHE,Europe,Western Europe,High income,2013,8091199.0,481.1,59457.0,43.18,5.34,0.58,33.23,7.33,1.81,5.52,2.3,51.06,44387.24,0.12,0.0
Switzerland,CHE,Europe,Western Europe,High income,2014,8190238.0,492.4,60119.0,39.24,4.79,0.6,30.18,6.37,1.86,5.54,2.29,46.9,42054.89,0.11,0.0
Switzerland,CHE,Europe,Western Europe,High income,2015,8283940.0,500.5,60416.0,38.76,4.68,0.56,29.5,6.8,1.7,5.58,2.27,46.46,40599.23,0.11,0.0
Switzerland,CHE,Europe,Western Europe,High income,2016,8374903.0,510.8,60996.0,39.22,4.68,0.52,29.6,7.14,1.75,5.63,2.28,46.94,37761.06,0.11,0.0
Switzerland,CHE,Europe,Western Europe,High income,2017,8453630.0,517.8,61252.0,38.23,4.52,0.5,28.68,7.1,1.74,5.66,2.26,46.19,37498.08,0.11,0.0
Switzerland,CHE,Europe,Western Europe,High income,2018,8516341.0,532.6,62540.0,36.94,4.34,0.48,27.85,6.7,1.72,5.7,2.23,44.81,37746.01,0.1,0.0
Switzerland,CHE,Europe,Western Europe,High income,2019,8577525.0,538.7,62803.0,36.82,4.29,0.43,27.58,6.9,1.71,5.68,2.18,44.48,39166.93,0.1,0.0
Switzerland,CHE,Europe,Western Europe,High income,2020,8640582.0,525.9,60864.0,34.34,3.98,0.41,25.42,6.67,1.66,5.72,2.19,41.9,35831.17,0.1,0.0
Switzerland,CHE,Europe,Western Europe,High income,2021,8707019.0,548.1,62949.0,35.9,4.12,0.42,26.31,7.27,1.71,5.84,2.2,43.87,33316.56,0.1,0.0
Switzerland,CHE,Europe,Western Europe,High income,2022,8792180.0,559.4,63623.0,32.95,3.75,0.43,24.64,6.02,1.67,5.88,2.16,40.75,33835.21,0.09,0.0
Syria,SYR,Asia,Western Asia,Lower-middle,2013,21666921.0,72.9,3364.0,34.26,1.58,0.0,22.01,9.83,1.61,10.68,4.41,49.28,6875.81,0.1,0.0
Syria,SYR,Asia,Western Asia,Lower-middle,2014,20273661.0,65.4,3225.0,34.87,1.72,0.0,24.3,9.09,0.75,9.96,4.22,48.8,6556.04,0.1,0.0
Syria,SYR,Asia,Western Asia,Lower-middle,2015,19424615.0,63.3,3259.0,31.12,1.6,0.0,21.41,7.97,0.75,9.5,4.0,44.28,6244.62,0.09,0.0
Syria,SYR,Asia,Western Asia,Lower-middle,2016,19193835.0,59.7,3112.0,29.16,1.52,0.0,20.47,6.95,0.99,9.28,3.85,42.07,6111.27,0.08,0.0
Syria,SYR,Asia,Western Asia,Lower-middle,2017,19224671.0,59.3,3084.0,34.47,1.79,0.0,24.51,6.86,0.86,8.78,3.5,46.33,6155.31,0.1,0.0
Syria,SYR,Asia,Western Asia,Lower-middle,2018,19577849.0,60.2,3073.0,31.77,1.62,0.0,22.88,6.83,0.72,7.03,3.54,41.53,6711.99,0.09,0.0
Syria,SYR,Asia,Western Asia,Lower-middle,2019,20353536.0,62.4,3067.0,33.49,1.64,0.0,24.36,6.55,0.83,6.97,3.96,43.87,5817.77,0.09,0.0
Syria,SYR,Asia,Western Asia,Low income,2020,21049431.0,55.9,2654.0,32.34,1.54,0.0,23.77,5.75,0.98,7.06,4.0,41.57,5133.15,0.09,0.0
Syria,SYR,Asia,Western Asia,Low income,2021,21628837.0,54.3,2508.0,32.51,1.5,0.0,23.07,6.12,1.36,6.58,3.81,40.06,5400.52,0.09,0.0
Syria,SYR,Asia,Western Asia,Low income,2022,22462170.0,52.4,2331.0,31.42,1.4,0.0,23.2,5.01,1.21,6.34,3.9,38.64,4847.53,0.08,0.0
Taiwan,TWN,Asia,Eastern Asia,High income,2013,23416870.0,930.9,39751.0,274.58,11.73,163.1,64.13,37.48,8.03,14.89,5.5,294.96,55716.6,0.78,0.0
Taiwan,TWN,Asia,Eastern Asia,High income,2014,23472811.0,974.8,41528.0,276.96,11.8,164.22,64.38,39.64,7.09,15.11,5.4,297.46,56826.91,0.78,0.0
Taiwan,TWN,Asia,Eastern Asia,High income,2015,23529260.0,989.1,42036.0,276.26,11.74,160.7,64.29,42.93,6.31,15.12,5.37,296.75,56650.77,0.78,0.0
Taiwan,TWN,Asia,Eastern Asia,High income,2016,23586140.0,1010.5,42842.0,280.2,11.88,161.76,66.72,44.6,5.4,15.35,5.46,301.01,56802.78,0.79,0.0
Taiwan,TWN,Asia,Eastern Asia,High income,2017,23632950.0,1043.9,44173.0,285.74,12.09,164.35,66.05,49.07,5.36,15.28,5.62,306.64,56732.98,0.79,0.0
Taiwan,TWN,Asia,Eastern Asia,High income,2018,23659308.0,1073.0,45354.0,284.15,12.01,165.84,62.12,49.78,5.38,15.54,5.7,305.4,57252.36,0.77,0.0
Taiwan,TWN,Asia,Eastern Asia,High income,2019,23674137.0,1105.9,46714.0,274.7,11.6,161.55,57.94,48.72,5.51,15.62,5.77,296.09,56101.12,0.74,0.0
Taiwan,TWN,Asia,Eastern Asia,High income,2020,23663461.0,1143.4,48318.0,272.46,11.51,156.38,55.16,54.41,5.67,15.4,6.04,293.9,54479.2,0.78,0.0
Taiwan,TWN,Asia,Eastern Asia,High income,2021,23558330.0,1218.0,51702.0,283.82,12.05,167.94,49.9,59.21,5.82,15.71,6.06,305.59,58168.16,0.77,0.0
Taiwan,TWN,Asia,Eastern Asia,High income,2022,23420107.0,1247.9,53282.0,273.99,11.7,154.67,52.86,60.0,5.46,15.64,5.58,295.21,56225.94,0.73,0.0
Tajikistan,TJK,Asia,Central Asia,Lower-middle,2013,8216733.0,27.4,3333.0,2.91,0.35,0.88,1.84,0.01,0.19,6.05,1.67,11.37,3851.43,0.01,0.0
Tajikistan,TJK,Asia,Central Asia,Lower-middle,2014,8425559.0,29.2,3468.0,4.61,0.55,1.48,2.55,0.01,0.57,6.33,1.74,13.88,4155.93,0.01,0.0
Tajikistan,TJK,Asia,Central Asia,Lower-middle,2015,8643839.0,31.0,3583.0,5.31,0.61,1.76,2.84,0.01,0.7,6.65,1.82,15.47,3965.99,0.02,0.0
Tajikistan,TJK,Asia,Central Asia,Lower-middle,2016,8865623.0,33.1,3735.0,6.02,0.68,2.24,2.78,0.01,0.99,6.96,1.83,16.78,4194.64,0.02,0.0
Tajikistan,TJK,Asia,Central Asia,Lower-middle,2017,9085942.0,35.5,3903.0,6.88,0.76,2.96,2.37,0.0,1.54,7.22,1.87,17.0,4154.55,0.02,0.0
Tajikistan,TJK,Asia,Central Asia,Lower-middle,2018,9307345.0,38.2,4100.0,8.08,0.87,3.14,2.93,0.11,1.9,7.33,1.88,17.68,4368.41,0.02,0.0
Tajikistan,TJK,Asia,Central Asia,Lower-middle,2019,9529970.0,41.0,4300.0,8.71,0.91,3.42,2.94,0.28,2.08,7.49,2.28,18.62,4632.59,0.02,0.0
Tajikistan,TJK,Asia,Central Asia,Lower-middle,2020,9749312.0,42.8,4388.0,9.42,0.97,3.53,3.36,0.44,2.1,7.64,2.35,19.37,4753.3,0.03,0.0
Tajikistan,TJK,Asia,Central Asia,Lower-middle,2021,9966912.0,46.8,4696.0,9.38,0.94,3.67,3.14,0.46,2.11,7.68,2.42,19.38,4666.24,0.02,0.0
Tajikistan,TJK,Asia,Central Asia,Lower-middle,2022,10182228.0,50.5,4964.0,10.52,1.03,4.19,3.71,0.47,2.15,7.88,2.47,20.79,4824.58,0.03,0.0
Tanzania,TZA,Africa,Eastern Africa,Low income,2013,48824134.0,116.3,2383.0,11.25,0.23,0.17,8.3,1.87,0.91,48.19,21.92,174.72,934.0,0.03,0.0
Tanzania,TZA,Africa,Eastern Africa,Low income,2014,50351506.0,124.2,2466.0,11.0,0.22,0.66,7.44,1.8,1.09,49.36,21.99,185.46,919.43,0.03,0.0
Tanzania,TZA,Africa,Eastern Africa,Low income,2015,52020958.0,131.8,2534.0,12.78,0.25,0.92,8.68,1.97,1.22,51.61,22.9,182.31,938.62,0.04,0.0
Tanzania,TZA,Africa,Eastern Africa,Low income,2016,53824012.0,140.9,2617.0,13.53,0.25,0.89,8.49,2.56,1.58,52.51,23.11,181.78,995.27,0.04,0.0
Tanzania,TZA,Africa,Eastern Africa,Low income,2017,55652888.0,150.4,2703.0,13.51,0.24,1.2,7.98,2.71,1.63,51.85,22.41,178.55,866.52,0.04,0.0
Tanzania,TZA,Africa,Eastern Africa,Low income,2018,57437134.0,160.9,2801.0,14.23,0.25,1.17,8.19,3.14,1.73,52.31,22.51,178.46,981.38,0.04,0.0
Tanzania,TZA,Africa,Eastern Africa,Low income,2019,59174889.0,172.1,2909.0,16.19,0.27,1.38,8.89,3.39,2.52,54.73,23.51,183.32,1016.6,0.04,0.0
Tanzania,TZA,Africa,Eastern Africa,Low income,2020,60972803.0,180.4,2959.0,15.95,0.26,1.23,9.17,3.03,2.52,57.36,24.6,174.17,939.82,0.04,0.0
Tanzania,TZA,Africa,Eastern Africa,Lower-middle,2021,62830410.0,189.3,3014.0,17.68,0.28,1.47,10.23,3.45,2.53,58.56,24.68,165.01,1055.48,0.05,0.0
Tanzania,TZA,Africa,Eastern Africa,Lower-middle,2022,64711822.0,198.2,3063.0,19.7,0.3,1.71,10.85,4.2,2.94,58.7,25.16,171.72,1165.23,0.05,0.0
Thailand,THA,Asia,South-eastern Asia,Upper-middle,2013,69845112.0,962.1,13775.0,263.75,3.78,67.15,91.38,85.5,18.91,105.64,25.03,451.94,18796.78,0.75,0.01
Thailand,THA,Asia,South-eastern Asia,Upper-middle,2014,70216362.0,971.6,13837.0,272.49,3.88,73.79,91.14,87.09,19.72,100.16,23.9,458.37,19328.4,0.77,0.01
Thailand,THA,Asia,South-eastern Asia,Upper-middle,2015,70540787.0,1002.0,14205.0,277.1,3.93,72.14,95.22,88.91,20.02,96.05,21.84,445.98,19526.95,0.78,0.01
Thailand,THA,Asia,South-eastern Asia,Upper-middle,2016,70859835.0,1036.4,14626.0,284.04,4.01,73.6,98.92,87.76,23.05,97.37,23.26,448.42,19835.94,0.8,0.01
Thailand,THA,Asia,South-eastern Asia,Upper-middle,2017,71160183.0,1079.7,15173.0,283.35,3.98,73.82,101.15,85.29,22.39,96.4,24.5,446.13,20133.21,0.79,0.01
Thailand,THA,Asia,South-eastern Asia,Upper-middle,2018,71376081.0,1125.3,15766.0,288.3,4.04,78.56,102.33,84.33,22.47,93.23,22.8,465.43,20712.49,0.78,0.01
Thailand,THA,Asia,South-eastern Asia,Upper-middle,2019,71522264.0,1149.1,16067.0,281.88,3.94,70.06,103.65,85.27,22.3,89.53,21.91,480.76,20689.29,0.76,0.01
Thailand,THA,Asia,South-eastern Asia,Upper-middle,2020,71641484.0,1078.3,15052.0,271.92,3.8,74.8,96.31,78.28,21.93,92.63,22.77,481.44,19257.48,0.77,0.01
Thailand,THA,Asia,South-eastern Asia,Upper-middle,2021,71727338.0,1095.2,15269.0,267.14,3.72,76.65,90.92,77.92,21.15,93.56,21.96,444.67,19334.58,0.72,0.01
Thailand,THA,Asia,South-eastern Asia,Upper-middle,2022,71735321.0,1124.1,15671.0,272.57,3.8,69.81,105.83,75.53,21.0,94.95,20.63,459.03,19347.24,0.73,0.01
Togo,TGO,Africa,Western Africa,Low income,2013,6798851.0,9.2,1359.0,1.64,0.24,0.0,1.13,0.03,0.47,4.6,1.65,9.6,1387.02,0.0,0.0
Togo,TGO,Africa,Western Africa,Low income,2014,6937647.0,9.8,1413.0,1.49,0.22,0.0,1.06,0.0,0.44,4.47,1.45,8.36,1259.84,0.0,0.0
Togo,TGO,Africa,Western Africa,Low income,2015,7071500.0,10.3,1463.0,1.8,0.25,0.0,0.94,0.05,0.81,4.79,1.69,8.85,864.3,0.0,0.0
Togo,TGO,Africa,Western Africa,Low income,2016,7200883.0,11.0,1522.0,2.29,0.32,0.0,1.47,0.01,0.82,4.82,1.69,9.37,1201.59,0.01,0.0
Togo,TGO,Africa,Western Africa,Low income,2017,7324379.0,11.4,1559.0,1.91,0.26,0.0,1.08,0.07,0.76,4.9,1.67,9.93,1114.26,0.0,0.0
Togo,TGO,Africa,Western Africa,Low income,2018,7458205.0,12.0,1608.0,2.03,0.27,0.0,1.36,0.06,0.62,5.07,1.78,9.89,1325.85,0.01,0.0
Togo,TGO,Africa,Western Africa,Low income,2019,7619916.0,12.6,1651.0,2.36,0.31,0.0,1.32,0.12,0.92,5.25,1.72,9.86,1233.35,0.01,0.0
Togo,TGO,Africa,Western Africa,Low income,2020,7788058.0,12.7,1633.0,2.75,0.35,0.0,1.75,0.14,0.86,5.65,1.92,10.84,1275.36,0.01,0.0
Togo,TGO,Africa,Western Africa,Low income,2021,7936185.0,13.5,1699.0,2.62,0.33,0.0,1.41,0.29,0.92,5.73,1.88,10.84,1462.0,0.01,0.0
Togo,TGO,Africa,Western Africa,Low income,2022,8068616.0,14.3,1768.0,2.74,0.34,0.0,1.46,0.33,0.95,6.0,2.2,11.65,1460.61,0.01,0.0
Tonga,TON,Oceania,Polynesia,Unknown,2013,107093.0,,,0.11,1.03,0.0,0.11,0.0,0.0,0.1,0.02,0.29,7561.44,0.0,0.0
Tonga,TON,Oceania,Polynesia,Unknown,2014,106627.0,,,0.11,1.0,0.0,0.11,0.0,0.0,0.1,0.02,0.29,7695.93,0.0,0.0
Tonga,TON,Oceania,Polynesia,Unknown,2015,106110.0,,,0.11,1.0,0.0,0.11,0.0,0.0,0.1,0.02,0.28,7712.71,0.0,0.0
Tonga,TON,Oceania,Polynesia,Unknown,2016,105536.0,,,0.14,1.32,0.0,0.14,0.0,0.0,0.1,0.02,0.31,9022.44,0.0,0.0
Tonga,TON,Oceania,Polynesia,Unknown,2017,105373.0,,,0.14,1.36,0.0,0.14,0.0,0.0,0.1,0.02,0.31,10073.82,0.0,0.0
Tonga,TON,Oceania,Polynesia,Unknown,2018,105590.0,,,0.13,1.25,0.0,0.13,0.0,0.0,0.1,0.02,0.29,8662.94,0.0,0.0
Tonga,TON,Oceania,Polynesia,Unknown,2019,105688.0,,,0.16,1.52,0.0,0.16,0.0,0.0,0.1,0.02,0.31,8387.0,0.0,0.0
Tonga,TON,Oceania,Polynesia,Unknown,2020,105721.0,,,0.14,1.32,0.0,0.14,0.0,0.0,0.1,0.02,0.29,7536.79,0.0,0.0
Tonga,TON,Oceania,Polynesia,Unknown,2021,105504.0,,,0.14,1.32,0.0,0.14,0.0,0.0,0.1,0.02,0.28,7579.03,0.0,0.0
Tonga,TON,Oceania,Polynesia,Unknown,2022,105053.0,,,0.15,1.4,0.0,0.15,0.0,0.0,0.1,0.02,0.28,7193.57,0.0,0.0
Trinidad and Tobago,TTO,America,Caribbean,High income,2013,1412658.0,44.3,31366.0,45.8,32.42,0.0,3.86,41.07,0.29,5.96,1.12,52.58,161807.72,0.13,0.0
Trinidad and Tobago,TTO,America,Caribbean,High income,2014,1421135.0,45.8,32215.0,46.87,32.98,0.0,4.76,41.3,0.3,5.9,1.32,53.84,161022.28,0.13,0.0
Trinidad and Tobago,TTO,America,Caribbean,High income,2015,1429190.0,45.4,31791.0,45.53,31.86,0.0,5.13,39.66,0.3,5.85,1.43,52.64,155078.09,0.13,0.0
Trinidad and Tobago,TTO,America,Caribbean,Upper-middle,2016,1437031.0,42.4,29479.0,39.87,27.74,0.0,4.06,35.2,0.26,5.46,1.31,46.5,136234.08,0.11,0.0
Trinidad and Tobago,TTO,America,Caribbean,Upper-middle,2017,1445265.0,40.4,27932.0,40.3,27.88,0.0,5.11,34.58,0.24,5.56,1.35,47.08,143272.67,0.11,0.0
Trinidad and Tobago,TTO,America,Caribbean,Upper-middle,2018,1470522.0,40.0,27213.0,40.31,27.41,0.0,3.93,35.78,0.24,5.56,1.36,47.1,131952.17,0.11,0.0
Trinidad and Tobago,TTO,America,Caribbean,Upper-middle,2019,1484898.0,40.1,26979.0,40.76,27.45,0.0,3.75,36.42,0.24,5.6,1.34,47.56,131459.0,0.11,0.0
Trinidad and Tobago,TTO,America,Caribbean,Upper-middle,2020,1481026.0,37.0,24973.0,35.04,23.66,0.0,3.44,31.0,0.22,5.42,1.33,41.68,114341.89,0.1,0.0
Trinidad and Tobago,TTO,America,Caribbean,Upper-middle,2021,1487715.0,36.6,24605.0,36.39,24.46,0.0,3.14,32.71,0.26,5.3,1.33,42.93,116369.27,0.1,0.0
Trinidad and Tobago,TTO,America,Caribbean,Upper-middle,2022,1495923.0,37.5,25077.0,37.49,25.06,0.0,4.16,32.78,0.25,5.31,1.33,44.07,115685.42,0.1,0.0
Tunisia,TUN,Africa,Northern Africa,Lower-middle,2013,11141365.0,118.2,10612.0,28.77,2.58,0.0,11.39,12.12,4.16,9.02,2.92,40.3,8780.32,0.08,0.0
Tunisia,TUN,Africa,Northern Africa,Lower-middle,2014,11274295.0,121.9,10811.0,29.88,2.65,0.0,11.85,12.06,4.84,8.85,3.07,41.29,9543.29,0.08,0.0
Tunisia,TUN,Africa,Northern Africa,Lower-middle,2015,11402270.0,123.1,10793.0,31.38,2.75,0.0,14.0,11.57,4.9,8.66,3.07,43.27,9753.87,0.09,0.0
Tunisia,TUN,Africa,Northern Africa,Lower-middle,2016,11528676.0,124.4,10794.0,30.97,2.69,0.0,13.68,11.94,4.68,8.53,3.2,44.68,9623.4,0.09,0.0
Tunisia,TUN,Africa,Northern Africa,Lower-middle,2017,11650504.0,127.2,10920.0,31.68,2.72,0.0,14.31,12.44,4.4,8.3,3.13,43.71,10090.97,0.09,0.0
Tunisia,TUN,Africa,Northern Africa,Lower-middle,2018,11765515.0,130.6,11098.0,31.12,2.64,0.0,13.74,12.58,4.25,8.26,3.15,42.87,10192.37,0.08,0.0
Tunisia,TUN,Africa,Northern Africa,Lower-middle,2019,11875084.0,132.6,11170.0,30.58,2.58,0.0,13.07,12.64,4.4,8.17,3.18,42.03,10254.71,0.08,0.0
Tunisia,TUN,Africa,Northern Africa,Lower-middle,2020,11974058.0,120.9,10101.0,28.84,2.41,0.0,12.46,12.06,3.89,8.18,3.05,40.05,9408.24,0.08,0.0
Tunisia,TUN,Africa,Northern Africa,Lower-middle,2021,12048625.0,126.3,10480.0,31.53,2.62,0.0,13.51,12.93,4.58,8.5,3.4,43.32,10218.42,0.09,0.0
Tunisia,TUN,Africa,Northern Africa,Lower-middle,2022,12119338.0,129.5,10682.0,30.78,2.54,0.0,13.41,12.64,4.21,8.3,3.27,42.2,10186.19,0.08,0.0
Turkey,TUR,Asia,Western Asia,Upper-middle,2013,76403032.0,1551.5,20307.0,350.63,4.59,125.76,95.67,87.21,35.22,76.34,33.44,458.16,18483.4,0.99,0.0
Turkey,TUR,Asia,Western Asia,Upper-middle,2014,78036154.0,1628.1,20864.0,367.27,4.71,130.66,100.36,93.9,35.82,80.29,33.44,475.81,18636.94,1.04,0.0
Turkey,TUR,Asia,Western Asia,Upper-middle,2015,80014222.0,1727.2,21586.0,387.7,4.84,139.51,109.35,97.26,35.55,82.37,33.81,504.96,19859.23,1.1,0.01
Turkey,TUR,Asia,Western Asia,Upper-middle,2016,81652087.0,1784.6,21856.0,405.55,4.97,152.35,116.65,91.83,38.27,85.08,36.62,526.83,20443.31,1.15,0.01
Turkey,TUR,Asia,Western Asia,Upper-middle,2017,83083667.0,1918.5,23091.0,430.62,5.18,158.75,119.63,104.5,40.57,88.52,36.44,556.87,21512.55,1.2,0.01
Turkey,TUR,Asia,Western Asia,Upper-middle,2018,84415966.0,1975.6,23404.0,423.82,5.02,163.52,116.76,95.75,40.82,96.1,37.1,536.63,21179.32,1.15,0.01
Turkey,TUR,Asia,Western Asia,Upper-middle,2019,85357670.0,1991.1,23327.0,406.57,4.76,166.01,115.73,84.19,34.26,98.34,38.99,534.58,21663.3,1.1,0.01
Turkey,TUR,Asia,Western Asia,Upper-middle,2020,86091691.0,2029.7,23577.0,416.33,4.84,159.42,115.65,92.3,42.5,101.8,41.98,568.58,21161.5,1.18,0.01
Turkey,TUR,Asia,Western Asia,Upper-middle,2021,86686254.0,2260.2,26073.0,457.38,5.28,166.28,122.54,115.66,46.31,105.22,41.09,630.85,22505.56,1.24,0.01
Turkey,TUR,Asia,Western Asia,Upper-middle,2022,87058469.0,2386.0,27407.0,443.6,5.1,166.44,128.86,100.05,42.02,106.86,39.4,611.29,22617.56,1.18,0.01
Turkmenistan,TKM,Asia,Central Asia,Upper-middle,2013,5939348.0,87.3,14696.0,64.34,10.83,0.0,19.09,40.0,1.01,24.61,5.89,98.09,45064.05,0.18,0.0
Turkmenistan,TKM,Asia,Central Asia,Upper-middle,2014,6075286.0,90.6,14919.0,62.8,10.34,0.0,19.98,37.97,1.11,25.05,6.08,97.82,46697.83,0.18,0.0
Turkmenistan,TKM,Asia,Central Asia,Upper-middle,2015,6215773.0,93.3,15018.0,63.09,10.15,0.0,18.88,39.49,1.26,25.68,6.62,100.97,51843.59,0.18,0.0
Turkmenistan,TKM,Asia,Central Asia,Upper-middle,2016,6360041.0,92.4,14534.0,62.09,9.76,0.0,17.97,39.48,1.34,24.68,6.28,97.38,54821.17,0.18,0.0
Turkmenistan,TKM,Asia,Central Asia,Upper-middle,2017,6507065.0,96.8,14874.0,62.96,9.68,0.0,18.96,39.49,1.37,24.15,6.16,96.83,49726.68,0.18,0.0
Turkmenistan,TKM,Asia,Central Asia,Upper-middle,2018,6655523.0,97.6,14670.0,61.3,9.21,0.0,17.98,39.49,1.03,23.92,6.26,102.93,54902.93,0.17,0.0
Turkmenistan,TKM,Asia,Central Asia,Upper-middle,2019,6803943.0,94.3,13864.0,62.25,9.15,0.0,17.67,41.14,0.92,24.05,6.08,106.26,51540.27,0.17,0.0
Turkmenistan,TKM,Asia,Central Asia,Upper-middle,2020,6949915.0,91.6,13174.0,62.9,9.05,0.0,16.23,42.81,0.72,23.89,6.88,101.06,63923.27,0.18,0.0
Turkmenistan,TKM,Asia,Central Asia,Upper-middle,2021,7092042.0,95.8,13507.0,91.69,12.93,0.0,16.46,72.27,0.76,23.81,6.34,128.08,62717.74,0.25,0.0
Turkmenistan,TKM,Asia,Central Asia,Upper-middle,2022,7230197.0,97.5,13486.0,102.06,14.12,0.0,17.18,82.07,0.8,23.89,6.97,139.3,65250.06,0.27,0.0
Turks and Caicos Islands,TCA,America,Caribbean,Unknown,2013,33675.0,,,0.29,8.49,0.0,0.29,0.0,0.0,0.01,0.0,0.3,22879.97,0.0,0.0
Turks and Caicos Islands,TCA,America,Caribbean,Unknown,2014,35077.0,,,0.31,8.77,0.0,0.31,0.0,0.0,0.01,0.0,0.32,23599.27,0.0,0.0
Turks and Caicos Islands,TCA,America,Caribbean,Unknown,2015,36632.0,,,0.32,8.6,0.0,0.32,0.0,0.0,0.01,0.0,0.33,23289.2,0.0,0.0
Turks and Caicos Islands,TCA,America,Caribbean,Unknown,2016,38342.0,,,0.33,8.51,0.0,0.33,0.0,0.0,0.01,0.0,0.34,23014.89,0.0,0.0
Turks and Caicos Islands,TCA,America,Caribbean,Unknown,2017,39931.0,,,0.35,8.81,0.0,0.35,0.0,0.0,0.01,0.0,0.36,23919.87,0.0,0.0
Turks and Caicos Islands,TCA,America,Caribbean,Unknown,2018,41580.0,,,0.36,8.64,0.0,0.36,0.0,0.0,0.01,0.0,0.37,44844.12,0.0,0.0
Turks and Caicos Islands,TCA,America,Caribbean,Unknown,2019,43191.0,,,0.36,8.4,0.0,0.36,0.0,0.0,0.01,0.0,0.37,43592.02,0.0,0.0
Turks and Caicos Islands,TCA,America,Caribbean,Unknown,2020,44405.0,,,0.36,8.09,0.0,0.36,0.0,0.0,0.01,0.0,0.37,41699.66,0.0,0.0
Turks and Caicos Islands,TCA,America,Caribbean,Unknown,2021,45262.0,,,0.37,8.1,0.0,0.37,0.0,0.0,0.01,0.0,0.38,41892.8,0.0,0.0
Turks and Caicos Islands,TCA,America,Caribbean,Unknown,2022,45869.0,,,0.37,7.97,0.0,0.37,0.0,0.0,0.01,0.0,0.37,41151.16,0.0,0.0
Tuvalu,TUV,Oceania,Polynesia,Unknown,2013,11028.0,,,0.01,0.66,0.0,0.01,0.0,0.0,0.01,0.0,0.02,0.0,0.0,0.0
Tuvalu,TUV,Oceania,Polynesia,Unknown,2014,11007.0,,,0.01,0.67,0.0,0.01,0.0,0.0,0.01,0.0,0.02,0.0,0.0,0.0
Tuvalu,TUV,Oceania,Polynesia,Unknown,2015,10985.0,,,0.01,0.67,0.0,0.01,0.0,0.0,0.01,0.0,0.02,0.0,0.0,0.0
Tuvalu,TUV,Oceania,Polynesia,Unknown,2016,10951.0,,,0.01,0.67,0.0,0.01,0.0,0.0,0.01,0.0,0.02,0.0,0.0,0.0
Tuvalu,TUV,Oceania,Polynesia,Unknown,2017,10892.0,,,0.01,0.67,0.0,0.01,0.0,0.0,0.01,0.0,0.02,0.0,0.0,0.0
Tuvalu,TUV,Oceania,Polynesia,Unknown,2018,10775.0,,,0.01,1.02,0.0,0.01,0.0,0.0,0.01,0.0,0.02,0.0,0.0,0.0
Tuvalu,TUV,Oceania,Polynesia,Unknown,2019,10603.0,,,0.01,1.04,0.0,0.01,0.0,0.0,0.01,0.0,0.02,0.0,0.0,0.0
Tuvalu,TUV,Oceania,Polynesia,Unknown,2020,10423.0,,,0.01,1.06,0.0,0.01,0.0,0.0,0.01,0.0,0.02,0.0,0.0,0.0
Tuvalu,TUV,Oceania,Polynesia,Unknown,2021,10214.0,,,0.01,1.08,0.0,0.01,0.0,0.0,0.01,0.0,0.02,0.0,0.0,0.0
Tuvalu,TUV,Oceania,Polynesia,Unknown,2022,10012.0,,,0.01,1.1,0.0,0.01,0.0,0.0,0.01,0.0,0.02,0.0,0.0,0.0
Uganda,UGA,Africa,Eastern Africa,Low income,2013,35337050.0,66.9,1892.0,3.76,0.11,0.0,3.4,0.0,0.36,26.42,10.65,53.88,540.98,0.01,0.0
Uganda,UGA,Africa,Eastern Africa,Low income,2014,36395542.0,70.7,1942.0,4.09,0.11,0.0,3.7,0.0,0.39,27.32,10.79,52.88,617.84,0.01,0.0
Uganda,UGA,Africa,Eastern Africa,Low income,2015,37531444.0,76.4,2034.0,4.53,0.12,0.0,4.18,0.0,0.35,28.43,11.12,54.69,612.36,0.01,0.0
Uganda,UGA,Africa,Eastern Africa,Low income,2016,38799153.0,76.5,1971.0,4.82,0.12,0.0,4.44,0.0,0.37,29.74,11.59,56.39,617.14,0.01,0.0
Uganda,UGA,Africa,Eastern Africa,Low income,2017,40177384.0,81.7,2034.0,5.41,0.14,0.0,5.03,0.0,0.38,29.93,11.52,57.18,645.05,0.02,0.0
Uganda,UGA,Africa,Eastern Africa,Low income,2018,41565839.0,86.2,2074.0,5.55,0.13,0.0,5.17,0.0,0.38,30.87,11.73,57.75,671.42,0.02,0.0
Uganda,UGA,Africa,Eastern Africa,Low income,2019,42999636.0,92.9,2161.0,5.76,0.13,0.0,5.3,0.0,0.46,32.17,11.42,60.25,663.34,0.02,0.0
Uganda,UGA,Africa,Eastern Africa,Low income,2020,44457148.0,91.7,2063.0,5.57,0.12,0.0,5.01,0.0,0.56,33.42,11.91,60.91,613.9,0.02,0.0
Uganda,UGA,Africa,Eastern Africa,Low income,2021,45910931.0,97.2,2117.0,6.23,0.14,0.0,5.54,0.0,0.69,35.13,12.29,63.01,656.09,0.02,0.0
Uganda,UGA,Africa,Eastern Africa,Low income,2022,47312718.0,102.0,2156.0,6.13,0.13,0.0,5.47,0.0,0.66,35.43,12.07,62.92,663.2,0.02,0.0
Ukraine,UKR,Europe,Eastern Europe,Lower-middle,2013,46126760.0,472.3,10239.0,297.54,6.45,160.18,37.34,90.54,3.4,79.46,25.56,413.98,29691.41,0.84,0.02
Ukraine,UKR,Europe,Eastern Europe,Lower-middle,2014,45972379.0,441.2,9598.0,257.7,5.61,138.37,35.33,75.25,3.3,73.78,24.73,365.94,26284.72,0.73,0.02
Ukraine,UKR,Europe,Eastern Europe,Lower-middle,2015,45784904.0,398.0,8694.0,223.85,4.89,119.39,30.48,65.55,3.28,63.41,22.84,323.67,21915.69,0.63,0.02
Ukraine,UKR,Europe,Eastern Europe,Lower-middle,2016,45616831.0,407.7,8937.0,234.11,5.13,126.83,34.12,64.21,3.63,66.4,25.01,335.64,23017.72,0.66,0.02
Ukraine,UKR,Europe,Eastern Europe,Lower-middle,2017,45436037.0,417.3,9184.0,223.29,4.91,112.59,35.34,66.83,3.56,61.07,25.25,321.03,21466.02,0.62,0.02
Ukraine,UKR,Europe,Eastern Europe,Lower-middle,2018,45208903.0,431.8,9552.0,231.9,5.13,120.54,35.21,67.18,3.72,62.33,25.63,329.98,22384.72,0.63,0.02
Ukraine,UKR,Europe,Eastern Europe,Lower-middle,2019,44957451.0,445.7,9913.0,222.19,4.94,114.05,38.48,60.63,3.96,63.11,26.31,320.21,21301.55,0.6,0.02
Ukraine,UKR,Europe,Eastern Europe,Lower-middle,2020,44680008.0,428.9,9600.0,207.1,4.64,102.16,34.91,60.88,4.07,64.37,26.06,305.54,20556.21,0.59,0.02
Ukraine,UKR,Europe,Eastern Europe,Lower-middle,2021,44298642.0,443.3,10007.0,210.64,4.76,103.68,37.07,60.42,4.34,62.01,27.0,307.16,21105.27,0.57,0.02
Ukraine,UKR,Europe,Eastern Europe,Lower-middle,2022,41048768.0,309.2,7532.0,143.04,3.48,61.25,31.4,44.15,2.93,54.07,20.96,225.85,15074.28,0.38,0.02
United Arab Emirates,ARE,Asia,Western Asia,High income,2013,7831851.0,606.6,77451.0,214.19,27.35,6.72,62.41,136.41,6.32,32.36,2.34,248.77,144520.03,0.61,0.0
United Arab Emirates,ARE,Asia,Western Asia,High income,2014,8236880.0,631.9,76711.0,214.53,26.04,7.48,60.26,133.34,11.71,32.0,2.32,248.75,137818.31,0.6,0.0
United Arab Emirates,ARE,Asia,Western Asia,High income,2015,8674633.0,674.7,77783.0,225.04,25.94,6.51,74.3,134.16,8.28,34.43,2.26,261.64,140994.88,0.64,0.0
United Arab Emirates,ARE,Asia,Western Asia,High income,2016,9030873.0,712.3,78870.0,227.9,25.24,6.98,77.72,134.91,6.83,35.45,2.35,265.6,140575.8,0.64,0.0
United Arab Emirates,ARE,Asia,Western Asia,High income,2017,9234330.0,717.5,77699.0,196.49,21.28,8.07,59.6,119.96,7.03,34.18,2.35,232.92,131237.28,0.55,0.0
United Arab Emirates,ARE,Asia,Western Asia,High income,2018,9346870.0,726.9,77772.0,204.1,21.84,7.28,70.03,117.58,6.95,34.3,2.22,240.55,121187.64,0.56,0.0
United Arab Emirates,ARE,Asia,Western Asia,High income,2019,9377855.0,735.0,78374.0,204.06,21.76,6.73,58.16,130.96,6.5,35.24,2.27,241.49,129769.3,0.55,0.0
United Arab Emirates,ARE,Asia,Western Asia,High income,2020,9448529.0,698.5,73932.0,215.27,22.78,8.09,67.02,132.35,6.02,33.74,2.28,251.21,125363.31,0.61,0.0
United Arab Emirates,ARE,Asia,Western Asia,High income,2021,9789055.0,725.9,74155.0,212.17,21.68,10.05,69.81,124.62,6.06,33.92,2.38,248.39,126734.02,0.58,0.0
United Arab Emirates,ARE,Asia,Western Asia,High income,2022,10242085.0,779.7,76127.0,207.1,20.22,3.94,60.79,134.49,6.14,37.38,2.51,246.91,132096.89,0.55,0.0
United Kingdom,GBR,Europe,Northern Europe,High income,2013,64389386.0,2296.3,35662.0,477.61,7.42,142.46,165.76,157.62,4.03,47.8,29.75,571.73,37094.21,1.35,0.03
United Kingdom,GBR,Europe,Northern Europe,High income,2014,64865914.0,2369.7,36533.0,438.81,6.76,115.43,166.51,144.49,4.22,46.74,30.52,530.83,34774.93,1.24,0.03
United Kingdom,GBR,Europe,Northern Europe,High income,2015,65382107.0,2426.4,37112.0,422.46,6.46,91.55,170.77,147.9,4.39,46.3,30.52,518.77,34863.78,1.19,0.03
United Kingdom,GBR,Europe,Northern Europe,High income,2016,65893359.0,2479.0,37621.0,399.43,6.06,47.82,173.93,165.74,4.55,45.94,30.21,494.14,34099.37,1.13,0.03
United Kingdom,GBR,Europe,Northern Europe,High income,2017,66354473.0,2539.5,38272.0,387.37,5.84,39.13,174.85,161.7,4.41,46.57,30.52,477.85,33924.51,1.08,0.04
United Kingdom,GBR,Europe,Northern Europe,High income,2018,66752473.0,2582.8,38693.0,379.73,5.69,33.28,173.09,161.49,4.36,46.4,30.15,475.27,33653.05,1.03,0.04
United Kingdom,GBR,Europe,Northern Europe,High income,2019,67110958.0,2624.3,39104.0,364.75,5.44,24.51,169.0,159.32,4.45,45.69,30.28,453.99,32677.0,0.98,0.04
United Kingdom,GBR,Europe,Northern Europe,High income,2020,67351860.0,2334.8,34666.0,326.26,4.84,22.81,143.98,149.42,3.9,44.53,28.93,411.77,29440.06,0.93,0.04
United Kingdom,GBR,Europe,Northern Europe,High income,2021,67668788.0,2512.2,37125.0,342.37,5.06,23.76,149.63,158.5,4.22,44.92,29.73,425.77,29422.24,0.93,0.04
United Kingdom,GBR,Europe,Northern Europe,High income,2022,68179315.0,2615.2,38358.0,311.12,4.56,19.98,146.33,135.05,4.04,44.67,28.92,392.13,29480.26,0.83,0.04
United States,USA,America,Northern America,High income,2013,320110752.0,16122.5,50365.0,5473.44,17.1,1684.67,2178.42,1381.18,36.37,748.07,254.24,6488.66,80374.15,15.52,0.22
United States,USA,America,Northern America,High income,2014,323115377.0,16491.3,51038.0,5531.38,17.12,1682.16,2210.57,1411.36,39.44,763.22,252.47,6610.77,80453.97,15.6,0.22
United States,USA,America,Northern America,High income,2015,326126496.0,16937.6,51936.0,5368.5,16.46,1446.99,2235.99,1444.05,39.91,754.89,249.66,6408.29,78949.2,15.16,0.23
United States,USA,America,Northern America,High income,2016,329179423.0,17220.1,52312.0,5245.36,15.94,1319.99,2252.27,1451.15,39.44,733.37,251.18,6308.62,78155.1,14.82,0.23
United States,USA,America,Northern America,High income,2017,332204657.0,17606.1,52998.0,5195.42,15.64,1277.05,2259.16,1425.0,40.32,749.26,247.07,6319.22,77729.66,14.44,0.23
United States,USA,America,Northern America,High income,2018,335056492.0,18124.7,54094.0,5361.24,16.0,1224.38,2305.44,1577.72,38.97,777.6,249.2,6466.74,79893.95,14.6,0.23
United States,USA,America,Northern America,High income,2019,337790069.0,18540.6,54888.0,5235.91,15.5,1043.9,2299.82,1632.06,40.9,799.06,244.48,6360.79,78683.47,14.12,0.24
United States,USA,America,Northern America,High income,2020,339436156.0,18027.4,53110.0,4689.95,13.82,853.92,1991.58,1612.5,40.69,761.17,241.33,5758.46,72562.67,13.34,0.24
United States,USA,America,Northern America,High income,2021,340161438.0,19099.4,56148.0,5020.11,14.76,979.5,2182.6,1617.42,41.31,789.44,244.91,6131.13,76307.38,13.62,0.24
United States,USA,America,Northern America,High income,2022,341534041.0,19493.2,57075.0,5055.4,14.8,916.34,2198.94,1707.39,41.88,801.91,241.44,6201.5,77627.72,13.47,0.24
Uruguay,URY,America,South America,Upper-middle,2013,3345335.0,62.2,18598.0,7.49,2.24,0.01,7.05,0.1,0.34,23.37,7.59,53.04,14380.91,0.02,0.0
Uruguay,URY,America,South America,Upper-middle,2014,3356343.0,64.2,19138.0,6.68,1.99,0.0,6.26,0.09,0.33,24.72,7.55,52.56,13823.32,0.02,0.0
Uruguay,URY,America,South America,Upper-middle,2015,3368022.0,64.5,19142.0,6.74,2.0,0.0,6.28,0.1,0.36,25.45,7.24,45.62,14522.44,0.02,0.0
Uruguay,URY,America,South America,Upper-middle,2016,3379279.0,65.6,19401.0,6.52,1.93,0.0,6.12,0.11,0.3,25.85,7.45,44.2,14546.09,0.02,0.0
Uruguay,URY,America,South America,Upper-middle,2017,3388444.0,66.6,19663.0,6.15,1.82,0.0,5.7,0.12,0.32,25.54,7.37,43.52,13547.44,0.02,0.0
Uruguay,URY,America,South America,Upper-middle,2018,3394538.0,66.9,19722.0,6.57,1.94,0.0,6.13,0.11,0.32,24.93,7.12,42.12,13806.08,0.02,0.0
Uruguay,URY,America,South America,Upper-middle,2019,3397206.0,67.2,19775.0,6.41,1.89,0.0,5.95,0.16,0.29,24.84,7.34,41.74,14435.28,0.02,0.0
Uruguay,URY,America,South America,Upper-middle,2020,3398966.0,63.1,18556.0,6.48,1.91,0.0,6.02,0.12,0.33,24.66,7.23,38.55,13378.59,0.02,0.0
Uruguay,URY,America,South America,Upper-middle,2021,3396693.0,65.8,19386.0,7.83,2.31,0.0,7.33,0.14,0.36,25.74,7.69,42.04,14784.18,0.02,0.0
Uruguay,URY,America,South America,Upper-middle,2022,3390913.0,69.1,20368.0,7.5,2.21,0.01,6.99,0.15,0.36,25.16,7.43,40.2,14808.73,0.02,0.0
Uzbekistan,UZB,Asia,Central Asia,Lower-middle,2013,29724065.0,239.1,8044.0,112.4,3.78,8.02,10.28,88.32,2.97,47.43,11.57,171.62,18355.06,0.32,0.0
Uzbekistan,UZB,Asia,Central Asia,Lower-middle,2014,30222994.0,255.5,8455.0,107.5,3.56,7.43,10.09,84.42,3.11,46.59,11.98,167.21,18733.04,0.3,0.0
Uzbekistan,UZB,Asia,Central Asia,Lower-middle,2015,30749349.0,274.0,8910.0,103.37,3.36,6.0,10.23,81.95,3.1,46.76,12.27,163.16,17566.38,0.29,0.0
Uzbekistan,UZB,Asia,Central Asia,Lower-middle,2016,31284565.0,290.2,9277.0,109.84,3.51,7.1,10.72,86.99,3.17,48.2,13.09,171.76,16645.01,0.31,0.0
Uzbekistan,UZB,Asia,Central Asia,Lower-middle,2017,31819172.0,303.0,9522.0,108.88,3.42,6.69,11.12,85.86,3.61,49.64,13.26,172.39,16900.0,0.3,0.0
Uzbekistan,UZB,Asia,Central Asia,Lower-middle,2018,32373489.0,320.8,9910.0,102.33,3.16,9.67,11.69,75.68,3.82,51.68,13.42,167.96,16649.68,0.28,0.0
Uzbekistan,UZB,Asia,Central Asia,Lower-middle,2019,32964700.0,340.0,10314.0,107.95,3.28,8.29,11.32,83.15,4.01,52.69,14.45,175.85,16483.43,0.29,0.0
Uzbekistan,UZB,Asia,Central Asia,Lower-middle,2020,33586373.0,346.8,10325.0,108.14,3.22,11.52,12.49,79.24,3.85,51.33,14.67,174.86,16072.52,0.31,0.0
Uzbekistan,UZB,Asia,Central Asia,Lower-middle,2021,34243696.0,372.5,10877.0,123.16,3.6,10.24,11.13,96.43,4.48,52.65,16.0,192.34,16818.21,0.33,0.0
Uzbekistan,UZB,Asia,Central Asia,Lower-middle,2022,34938953.0,393.6,11265.0,119.1,3.41,11.9,11.51,91.47,3.4,52.96,15.26,187.85,16958.78,0.32,0.0
Vanuatu,VUT,Oceania,Melanesia,Unknown,2013,254495.0,,,0.11,0.43,0.0,0.11,0.0,0.0,0.44,0.13,0.57,2464.3,0.0,0.0
Vanuatu,VUT,Oceania,Melanesia,Unknown,2014,260247.0,,,0.16,0.6,0.0,0.16,0.0,0.0,0.45,0.13,0.46,2750.51,0.0,0.0
Vanuatu,VUT,Oceania,Melanesia,Unknown,2015,266115.0,,,0.13,0.5,0.0,0.13,0.0,0.0,0.41,0.12,0.31,2523.69,0.0,0.0
Vanuatu,VUT,Oceania,Melanesia,Unknown,2016,272097.0,,,0.15,0.55,0.0,0.15,0.0,0.0,0.34,0.1,0.16,2495.04,0.0,0.0
Vanuatu,VUT,Oceania,Melanesia,Unknown,2017,278518.0,,,0.14,0.5,0.0,0.14,0.0,0.0,0.32,0.08,0.91,2717.12,0.0,0.0
Vanuatu,VUT,Oceania,Melanesia,Unknown,2018,285273.0,,,0.18,0.62,0.0,0.18,0.0,0.0,0.32,0.09,0.54,3390.24,0.0,0.0
Vanuatu,VUT,Oceania,Melanesia,Unknown,2019,291995.0,,,0.16,0.56,0.0,0.16,0.0,0.0,0.32,0.09,0.28,3189.94,0.0,0.0
Vanuatu,VUT,Oceania,Melanesia,Unknown,2020,298867.0,,,0.2,0.69,0.0,0.2,0.0,0.0,0.32,0.09,0.24,3630.97,0.0,0.0
Vanuatu,VUT,Oceania,Melanesia,Unknown,2021,305882.0,,,0.22,0.71,0.0,0.22,0.0,0.0,0.33,0.09,0.23,3738.69,0.0,0.0
Vanuatu,VUT,Oceania,Melanesia,Unknown,2022,313061.0,,,0.19,0.6,0.0,0.19,0.0,0.0,0.33,0.09,0.35,3666.61,0.0,0.0
Vatican,VAT,Europe,Southern Europe,Unknown,2013,598.0,,,0.0,0.0,0.0,0.0,0.0,0.0,0.0,0.0,0.0,,0.0,0.0
Vatican,VAT,Europe,Southern Europe,Unknown,2014,587.0,,,0.0,0.0,0.0,0.0,0.0,0.0,0.0,0.0,0.0,,0.0,0.0
Vatican,VAT,Europe,Southern Europe,Unknown,2015,579.0,,,0.0,0.0,0.0,0.0,0.0,0.0,0.0,0.0,0.0,,0.0,0.0
Vatican,VAT,Europe,Southern Europe,Unknown,2016,571.0,,,0.0,0.0,0.0,0.0,0.0,0.0,0.0,0.0,0.0,,0.0,0.0
Vatican,VAT,Europe,Southern Europe,Unknown,2017,563.0,,,0.0,0.0,0.0,0.0,0.0,0.0,0.0,0.0,0.0,,0.0,0.0
Vatican,VAT,Europe,Southern Europe,Unknown,2018,552.0,,,0.0,0.0,0.0,0.0,0.0,0.0,0.0,0.0,0.0,,0.0,0.0
Vatican,VAT,Europe,Southern Europe,Unknown,2019,543.0,,,0.0,0.0,0.0,0.0,0.0,0.0,0.0,0.0,0.0,,0.0,0.0
Vatican,VAT,Europe,Southern Europe,Unknown,2020,536.0,,,0.0,0.0,0.0,0.0,0.0,0.0,0.0,0.0,0.0,,0.0,0.0
Vatican,VAT,Europe,Southern Europe,Unknown,2021,527.0,,,0.0,0.0,0.0,0.0,0.0,0.0,0.0,0.0,0.0,,0.0,0.0
Vatican,VAT,Europe,Southern Europe,Unknown,2022,513.0,,,0.0,0.0,0.0,0.0,0.0,0.0,0.0,0.0,0.0,,0.0,0.0
Venezuela,VEN,America,South America,Upper-middle,2013,29912195.0,538.1,17989.0,198.45,6.63,0.8,128.26,48.51,3.49,72.7,13.5,317.23,34668.45,0.56,0.01
Venezuela,VEN,America,South America,Upper-middle,2014,30254080.0,517.1,17093.0,175.99,5.82,0.75,106.72,46.65,3.16,71.82,13.43,290.56,33490.96,0.5,0.01
Venezuela,VEN,America,South America,Upper-middle,2015,30573968.0,485.0,15862.0,166.33,5.44,0.7,98.38,46.43,3.27,69.73,12.95,277.49,31703.46,0.47,0.01
Venezuela,VEN,America,South America,Upper-middle,2016,30765719.0,402.3,13077.0,152.73,4.96,0.58,83.66,48.76,2.31,66.22,12.71,256.73,28931.04,0.43,0.01
Venezuela,VEN,America,South America,Lower-middle,2017,30565331.0,339.3,11100.0,139.09,4.55,0.49,75.47,47.83,2.15,62.05,12.07,237.57,28560.93,0.39,0.01
Venezuela,VEN,America,South America,Lower-middle,2018,29807591.0,272.6,9145.0,111.24,3.73,0.39,52.75,41.7,0.8,56.67,11.72,200.66,24419.03,0.3,0.01
Venezuela,VEN,America,South America,Lower-middle,2019,28938096.0,197.2,6814.0,105.43,3.64,0.29,52.14,34.48,0.6,51.72,11.65,189.18,22702.53,0.28,0.01
Venezuela,VEN,America,South America,Lower-middle,2020,28444080.0,138.0,4853.0,80.9,2.84,0.2,38.28,25.71,0.56,48.16,11.69,160.67,18557.82,0.23,0.01
Venezuela,VEN,America,South America,Lower-middle,2021,28237830.0,138.7,4910.0,94.9,3.36,0.2,40.37,37.94,1.0,46.44,10.69,170.81,21392.79,0.26,0.01
Venezuela,VEN,America,South America,Lower-middle,2022,28213015.0,149.7,5305.0,108.42,3.84,0.22,51.74,39.24,1.03,48.3,11.39,186.93,22898.9,0.29,0.01
Vietnam,VNM,Asia,South-eastern Asia,Lower-middle,2013,90573103.0,488.2,5390.0,151.46,1.67,56.56,43.91,18.72,30.32,95.2,23.93,370.44,7244.14,0.43,0.0
Vietnam,VNM,Asia,South-eastern Asia,Lower-middle,2014,91679582.0,519.5,5667.0,180.05,1.96,78.15,47.7,19.6,32.69,95.63,22.57,580.11,7894.68,0.51,0.0
Vietnam,VNM,Asia,South-eastern Asia,Lower-middle,2015,92823254.0,555.8,5988.0,213.39,2.3,97.9,58.91,20.46,34.3,92.97,26.07,520.55,8731.43,0.6,0.0
Vietnam,VNM,Asia,South-eastern Asia,Lower-middle,2016,94000115.0,593.0,6309.0,221.03,2.35,106.9,55.37,20.37,36.82,91.86,25.94,483.0,9326.3,0.62,0.0
Vietnam,VNM,Asia,South-eastern Asia,Lower-middle,2017,95176978.0,634.2,6663.0,227.69,2.39,108.3,57.05,17.88,42.74,91.56,25.82,465.24,9981.67,0.63,0.01
Vietnam,VNM,Asia,South-eastern Asia,Lower-middle,2018,96237319.0,681.5,7081.0,255.47,2.66,122.27,63.63,18.56,49.64,93.49,27.6,516.91,11210.95,0.7,0.01
Vietnam,VNM,Asia,South-eastern Asia,Lower-middle,2019,97173778.0,731.7,7529.0,339.31,3.49,191.61,70.81,18.91,56.54,93.76,28.68,569.64,12433.12,0.92,0.01
Vietnam,VNM,Asia,South-eastern Asia,Lower-middle,2020,98079196.0,752.6,7674.0,362.6,3.7,215.96,68.39,16.93,60.07,91.83,28.79,579.99,12527.92,1.03,0.01
Vietnam,VNM,Asia,South-eastern Asia,Lower-middle,2021,98935101.0,771.9,7802.0,314.2,3.18,172.61,64.08,14.44,62.07,94.74,28.66,528.79,12365.53,0.85,0.01
Vietnam,VNM,Asia,South-eastern Asia,Lower-middle,2022,99680656.0,833.8,8365.0,322.65,3.24,177.25,72.81,15.51,55.98,94.23,29.13,539.14,12976.39,0.86,0.01
Wallis and Futuna,WLF,Oceania,Polynesia,Unknown,2013,12500.0,,,0.03,2.05,0.0,0.03,0.0,0.0,0.0,0.0,0.0,,0.0,0.0
Wallis and Futuna,WLF,Oceania,Polynesia,Unknown,2014,12328.0,,,0.03,2.08,0.0,0.03,0.0,0.0,0.0,0.0,0.0,,0.0,0.0
Wallis and Futuna,WLF,Oceania,Polynesia,Unknown,2015,12185.0,,,0.03,2.1,0.0,0.03,0.0,0.0,0.0,0.0,0.0,,0.0,0.0
Wallis and Futuna,WLF,Oceania,Polynesia,Unknown,2016,12057.0,,,0.03,2.13,0.0,0.03,0.0,0.0,0.0,0.0,0.0,,0.0,0.0
Wallis and Futuna,WLF,Oceania,Polynesia,Unknown,2017,11945.0,,,0.03,2.15,0.0,0.03,0.0,0.0,0.0,0.0,0.0,,0.0,0.0
Wallis and Futuna,WLF,Oceania,Polynesia,Unknown,2018,11827.0,,,0.03,2.17,0.0,0.03,0.0,0.0,0.0,0.0,0.0,,0.0,0.0
Wallis and Futuna,WLF,Oceania,Polynesia,Unknown,2019,11711.0,,,0.03,2.19,0.0,0.03,0.0,0.0,0.0,0.0,0.0,,0.0,0.0
Wallis and Futuna,WLF,Oceania,Polynesia,Unknown,2020,11640.0,,,0.03,2.52,0.0,0.03,0.0,0.0,0.0,0.0,0.0,,0.0,0.0
Wallis and Futuna,WLF,Oceania,Polynesia,Unknown,2021,11590.0,,,0.03,2.53,0.0,0.03,0.0,0.0,0.0,0.0,0.0,,0.0,0.0
Wallis and Futuna,WLF,Oceania,Polynesia,Unknown,2022,11501.0,,,0.03,2.55,0.0,0.03,0.0,0.0,0.0,0.0,0.0,,0.0,0.0
Yemen,YEM,Asia,Western Asia,Lower-middle,2013,29312955.0,104.8,3575.0,27.28,0.93,0.44,21.32,2.01,1.33,18.21,4.81,50.07,3495.78,0.08,0.0
Yemen,YEM,Asia,Western Asia,Lower-middle,2014,30226311.0,104.6,3460.0,26.59,0.88,0.44,20.75,1.85,1.29,17.15,4.83,48.27,3208.76,0.08,0.0
Yemen,YEM,Asia,Western Asia,Low income,2015,31159378.0,75.3,2417.0,14.12,0.45,0.32,9.64,1.89,1.02,11.11,4.44,29.06,1674.84,0.04,0.0
Yemen,YEM,Asia,Western Asia,Low income,2016,32109023.0,68.2,2125.0,10.04,0.31,0.29,7.57,0.99,0.56,10.18,4.45,24.96,1297.83,0.03,0.0
Yemen,YEM,Asia,Western Asia,Low income,2017,33090923.0,64.8,1958.0,9.21,0.28,0.27,7.36,0.04,0.78,11.7,4.43,25.5,1624.45,0.03,0.0
Yemen,YEM,Asia,Western Asia,Low income,2018,34085181.0,65.3,1915.0,11.5,0.34,0.27,9.5,0.04,0.76,12.6,4.29,28.34,1845.47,0.03,0.0
Yemen,YEM,Asia,Western Asia,Low income,2019,35111416.0,66.2,1885.0,11.79,0.34,0.28,9.36,0.04,0.77,13.31,4.69,29.65,1910.99,0.03,0.0
Yemen,YEM,Asia,Western Asia,Low income,2020,36134867.0,60.6,1676.0,10.76,0.3,0.25,8.14,0.04,0.69,13.07,4.76,28.38,1708.18,0.03,0.0
Yemen,YEM,Asia,Western Asia,Low income,2021,37140234.0,60.0,1614.0,10.61,0.29,0.25,7.82,0.04,0.73,13.04,4.88,28.33,1630.45,0.03,0.0
Yemen,YEM,Asia,Western Asia,Low income,2022,38222878.0,60.9,1592.0,10.4,0.27,0.26,7.95,0.04,0.79,12.7,4.92,27.89,1655.03,0.03,0.0
Zambia,ZMB,Africa,Eastern Africa,Lower-middle,2013,15399000.0,53.3,3461.0,4.43,0.29,0.47,3.26,0.0,0.7,18.29,13.04,102.84,1627.47,0.01,0.0
Zambia,ZMB,Africa,Eastern Africa,Lower-middle,2014,15895320.0,55.8,3510.0,5.28,0.33,0.89,3.66,0.0,0.74,18.08,12.68,99.29,1736.25,0.02,0.0
Zambia,ZMB,Africa,Eastern Africa,Lower-middle,2015,16399092.0,57.4,3502.0,5.52,0.34,0.95,3.88,0.0,0.7,18.32,13.03,98.02,1732.0,0.02,0.0
Zambia,ZMB,Africa,Eastern Africa,Lower-middle,2016,16914428.0,59.6,3523.0,5.98,0.35,0.97,4.24,0.0,0.78,18.19,13.07,102.38,1727.78,0.02,0.0
Zambia,ZMB,Africa,Eastern Africa,Lower-middle,2017,17441328.0,61.7,3536.0,7.46,0.43,2.51,4.09,0.0,0.86,17.54,12.56,103.85,1958.43,0.02,0.0
Zambia,ZMB,Africa,Eastern Africa,Lower-middle,2018,17973574.0,64.2,3570.0,8.66,0.48,3.98,3.61,0.0,1.07,17.89,12.55,100.26,2070.47,0.02,0.0
Zambia,ZMB,Africa,Eastern Africa,Lower-middle,2019,18513839.0,65.1,3516.0,8.85,0.48,3.44,4.44,0.0,0.96,18.63,13.09,97.9,1962.27,0.02,0.0
Zambia,ZMB,Africa,Eastern Africa,Lower-middle,2020,19059394.0,63.3,3320.0,9.99,0.52,4.42,4.48,0.0,1.08,18.21,12.79,96.08,2019.73,0.03,0.0
Zambia,ZMB,Africa,Eastern Africa,Lower-middle,2021,19603610.0,66.2,3377.0,9.35,0.48,3.51,4.78,0.0,1.06,18.62,12.72,94.4,2106.33,0.02,0.0
Zambia,ZMB,Africa,Eastern Africa,Lower-middle,2022,20152935.0,68.5,3398.0,10.94,0.54,5.08,4.98,0.0,0.88,20.42,13.84,98.47,1986.8,0.03,0.0
Zimbabwe,ZWE,Africa,Eastern Africa,Low income,2013,14013811.0,23.3,1660.0,11.67,0.83,7.1,4.1,0.0,0.46,12.11,5.68,27.66,3313.16,0.03,0.0
Zimbabwe,ZWE,Africa,Eastern Africa,Low income,2014,14207367.0,23.8,1677.0,11.95,0.84,7.73,3.72,0.0,0.5,11.43,5.05,25.44,3144.67,0.03,0.0
Zimbabwe,ZWE,Africa,Eastern Africa,Low income,2015,14399008.0,24.2,1684.0,12.02,0.84,7.68,3.76,0.0,0.58,12.13,5.53,31.41,3187.19,0.03,0.0
Zimbabwe,ZWE,Africa,Eastern Africa,Low income,2016,14600297.0,24.4,1669.0,10.59,0.72,6.72,3.4,0.0,0.46,11.14,5.02,26.04,2865.78,0.03,0.0
Zimbabwe,ZWE,Africa,Eastern Africa,Low income,2017,14812484.0,25.6,1727.0,9.83,0.66,6.0,3.36,0.0,0.47,11.55,5.18,30.9,2598.59,0.03,0.0
Zimbabwe,ZWE,Africa,Eastern Africa,Low income,2018,15034457.0,26.8,1782.0,11.21,0.75,6.49,4.16,0.0,0.56,11.83,5.21,27.25,2852.9,0.03,0.0
Zimbabwe,ZWE,Africa,Eastern Africa,Low income,2019,15271377.0,25.1,1647.0,10.27,0.67,6.01,3.78,0.0,0.47,11.64,5.1,30.67,2556.0,0.03,0.0
Zimbabwe,ZWE,Africa,Eastern Africa,Low income,2020,15526887.0,23.2,1493.0,8.49,0.55,4.93,3.06,0.0,0.5,11.31,4.59,24.15,2136.03,0.02,0.0
Zimbabwe,ZWE,Africa,Eastern Africa,Low income,2021,15797220.0,25.1,1591.0,10.22,0.65,5.94,3.74,0.0,0.54,11.84,4.86,27.91,2334.02,0.03,0.0
Zimbabwe,ZWE,Africa,Eastern Africa,Low income,2022,16069061.0,25.9,1612.0,12.23,0.76,7.16,4.68,0.0,0.39,12.64,5.2,29.92,3578.94,0.03,0.0
